task_name,timestamp,project_name,run_id,duration,emissions,emissions_rate,cpu_power,gpu_power,ram_power,cpu_energy,gpu_energy,ram_energy,energy_consumed,water_consumed,country_name,country_iso_code,region,cloud_provider,cloud_region,os,python_version,codecarbon_version,cpu_count,cpu_model,gpu_count,gpu_model,longitude,latitude,ram_total_size,tracking_mode,on_cloud
Step #1,2026-02-21T20:08:28,energy-efficiency,ce5fb188-f196-4200-9990-282cc7621ef5,0.34785438142716885,1.8695722661121916e-07,5.371126582585137e-07,360.0,121.28093395915941,10.0,3.4794259443879126e-05,1.1722231601396516e-05,9.664576216083434e-07,4.7482948666883985e-05,0.0,Canada,CAN,quebec,,,Linux-5.15.0-144-generic-x86_64-with-glibc2.35,3.14.2,3.1.0,4,AMD EPYC 9474F 48-Core Processor,1,1 x NVIDIA RTX 5000 Ada Generation,,,4,machine,N
Step #2,2026-02-21T20:08:28,energy-efficiency,ce5fb188-f196-4200-9990-282cc7621ef5,0.2791174789890647,1.694938748137485e-07,6.071704864657309e-07,360.0,186.1504533686445,10.0,2.786476714536547e-05,1.4408900419482507e-05,7.739808358665968e-07,4.304764840071457e-05,0.0,Canada,CAN,quebec,,,Linux-5.15.0-144-generic-x86_64-with-glibc2.35,3.14.2,3.1.0,4,AMD EPYC 9474F 48-Core Processor,1,1 x NVIDIA RTX 5000 Ada Generation,,,4,machine,N
Step #3,2026-02-21T20:08:28,energy-efficiency,ce5fb188-f196-4200-9990-282cc7621ef5,0.2776708258315921,1.636984094234753e-07,5.895059340159169e-07,360.0,169.0779356724257,10.0,2.7764262538403263e-05,1.3040288205701245e-05,7.711792364716529e-07,4.157572998057617e-05,0.0,Canada,CAN,quebec,,,Linux-5.15.0-144-generic-x86_64-with-glibc2.35,3.14.2,3.1.0,4,AMD EPYC 9474F 48-Core Processor,1,1 x NVIDIA RTX 5000 Ada Generation,,,4,machine,N
Step #4,2026-02-21T20:08:28,energy-efficiency,ce5fb188-f196-4200-9990-282cc7621ef5,0.2780112810432911,1.6465509063786994e-07,5.922633599154859e-07,360.0,171.45078966649675,10.0,2.7804175205528735e-05,1.3242232817844979e-05,7.722975608582297e-07,4.1818705584231936e-05,0.0,Canada,CAN,quebec,,,Linux-5.15.0-144-generic-x86_64-with-glibc2.35,3.14.2,3.1.0,4,AMD EPYC 9474F 48-Core Processor,1,1 x NVIDIA RTX 5000 Ada Generation,,,4,machine,N
Step #5,2026-02-21T20:08:29,energy-efficiency,ce5fb188-f196-4200-9990-282cc7621ef5,0.2773300614207983,1.7055601834494847e-07,6.148610480821663e-07,360.0,192.2514553872027,10.0,2.7735084109008323e-05,1.481195629438048e-05,7.703686676298577e-07,4.331740907101864e-05,0.0,Canada,CAN,quebec,,,Linux-5.15.0-144-generic-x86_64-with-glibc2.35,3.14.2,3.1.0,4,AMD EPYC 9474F 48-Core Processor,1,1 x NVIDIA RTX 5000 Ada Generation,,,4,machine,N
Step #6,2026-02-21T20:08:29,energy-efficiency,ce5fb188-f196-4200-9990-282cc7621ef5,0.2781824739649892,1.510931800434232e-07,5.43107549189437e-07,360.0,126.64164875417657,10.0,2.781609939411282e-05,9.785563385378282e-06,7.72621231671009e-07,3.8374284011162145e-05,0.0,Canada,CAN,quebec,,,Linux-5.15.0-144-generic-x86_64-with-glibc2.35,3.14.2,3.1.0,4,AMD EPYC 9474F 48-Core Processor,1,1 x NVIDIA RTX 5000 Ada Generation,,,4,machine,N
Step #7,2026-02-21T20:08:29,energy-efficiency,ce5fb188-f196-4200-9990-282cc7621ef5,0.2561203530058265,1.5623761627090206e-07,6.103903109448154e-07,360.0,201.5626128151201,10.0,2.4992563482373955e-05,1.3994177859188994e-05,6.941142621346648e-07,3.968085560369759e-05,0.0,Canada,CAN,quebec,,,Linux-5.15.0-144-generic-x86_64-with-glibc2.35,3.14.2,3.1.0,4,AMD EPYC 9474F 48-Core Processor,1,1 x NVIDIA RTX 5000 Ada Generation,,,4,machine,N
Step #8,2026-02-21T20:08:30,energy-efficiency,ce5fb188-f196-4200-9990-282cc7621ef5,0.2670954177156091,1.5750928716154093e-07,5.896907490219645e-07,360.0,173.18805835089415,10.0,2.6512409560382373e-05,1.2755010203591155e-05,7.364117669769457e-07,4.0003831530950476e-05,0.0,Canada,CAN,quebec,,,Linux-5.15.0-144-generic-x86_64-with-glibc2.35,3.14.2,3.1.0,4,AMD EPYC 9474F 48-Core Processor,1,1 x NVIDIA RTX 5000 Ada Generation,,,4,machine,N
Step #9,2026-02-21T20:08:30,energy-efficiency,ce5fb188-f196-4200-9990-282cc7621ef5,0.2705211918801069,1.503550208700269e-07,5.558251012006579e-07,360.0,137.9702383445016,10.0,2.706287736073138e-05,1.037223051980618e-05,7.517002315984834e-07,3.818680811213602e-05,0.0,Canada,CAN,quebec,,,Linux-5.15.0-144-generic-x86_64-with-glibc2.35,3.14.2,3.1.0,4,AMD EPYC 9474F 48-Core Processor,1,1 x NVIDIA RTX 5000 Ada Generation,,,4,machine,N
Step #10,2026-02-21T20:08:30,energy-efficiency,ce5fb188-f196-4200-9990-282cc7621ef5,0.2778931399807334,1.675223146723946e-07,6.027923169918043e-07,360.0,181.27151952549852,10.0,2.778433486819268e-05,1.399084452557986e-05,7.717368839722539e-07,4.254691627774478e-05,0.0,Canada,CAN,quebec,,,Linux-5.15.0-144-generic-x86_64-with-glibc2.35,3.14.2,3.1.0,4,AMD EPYC 9474F 48-Core Processor,1,1 x NVIDIA RTX 5000 Ada Generation,,,4,machine,N
Step #11,2026-02-21T20:08:30,energy-efficiency,ce5fb188-f196-4200-9990-282cc7621ef5,0.2776276655495167,1.6666177474475823e-07,6.00498352155436e-07,360.0,179.29379376662055,10.0,2.7741146180778763e-05,1.3816677721933956e-05,7.705345051363111e-07,4.232835840784903e-05,0.0,Canada,CAN,quebec,,,Linux-5.15.0-144-generic-x86_64-with-glibc2.35,3.14.2,3.1.0,4,AMD EPYC 9474F 48-Core Processor,1,1 x NVIDIA RTX 5000 Ada Generation,,,4,machine,N
Step #12,2026-02-21T20:08:31,energy-efficiency,ce5fb188-f196-4200-9990-282cc7621ef5,0.2786955125629902,1.6820226212637973e-07,6.036435876990799e-07,360.0,182.21630566967914,10.0,2.784938579425216e-05,1.4096677944053226e-05,7.73543965381881e-07,4.271960770368727e-05,0.0,Canada,CAN,quebec,,,Linux-5.15.0-144-generic-x86_64-with-glibc2.35,3.14.2,3.1.0,4,AMD EPYC 9474F 48-Core Processor,1,1 x NVIDIA RTX 5000 Ada Generation,,,4,machine,N
Step #13,2026-02-21T20:08:31,energy-efficiency,ce5fb188-f196-4200-9990-282cc7621ef5,0.2766173994168639,1.689056349422747e-07,6.106228154116384e-07,360.0,188.4758264891243,10.0,2.765238787978886e-05,1.4477789356703852e-05,7.680714104531547e-07,4.2898248646945896e-05,0.0,Canada,CAN,quebec,,,Linux-5.15.0-144-generic-x86_64-with-glibc2.35,3.14.2,3.1.0,4,AMD EPYC 9474F 48-Core Processor,1,1 x NVIDIA RTX 5000 Ada Generation,,,4,machine,N
Step #14,2026-02-21T20:08:31,energy-efficiency,ce5fb188-f196-4200-9990-282cc7621ef5,0.2771741785109043,1.5488852443202944e-07,5.588905185074771e-07,360.0,141.10160606197155,10.0,2.7708035614341486e-05,1.0860564245263049e-05,7.696166298248706e-07,3.9338216489429446e-05,0.0,Canada,CAN,quebec,,,Linux-5.15.0-144-generic-x86_64-with-glibc2.35,3.14.2,3.1.0,4,AMD EPYC 9474F 48-Core Processor,1,1 x NVIDIA RTX 5000 Ada Generation,,,4,machine,N
Step #15,2026-02-21T20:08:32,energy-efficiency,ce5fb188-f196-4200-9990-282cc7621ef5,0.277887019328773,1.66841321764153e-07,6.003782755518268e-07,360.0,179.07640153298945,10.0,2.7781997807323905e-05,1.3820288835120209e-05,7.716726873897845e-07,4.237395932983395e-05,0.0,Canada,CAN,quebec,,,Linux-5.15.0-144-generic-x86_64-with-glibc2.35,3.14.2,3.1.0,4,AMD EPYC 9474F 48-Core Processor,1,1 x NVIDIA RTX 5000 Ada Generation,,,4,machine,N
Step #16,2026-02-21T20:08:32,energy-efficiency,ce5fb188-f196-4200-9990-282cc7621ef5,0.27742012217640877,1.6529657640749378e-07,5.957563981215715e-07,360.0,174.9498162160022,10.0,2.7733244094997633e-05,1.347806633944515e-05,7.70318169250257e-07,4.198162860369304e-05,0.0,Canada,CAN,quebec,,,Linux-5.15.0-144-generic-x86_64-with-glibc2.35,3.14.2,3.1.0,4,AMD EPYC 9474F 48-Core Processor,1,1 x NVIDIA RTX 5000 Ada Generation,,,4,machine,N
Step #17,2026-02-21T20:08:32,energy-efficiency,ce5fb188-f196-4200-9990-282cc7621ef5,0.27874632366001606,1.6715676898186211e-07,5.995973857184649e-07,360.0,178.46961695245196,10.0,2.786535713821648e-05,1.3814733271999557e-05,7.739854485003477e-07,4.245407585871648e-05,0.0,Canada,CAN,quebec,,,Linux-5.15.0-144-generic-x86_64-with-glibc2.35,3.14.2,3.1.0,4,AMD EPYC 9474F 48-Core Processor,1,1 x NVIDIA RTX 5000 Ada Generation,,,4,machine,N
Step #18,2026-02-21T20:08:32,energy-efficiency,ce5fb188-f196-4200-9990-282cc7621ef5,0.2770431153476238,1.687896785269786e-07,6.092374952730386e-07,360.0,187.1555223735592,10.0,2.7698867581784725e-05,1.4400567078354243e-05,7.693636541565252e-07,4.286879831429547e-05,0.0,Canada,CAN,quebec,,,Linux-5.15.0-144-generic-x86_64-with-glibc2.35,3.14.2,3.1.0,4,AMD EPYC 9474F 48-Core Processor,1,1 x NVIDIA RTX 5000 Ada Generation,,,4,machine,N
Step #19,2026-02-21T20:08:33,energy-efficiency,ce5fb188-f196-4200-9990-282cc7621ef5,0.2816339898854494,1.5592692878746527e-07,5.537047917312662e-07,360.0,137.63428240869666,10.0,2.8084358666092104e-05,1.0737508588931632e-05,7.800806857024627e-07,3.960194794072635e-05,0.0,Canada,CAN,quebec,,,Linux-5.15.0-144-generic-x86_64-with-glibc2.35,3.14.2,3.1.0,4,AMD EPYC 9474F 48-Core Processor,1,1 x NVIDIA RTX 5000 Ada Generation,,,4,machine,N
Step #20,2026-02-21T20:08:33,energy-efficiency,ce5fb188-f196-4200-9990-282cc7621ef5,0.27227869164198637,1.665074935592899e-07,6.115147528047891e-07,360.0,188.25374422768877,10.0,2.727058473974461e-05,1.4261122519343417e-05,7.574671827670609e-07,4.22891744418551e-05,0.0,Canada,CAN,quebec,,,Linux-5.15.0-144-generic-x86_64-with-glibc2.35,3.14.2,3.1.0,4,AMD EPYC 9474F 48-Core Processor,1,1 x NVIDIA RTX 5000 Ada Generation,,,4,machine,N
Step #21,2026-02-21T20:08:33,energy-efficiency,ce5fb188-f196-4200-9990-282cc7621ef5,0.2774739935994148,1.671831083572264e-07,6.024855077598819e-07,360.0,180.9659167391003,10.0,2.7743479143828124e-05,1.394667782506076e-05,7.706085013018716e-07,4.246076547019073e-05,0.0,Canada,CAN,quebec,,,Linux-5.15.0-144-generic-x86_64-with-glibc2.35,3.14.2,3.1.0,4,AMD EPYC 9474F 48-Core Processor,1,1 x NVIDIA RTX 5000 Ada Generation,,,4,machine,N
Step #22,2026-02-21T20:08:33,energy-efficiency,ce5fb188-f196-4200-9990-282cc7621ef5,0.2787478445097804,1.6889758797343527e-07,6.05894907375639e-07,360.0,184.45173501898708,10.0,2.785175498574977e-05,1.427084474769913e-05,7.736051636230612e-07,4.2896204897071915e-05,0.0,Canada,CAN,quebec,,,Linux-5.15.0-144-generic-x86_64-with-glibc2.35,3.14.2,3.1.0,4,AMD EPYC 9474F 48-Core Processor,1,1 x NVIDIA RTX 5000 Ada Generation,,,4,machine,N
Step #23,2026-02-21T20:08:34,energy-efficiency,ce5fb188-f196-4200-9990-282cc7621ef5,0.2768899239599705,1.699249501122932e-07,6.137177683026647e-07,360.0,191.43461219542496,10.0,2.7672656066715672e-05,1.471584510781554e-05,7.686306981162882e-07,4.315713187264751e-05,0.0,Canada,CAN,quebec,,,Linux-5.15.0-144-generic-x86_64-with-glibc2.35,3.14.2,3.1.0,4,AMD EPYC 9474F 48-Core Processor,1,1 x NVIDIA RTX 5000 Ada Generation,,,4,machine,N
Step #24,2026-02-21T20:08:34,energy-efficiency,ce5fb188-f196-4200-9990-282cc7621ef5,0.2768601346760988,1.5486946295208787e-07,5.593836611093658e-07,360.0,141.46977636778996,10.0,2.7684675343334682e-05,1.0879730922397357e-05,7.689690346726101e-07,3.93333753004047e-05,0.0,Canada,CAN,quebec,,,Linux-5.15.0-144-generic-x86_64-with-glibc2.35,3.14.2,3.1.0,4,AMD EPYC 9474F 48-Core Processor,1,1 x NVIDIA RTX 5000 Ada Generation,,,4,machine,N
Step #25,2026-02-21T20:08:34,energy-efficiency,ce5fb188-f196-4200-9990-282cc7621ef5,0.2777487775310874,1.6778837539338262e-07,6.04033432296978e-07,360.0,182.51101328510987,10.0,2.7766030654311153e-05,1.40772334873418e-05,7.712256008138276e-07,4.2614489742466696e-05,0.0,Canada,CAN,quebec,,,Linux-5.15.0-144-generic-x86_64-with-glibc2.35,3.14.2,3.1.0,4,AMD EPYC 9474F 48-Core Processor,1,1 x NVIDIA RTX 5000 Ada Generation,,,4,machine,N
Step #26,2026-02-21T20:08:35,energy-efficiency,ce5fb188-f196-4200-9990-282cc7621ef5,0.2776170652359724,1.6680199777443055e-07,6.00856629940081e-07,360.0,179.50845746023995,10.0,2.775363530963654e-05,1.383945551580723e-05,7.708810916584392e-07,4.236397191710226e-05,0.0,Canada,CAN,quebec,,,Linux-5.15.0-144-generic-x86_64-with-glibc2.35,3.14.2,3.1.0,4,AMD EPYC 9474F 48-Core Processor,1,1 x NVIDIA RTX 5000 Ada Generation,,,4,machine,N
Step #27,2026-02-21T20:08:35,energy-efficiency,ce5fb188-f196-4200-9990-282cc7621ef5,0.27907284814864397,1.688042534546272e-07,6.048107316565904e-07,360.0,183.298872358275,10.0,2.7894362527877063e-05,1.4203344697705234e-05,7.747927939312316e-07,4.287250001951365e-05,0.0,Canada,CAN,quebec,,,Linux-5.15.0-144-generic-x86_64-with-glibc2.35,3.14.2,3.1.0,4,AMD EPYC 9474F 48-Core Processor,1,1 x NVIDIA RTX 5000 Ada Generation,,,4,machine,N
Step #28,2026-02-21T20:08:35,energy-efficiency,ce5fb188-f196-4200-9990-282cc7621ef5,0.275984269566834,1.689022234046898e-07,6.119775261715604e-07,360.0,189.70782939312917,10.0,2.759099984541531e-05,1.4540011630259642e-05,7.663707171256332e-07,4.2897382192800485e-05,0.0,Canada,CAN,quebec,,,Linux-5.15.0-144-generic-x86_64-with-glibc2.35,3.14.2,3.1.0,4,AMD EPYC 9474F 48-Core Processor,1,1 x NVIDIA RTX 5000 Ada Generation,,,4,machine,N
Step #29,2026-02-21T20:08:35,energy-efficiency,ce5fb188-f196-4200-9990-282cc7621ef5,0.2776264660060406,1.5643188755792964e-07,5.635668410502921e-07,360.0,145.41972329377234,10.0,2.7749694325029852e-05,1.1209731187733496e-05,7.707706471491204e-07,3.9730196159912506e-05,0.0,Canada,CAN,quebec,,,Linux-5.15.0-144-generic-x86_64-with-glibc2.35,3.14.2,3.1.0,4,AMD EPYC 9474F 48-Core Processor,1,1 x NVIDIA RTX 5000 Ada Generation,,,4,machine,N
Step #30,2026-02-21T20:08:36,energy-efficiency,ce5fb188-f196-4200-9990-282cc7621ef5,0.27784911822527647,1.6728994886510062e-07,6.018347129417429e-07,360.0,180.41278745343465,10.0,2.7789075952023277e-05,1.3926955588772216e-05,7.718690257105573e-07,4.248790056650604e-05,0.0,Canada,CAN,quebec,,,Linux-5.15.0-144-generic-x86_64-with-glibc2.35,3.14.2,3.1.0,4,AMD EPYC 9474F 48-Core Processor,1,1 x NVIDIA RTX 5000 Ada Generation,,,4,machine,N
Step #31,2026-02-21T20:08:36,energy-efficiency,ce5fb188-f196-4200-9990-282cc7621ef5,0.2770510455593467,1.658370923855326e-07,5.985140311474637e-07,360.0,177.10320807160755,10.0,2.771438173949719e-05,1.3634733129208598e-05,7.697926885965784e-07,4.2118907557302156e-05,0.0,Canada,CAN,quebec,,,Linux-5.15.0-144-generic-x86_64-with-glibc2.35,3.14.2,3.1.0,4,AMD EPYC 9474F 48-Core Processor,1,1 x NVIDIA RTX 5000 Ada Generation,,,4,machine,N
Step #32,2026-02-21T20:08:36,energy-efficiency,ce5fb188-f196-4200-9990-282cc7621ef5,0.27931315265595913,1.6945247839294919e-07,6.066947731135359e-07,360.0,185.00081589271653,10.0,2.7915631886571597e-05,1.434612258677248e-05,7.753801635569982e-07,4.303713463690113e-05,0.0,Canada,CAN,quebec,,,Linux-5.15.0-144-generic-x86_64-with-glibc2.35,3.14.2,3.1.0,4,AMD EPYC 9474F 48-Core Processor,1,1 x NVIDIA RTX 5000 Ada Generation,,,4,machine,N
Step #33,2026-02-21T20:08:37,energy-efficiency,ce5fb188-f196-4200-9990-282cc7621ef5,0.27598825842142105,1.6885884909743875e-07,6.117059574068813e-07,360.0,189.31347390492536,10.0,2.7603265084326302e-05,1.451640050476044e-05,7.66700501036313e-07,4.288636609012285e-05,0.0,Canada,CAN,quebec,,,Linux-5.15.0-144-generic-x86_64-with-glibc2.35,3.14.2,3.1.0,4,AMD EPYC 9474F 48-Core Processor,1,1 x NVIDIA RTX 5000 Ada Generation,,,4,machine,N
Step #34,2026-02-21T20:08:37,energy-efficiency,ce5fb188-f196-4200-9990-282cc7621ef5,0.2774856835603714,1.555579980618471e-07,5.605530952406833e-07,360.0,142.75021458246158,10.0,2.7738334052264716e-05,1.099945324511964e-05,7.704605012097299e-07,3.9508247798593875e-05,0.0,Canada,CAN,quebec,,,Linux-5.15.0-144-generic-x86_64-with-glibc2.35,3.14.2,3.1.0,4,AMD EPYC 9474F 48-Core Processor,1,1 x NVIDIA RTX 5000 Ada Generation,,,4,machine,N
Step #35,2026-02-21T20:08:37,energy-efficiency,ce5fb188-f196-4200-9990-282cc7621ef5,0.27816453389823437,1.6720088167732225e-07,6.011608527145537e-07,360.0,180.11170371215334,10.0,2.7789505850523756e-05,1.390390001176911e-05,7.718736331702923e-07,4.246527949546301e-05,0.0,Canada,CAN,quebec,,,Linux-5.15.0-144-generic-x86_64-with-glibc2.35,3.14.2,3.1.0,4,AMD EPYC 9474F 48-Core Processor,1,1 x NVIDIA RTX 5000 Ada Generation,,,4,machine,N
Step #36,2026-02-21T20:08:37,energy-efficiency,ce5fb188-f196-4200-9990-282cc7621ef5,0.27685809321701527,1.6616772272378775e-07,6.000900084640496e-07,360.0,178.88803254728037,10.0,2.7679326198995187e-05,1.3754733224402571e-05,7.68820835380918e-07,4.220288025877871e-05,0.0,Canada,CAN,quebec,,,Linux-5.15.0-144-generic-x86_64-with-glibc2.35,3.14.2,3.1.0,4,AMD EPYC 9474F 48-Core Processor,1,1 x NVIDIA RTX 5000 Ada Generation,,,4,machine,N
Step #37,2026-02-21T20:08:38,energy-efficiency,ce5fb188-f196-4200-9990-282cc7621ef5,0.2791678896173835,1.6862715047679906e-07,6.041133739529274e-07,360.0,182.87350805112663,10.0,2.7886544540524404e-05,1.4166400220005926e-05,7.745750688223376e-07,4.282751982935258e-05,0.0,Canada,CAN,quebec,,,Linux-5.15.0-144-generic-x86_64-with-glibc2.35,3.14.2,3.1.0,4,AMD EPYC 9474F 48-Core Processor,1,1 x NVIDIA RTX 5000 Ada Generation,,,4,machine,N
Step #38,2026-02-21T20:08:38,energy-efficiency,ce5fb188-f196-4200-9990-282cc7621ef5,0.2765023782849312,1.691027807472492e-07,6.115226097599181e-07,360.0,189.3346435023283,10.0,2.7642183564603436e-05,1.4538344963455074e-05,7.677907382862452e-07,4.29483192663446e-05,0.0,Canada,CAN,quebec,,,Linux-5.15.0-144-generic-x86_64-with-glibc2.35,3.14.2,3.1.0,4,AMD EPYC 9474F 48-Core Processor,1,1 x NVIDIA RTX 5000 Ada Generation,,,4,machine,N
Step #39,2026-02-21T20:08:38,energy-efficiency,ce5fb188-f196-4200-9990-282cc7621ef5,0.2765460563823581,1.5483316046641254e-07,5.59804226944997e-07,360.0,142.07576040745397,10.0,2.7645436674356367e-05,1.0910842060951609e-05,7.678765467264596e-07,3.9324155282034496e-05,0.0,Canada,CAN,quebec,,,Linux-5.15.0-144-generic-x86_64-with-glibc2.35,3.14.2,3.1.0,4,AMD EPYC 9474F 48-Core Processor,1,1 x NVIDIA RTX 5000 Ada Generation,,,4,machine,N
Step #40,2026-02-21T20:08:39,energy-efficiency,ce5fb188-f196-4200-9990-282cc7621ef5,0.2780103012919426,1.681644464912964e-07,6.048512230518208e-07,360.0,183.2388118408093,10.0,2.7791662979870973e-05,1.4146400207692977e-05,7.719401916902895e-07,4.271000337925418e-05,0.0,Canada,CAN,quebec,,,Linux-5.15.0-144-generic-x86_64-with-glibc2.35,3.14.2,3.1.0,4,AMD EPYC 9474F 48-Core Processor,1,1 x NVIDIA RTX 5000 Ada Generation,,,4,machine,N
Step #41,2026-02-21T20:08:39,energy-efficiency,ce5fb188-f196-4200-9990-282cc7621ef5,0.2778170295059681,1.6699790413312083e-07,6.010150545944969e-07,360.0,179.61264361624234,10.0,2.778096571564681e-05,1.3861122202030174e-05,7.716398272249441e-07,4.241372774490193e-05,0.0,Canada,CAN,quebec,,,Linux-5.15.0-144-generic-x86_64-with-glibc2.35,3.14.2,3.1.0,4,AMD EPYC 9474F 48-Core Processor,1,1 x NVIDIA RTX 5000 Ada Generation,,,4,machine,N
Step #42,2026-02-21T20:08:39,energy-efficiency,ce5fb188-f196-4200-9990-282cc7621ef5,0.2785599008202553,1.680426145658211e-07,6.030328358111914e-07,360.0,181.64673782674208,10.0,2.7851556055247815e-05,1.4053900130761576e-05,7.736046125905377e-07,4.267906079859999e-05,0.0,Canada,CAN,quebec,,,Linux-5.15.0-144-generic-x86_64-with-glibc2.35,3.14.2,3.1.0,4,AMD EPYC 9474F 48-Core Processor,1,1 x NVIDIA RTX 5000 Ada Generation,,,4,machine,N
Step #43,2026-02-21T20:08:39,energy-efficiency,ce5fb188-f196-4200-9990-282cc7621ef5,0.2767603322863579,1.6966322288181216e-07,6.129633902526144e-07,360.0,190.55490852628316,10.0,2.7673381101340133e-05,1.4648622830293334e-05,7.6865508583271e-07,4.309065901746622e-05,0.0,Canada,CAN,quebec,,,Linux-5.15.0-144-generic-x86_64-with-glibc2.35,3.14.2,3.1.0,4,AMD EPYC 9474F 48-Core Processor,1,1 x NVIDIA RTX 5000 Ada Generation,,,4,machine,N
Step #44,2026-02-21T20:08:40,energy-efficiency,ce5fb188-f196-4200-9990-282cc7621ef5,0.27695341501384974,1.550177173130549e-07,5.595819506893642e-07,360.0,141.75720464792929,10.0,2.7695638407021798e-05,1.0906119840115025e-05,7.692703408085624e-07,3.9371028587945446e-05,0.0,Canada,CAN,quebec,,,Linux-5.15.0-144-generic-x86_64-with-glibc2.35,3.14.2,3.1.0,4,AMD EPYC 9474F 48-Core Processor,1,1 x NVIDIA RTX 5000 Ada Generation,,,4,machine,N
Step #45,2026-02-21T20:08:40,energy-efficiency,ce5fb188-f196-4200-9990-282cc7621ef5,0.27726260013878345,1.6697466836086257e-07,6.021133358423929e-07,360.0,180.80734472859095,10.0,2.771683977916841e-05,1.3921122246074447e-05,7.698643538686973e-07,4.240782637911157e-05,0.0,Canada,CAN,quebec,,,Linux-5.15.0-144-generic-x86_64-with-glibc2.35,3.14.2,3.1.0,4,AMD EPYC 9474F 48-Core Processor,1,1 x NVIDIA RTX 5000 Ada Generation,,,4,machine,N
Step #46,2026-02-21T20:08:40,energy-efficiency,ce5fb188-f196-4200-9990-282cc7621ef5,0.2778412587940693,1.6699410408532e-07,6.010002967178159e-07,360.0,179.59185345420343,10.0,2.7781375870108635e-05,1.3859733307697297e-05,7.71653440056577e-07,4.241276261786244e-05,0.0,Canada,CAN,quebec,,,Linux-5.15.0-144-generic-x86_64-with-glibc2.35,3.14.2,3.1.0,4,AMD EPYC 9474F 48-Core Processor,1,1 x NVIDIA RTX 5000 Ada Generation,,,4,machine,N
Step #47,2026-02-21T20:08:40,energy-efficiency,ce5fb188-f196-4200-9990-282cc7621ef5,0.27903383783996105,1.6905436778607363e-07,6.057749593369072e-07,360.0,184.2868682991008,10.0,2.788590043783178e-05,1.4275566979193854e-05,7.745560413847396e-07,4.293602345841049e-05,0.0,Canada,CAN,quebec,,,Linux-5.15.0-144-generic-x86_64-with-glibc2.35,3.14.2,3.1.0,4,AMD EPYC 9474F 48-Core Processor,1,1 x NVIDIA RTX 5000 Ada Generation,,,4,machine,N
Step #48,2026-02-21T20:08:41,energy-efficiency,ce5fb188-f196-4200-9990-282cc7621ef5,0.2765795774757862,1.6912527340342092e-07,6.115282063836474e-07,360.0,189.37282792463176,10.0,2.764395764097579e-05,1.4542233852665731e-05,7.678404036495453e-07,4.2954031897290794e-05,0.0,Canada,CAN,quebec,,,Linux-5.15.0-144-generic-x86_64-with-glibc2.35,3.14.2,3.1.0,4,AMD EPYC 9474F 48-Core Processor,1,1 x NVIDIA RTX 5000 Ada Generation,,,4,machine,N
Step #49,2026-02-21T20:08:41,energy-efficiency,ce5fb188-f196-4200-9990-282cc7621ef5,0.27665841951966286,1.550136610845937e-07,5.602092773445369e-07,360.0,142.44229479789794,10.0,2.7657877840101767e-05,1.0943897645887546e-05,7.682229107659736e-07,3.9369998396755496e-05,0.0,Canada,CAN,quebec,,,Linux-5.15.0-144-generic-x86_64-with-glibc2.35,3.14.2,3.1.0,4,AMD EPYC 9474F 48-Core Processor,1,1 x NVIDIA RTX 5000 Ada Generation,,,4,machine,N
Step #50,2026-02-21T20:08:41,energy-efficiency,ce5fb188-f196-4200-9990-282cc7621ef5,0.27813495323061943,1.6729116056785786e-07,6.015422617185617e-07,360.0,180.13847333342278,10.0,2.78031611815094e-05,1.3912788904946183e-05,7.72258225414486e-07,4.248820831187017e-05,0.0,Canada,CAN,quebec,,,Linux-5.15.0-144-generic-x86_64-with-glibc2.35,3.14.2,3.1.0,4,AMD EPYC 9474F 48-Core Processor,1,1 x NVIDIA RTX 5000 Ada Generation,,,4,machine,N
Step #51,2026-02-21T20:08:42,energy-efficiency,ce5fb188-f196-4200-9990-282cc7621ef5,0.2776400353759527,1.6660466723466318e-07,5.998424488553396e-07,360.0,178.5396092025681,10.0,2.776973173022261e-05,1.3772788797439262e-05,7.71333851541081e-07,4.231385437920322e-05,0.0,Canada,CAN,quebec,,,Linux-5.15.0-144-generic-x86_64-with-glibc2.35,3.14.2,3.1.0,4,AMD EPYC 9474F 48-Core Processor,1,1 x NVIDIA RTX 5000 Ada Generation,,,4,machine,N
Step #52,2026-02-21T20:08:42,energy-efficiency,ce5fb188-f196-4200-9990-282cc7621ef5,0.2789337346330285,1.6837465470002076e-07,6.036205016850455e-07,360.0,182.30185993041917,10.0,2.7873608283698458e-05,1.4115566848715844e-05,7.742164242598778e-07,4.276339155667415e-05,0.0,Canada,CAN,quebec,,,Linux-5.15.0-144-generic-x86_64-with-glibc2.35,3.14.2,3.1.0,4,AMD EPYC 9474F 48-Core Processor,1,1 x NVIDIA RTX 5000 Ada Generation,,,4,machine,N
Step #53,2026-02-21T20:08:42,energy-efficiency,ce5fb188-f196-4200-9990-282cc7621ef5,0.28131407406181097,1.7191116790124005e-07,6.110652552620084e-07,360.0,190.87682624770719,10.0,2.8024006634950593e-05,1.4859178556037023e-05,7.784015188614518e-07,4.366158670984907e-05,0.0,Canada,CAN,quebec,,,Linux-5.15.0-144-generic-x86_64-with-glibc2.35,3.14.2,3.1.0,4,AMD EPYC 9474F 48-Core Processor,1,1 x NVIDIA RTX 5000 Ada Generation,,,4,machine,N
Step #54,2026-02-21T20:08:42,energy-efficiency,ce5fb188-f196-4200-9990-282cc7621ef5,0.27174041140824556,1.5299888135524532e-07,5.630216457710359e-07,360.0,144.13288989950408,10.0,2.7208639681339285e-05,1.0893897599117963e-05,7.557521858770019e-07,3.885828946633384e-05,0.0,Canada,CAN,quebec,,,Linux-5.15.0-144-generic-x86_64-with-glibc2.35,3.14.2,3.1.0,4,AMD EPYC 9474F 48-Core Processor,1,1 x NVIDIA RTX 5000 Ada Generation,,,4,machine,N
Step #55,2026-02-21T20:08:43,energy-efficiency,ce5fb188-f196-4200-9990-282cc7621ef5,0.2782832868397236,1.673956031266396e-07,6.015736996608078e-07,360.0,180.19000465158493,10.0,2.7817888371646504e-05,1.392417780721189e-05,7.726682039598613e-07,4.251473438281845e-05,0.0,Canada,CAN,quebec,,,Linux-5.15.0-144-generic-x86_64-with-glibc2.35,3.14.2,3.1.0,4,AMD EPYC 9474F 48-Core Processor,1,1 x NVIDIA RTX 5000 Ada Generation,,,4,machine,N
Step #56,2026-02-21T20:08:43,energy-efficiency,ce5fb188-f196-4200-9990-282cc7621ef5,0.27706264704465866,1.6560401933869038e-07,5.977720808504081e-07,360.0,176.79410762703458,10.0,2.769111255183812e-05,1.3599455325419285e-05,7.691443457992554e-07,4.205971222305668e-05,0.0,Canada,CAN,quebec,,,Linux-5.15.0-144-generic-x86_64-with-glibc2.35,3.14.2,3.1.0,4,AMD EPYC 9474F 48-Core Processor,1,1 x NVIDIA RTX 5000 Ada Generation,,,4,machine,N
Step #57,2026-02-21T20:08:43,energy-efficiency,ce5fb188-f196-4200-9990-282cc7621ef5,0.27916961908340454,1.6888789305659472e-07,6.04896494011929e-07,360.0,183.36683600724655,10.0,2.7904761768877398e-05,1.4213900261239587e-05,7.750805751937935e-07,4.289374260531102e-05,0.0,Canada,CAN,quebec,,,Linux-5.15.0-144-generic-x86_64-with-glibc2.35,3.14.2,3.1.0,4,AMD EPYC 9474F 48-Core Processor,1,1 x NVIDIA RTX 5000 Ada Generation,,,4,machine,N
Step #58,2026-02-21T20:08:44,energy-efficiency,ce5fb188-f196-4200-9990-282cc7621ef5,0.2762790536507964,1.6889965756701498e-07,6.112776600348201e-07,360.0,189.07120063282414,10.0,2.762198625132434e-05,1.450751160447794e-05,7.672326716904823e-07,4.289673052749283e-05,0.0,Canada,CAN,quebec,,,Linux-5.15.0-144-generic-x86_64-with-glibc2.35,3.14.2,3.1.0,4,AMD EPYC 9474F 48-Core Processor,1,1 x NVIDIA RTX 5000 Ada Generation,,,4,machine,N
Step #59,2026-02-21T20:08:44,energy-efficiency,ce5fb188-f196-4200-9990-282cc7621ef5,0.27734089083969593,1.5560601490033826e-07,5.610711529140101e-07,360.0,143.09442763431986,10.0,2.7728306129574682e-05,1.1021953259415795e-05,7.701836112472741e-07,3.952044300023754e-05,0.0,Canada,CAN,quebec,,,Linux-5.15.0-144-generic-x86_64-with-glibc2.35,3.14.2,3.1.0,4,AMD EPYC 9474F 48-Core Processor,1,1 x NVIDIA RTX 5000 Ada Generation,,,4,machine,N
Step #60,2026-02-21T20:08:44,energy-efficiency,ce5fb188-f196-4200-9990-282cc7621ef5,0.2780320020392537,1.6786585559354143e-07,6.03656016585602e-07,360.0,182.13881378716923,10.0,2.7797603141516527e-05,1.4064455697848643e-05,7.721091387793454e-07,4.263416797814414e-05,0.0,Canada,CAN,quebec,,,Linux-5.15.0-144-generic-x86_64-with-glibc2.35,3.14.2,3.1.0,4,AMD EPYC 9474F 48-Core Processor,1,1 x NVIDIA RTX 5000 Ada Generation,,,4,machine,N
Step #61,2026-02-21T20:08:44,energy-efficiency,ce5fb188-f196-4200-9990-282cc7621ef5,0.2765937093645334,1.6564110767350288e-07,5.986499510503959e-07,360.0,177.49410334222804,10.0,2.7661892864853238e-05,1.3638899801549087e-05,7.68339163106349e-07,4.206913182950873e-05,0.0,Canada,CAN,quebec,,,Linux-5.15.0-144-generic-x86_64-with-glibc2.35,3.14.2,3.1.0,4,AMD EPYC 9474F 48-Core Processor,1,1 x NVIDIA RTX 5000 Ada Generation,,,4,machine,N
Step #62,2026-02-21T20:08:45,energy-efficiency,ce5fb188-f196-4200-9990-282cc7621ef5,0.2798903714865446,1.69732156236913e-07,6.063766691815038e-07,360.0,184.87574595017102,10.0,2.7967986837029463e-05,1.436334482463053e-05,7.768348842445365e-07,4.310816654590471e-05,0.0,Canada,CAN,quebec,,,Linux-5.15.0-144-generic-x86_64-with-glibc2.35,3.14.2,3.1.0,4,AMD EPYC 9474F 48-Core Processor,1,1 x NVIDIA RTX 5000 Ada Generation,,,4,machine,N
Step #63,2026-02-21T20:08:45,energy-efficiency,ce5fb188-f196-4200-9990-282cc7621ef5,0.27578885573893785,1.685855665185789e-07,6.11207299394992e-07,360.0,189.09932279285405,10.0,2.7569233532994883e-05,1.448195602904434e-05,7.657688731948519e-07,4.2816958435234163e-05,0.0,Canada,CAN,quebec,,,Linux-5.15.0-144-generic-x86_64-with-glibc2.35,3.14.2,3.1.0,4,AMD EPYC 9474F 48-Core Processor,1,1 x NVIDIA RTX 5000 Ada Generation,,,4,machine,N
Step #64,2026-02-21T20:08:45,energy-efficiency,ce5fb188-f196-4200-9990-282cc7621ef5,0.2778814397752285,1.5565032660564599e-07,5.601366813233389e-07,360.0,142.3087137461333,10.0,2.77787207625807e-05,1.0981397675635662e-05,7.715787428120798e-07,3.953169718102839e-05,0.0,Canada,CAN,quebec,,,Linux-5.15.0-144-generic-x86_64-with-glibc2.35,3.14.2,3.1.0,4,AMD EPYC 9474F 48-Core Processor,1,1 x NVIDIA RTX 5000 Ada Generation,,,4,machine,N
Step #65,2026-02-21T20:08:46,energy-efficiency,ce5fb188-f196-4200-9990-282cc7621ef5,0.27807058300822973,1.6619583201405346e-07,5.977261058430298e-07,360.0,177.07036789864634,10.0,2.7776006795465855e-05,1.3662510930601002e-05,7.71501662933989e-07,4.221001938900081e-05,0.0,Canada,CAN,quebec,,,Linux-5.15.0-144-generic-x86_64-with-glibc2.35,3.14.2,3.1.0,4,AMD EPYC 9474F 48-Core Processor,1,1 x NVIDIA RTX 5000 Ada Generation,,,4,machine,N
Step #66,2026-02-21T20:08:46,energy-efficiency,ce5fb188-f196-4200-9990-282cc7621ef5,0.2769597340375185,1.6605294870810428e-07,5.992623176978279e-07,360.0,177.94172015722617,10.0,2.7707991562783783e-05,1.3696122067585748e-05,7.696165987807811e-07,4.21737302291501e-05,0.0,Canada,CAN,quebec,,,Linux-5.15.0-144-generic-x86_64-with-glibc2.35,3.14.2,3.1.0,4,AMD EPYC 9474F 48-Core Processor,1,1 x NVIDIA RTX 5000 Ada Generation,,,4,machine,N
Step #67,2026-02-21T20:08:46,energy-efficiency,ce5fb188-f196-4200-9990-282cc7621ef5,0.2791519099846482,1.6854963324362457e-07,6.037806369670081e-07,360.0,182.78449693673878,10.0,2.787819933146242e-05,1.4155289097317336e-05,7.74343759338889e-07,4.2807832188118504e-05,0.0,Canada,CAN,quebec,,,Linux-5.15.0-144-generic-x86_64-with-glibc2.35,3.14.2,3.1.0,4,AMD EPYC 9474F 48-Core Processor,1,1 x NVIDIA RTX 5000 Ada Generation,,,4,machine,N
Step #68,2026-02-21T20:08:46,energy-efficiency,ce5fb188-f196-4200-9990-282cc7621ef5,0.27636479679495096,1.6914064304020605e-07,6.117811699093072e-07,360.0,189.55977598419923,10.0,2.7637219615280666e-05,1.4553067199329917e-05,7.676486262223818e-07,4.2957935440832585e-05,0.0,Canada,CAN,quebec,,,Linux-5.15.0-144-generic-x86_64-with-glibc2.35,3.14.2,3.1.0,4,AMD EPYC 9474F 48-Core Processor,1,1 x NVIDIA RTX 5000 Ada Generation,,,4,machine,N
Step #69,2026-02-21T20:08:47,energy-efficiency,ce5fb188-f196-4200-9990-282cc7621ef5,0.277034567669034,1.552327628998436e-07,5.602021433478593e-07,360.0,142.36356646573654,10.0,2.7701208461076076e-05,1.0955008765023422e-05,7.694281249617506e-07,3.9425645351060835e-05,0.0,Canada,CAN,quebec,,,Linux-5.15.0-144-generic-x86_64-with-glibc2.35,3.14.2,3.1.0,4,AMD EPYC 9474F 48-Core Processor,1,1 x NVIDIA RTX 5000 Ada Generation,,,4,machine,N
Step #70,2026-02-21T20:08:47,energy-efficiency,ce5fb188-f196-4200-9990-282cc7621ef5,0.27781092934310436,1.676480580088002e-07,6.033197621172463e-07,360.0,181.59971120462114,10.0,2.778865294530996e-05,1.4018344547395145e-05,7.718547764751631e-07,4.2578852269179856e-05,0.0,Canada,CAN,quebec,,,Linux-5.15.0-144-generic-x86_64-with-glibc2.35,3.14.2,3.1.0,4,AMD EPYC 9474F 48-Core Processor,1,1 x NVIDIA RTX 5000 Ada Generation,,,4,machine,N
Step #71,2026-02-21T20:08:47,energy-efficiency,ce5fb188-f196-4200-9990-282cc7621ef5,0.27747526206076145,1.6601533548456046e-07,5.981262838389136e-07,360.0,177.1265859141936,10.0,2.774302316829562e-05,1.3650566476286485e-05,7.705876681332802e-07,4.216417731271521e-05,0.0,Canada,CAN,quebec,,,Linux-5.15.0-144-generic-x86_64-with-glibc2.35,3.14.2,3.1.0,4,AMD EPYC 9474F 48-Core Processor,1,1 x NVIDIA RTX 5000 Ada Generation,,,4,machine,N
Step #72,2026-02-21T20:08:47,energy-efficiency,ce5fb188-f196-4200-9990-282cc7621ef5,0.2788701755926013,1.6860545842500944e-07,6.045395819673883e-07,360.0,183.0474822112909,10.0,2.7874157298356413e-05,1.4173622453483858e-05,7.74230782149565e-07,4.282201053399e-05,0.0,Canada,CAN,quebec,,,Linux-5.15.0-144-generic-x86_64-with-glibc2.35,3.14.2,3.1.0,4,AMD EPYC 9474F 48-Core Processor,1,1 x NVIDIA RTX 5000 Ada Generation,,,4,machine,N
Step #73,2026-02-21T20:08:48,energy-efficiency,ce5fb188-f196-4200-9990-282cc7621ef5,0.2764354571700096,1.6974427938666847e-07,6.140072939188624e-07,360.0,191.56789757979513,10.0,2.7636654581874535e-05,1.470695620753304e-05,7.676347650380596e-07,4.311124555444546e-05,0.0,Canada,CAN,quebec,,,Linux-5.15.0-144-generic-x86_64-with-glibc2.35,3.14.2,3.1.0,4,AMD EPYC 9474F 48-Core Processor,1,1 x NVIDIA RTX 5000 Ada Generation,,,4,machine,N
Step #74,2026-02-21T20:08:48,energy-efficiency,ce5fb188-f196-4200-9990-282cc7621ef5,0.2772781904786825,1.554079001655311e-07,5.603936822181879e-07,360.0,142.5912468542308,10.0,2.7720165904611405e-05,1.0980008781302786e-05,7.699516084459112e-07,3.947012629436017e-05,0.0,Canada,CAN,quebec,,,Linux-5.15.0-144-generic-x86_64-with-glibc2.35,3.14.2,3.1.0,4,AMD EPYC 9474F 48-Core Processor,1,1 x NVIDIA RTX 5000 Ada Generation,,,4,machine,N
Step #75,2026-02-21T20:08:48,energy-efficiency,ce5fb188-f196-4200-9990-282cc7621ef5,0.2780631221830845,1.665838377127536e-07,5.989937168482143e-07,360.0,177.6452846448752,10.0,2.781161321327094e-05,1.3724455428132387e-05,7.724955057104429e-07,4.230856414711359e-05,0.0,Canada,CAN,quebec,,,Linux-5.15.0-144-generic-x86_64-with-glibc2.35,3.14.2,3.1.0,4,AMD EPYC 9474F 48-Core Processor,1,1 x NVIDIA RTX 5000 Ada Generation,,,4,machine,N
Step #76,2026-02-21T20:08:49,energy-efficiency,ce5fb188-f196-4200-9990-282cc7621ef5,0.27690605353564024,1.659932425596131e-07,5.992848791874636e-07,360.0,177.92498882780353,10.0,2.769890949130046e-05,1.3690288728440692e-05,7.693679848064979e-07,4.2158566204547696e-05,0.0,Canada,CAN,quebec,,,Linux-5.15.0-144-generic-x86_64-with-glibc2.35,3.14.2,3.1.0,4,AMD EPYC 9474F 48-Core Processor,1,1 x NVIDIA RTX 5000 Ada Generation,,,4,machine,N
Step #77,2026-02-21T20:08:49,energy-efficiency,ce5fb188-f196-4200-9990-282cc7621ef5,0.2785960007458925,1.6898248916036695e-07,6.063245050706587e-07,360.0,184.65255271921106,10.0,2.7855703048407926e-05,1.4288344765134298e-05,7.737200836547531e-07,4.291776789719717e-05,0.0,Canada,CAN,quebec,,,Linux-5.15.0-144-generic-x86_64-with-glibc2.35,3.14.2,3.1.0,4,AMD EPYC 9474F 48-Core Processor,1,1 x NVIDIA RTX 5000 Ada Generation,,,4,machine,N
Step #78,2026-02-21T20:08:49,energy-efficiency,ce5fb188-f196-4200-9990-282cc7621ef5,0.2769958646968007,1.7041601421260607e-07,6.151133280695309e-07,360.0,192.5455905386789,10.0,2.7697780542075556e-05,1.4814734072388092e-05,7.693365423215771e-07,4.328185115678529e-05,0.0,Canada,CAN,quebec,,,Linux-5.15.0-144-generic-x86_64-with-glibc2.35,3.14.2,3.1.0,4,AMD EPYC 9474F 48-Core Processor,1,1 x NVIDIA RTX 5000 Ada Generation,,,4,machine,N
Step #79,2026-02-21T20:08:49,energy-efficiency,ce5fb188-f196-4200-9990-282cc7621ef5,0.27768703550100327,1.5634839165365404e-07,5.629959676233949e-07,360.0,145.06065554663581,10.0,2.775419335812341e-05,1.1183897839828205e-05,7.708988721585915e-07,3.9708990070110375e-05,0.0,Canada,CAN,quebec,,,Linux-5.15.0-144-generic-x86_64-with-glibc2.35,3.14.2,3.1.0,4,AMD EPYC 9474F 48-Core Processor,1,1 x NVIDIA RTX 5000 Ada Generation,,,4,machine,N
Step #80,2026-02-21T20:08:50,energy-efficiency,ce5fb188-f196-4200-9990-282cc7621ef5,0.2779530603438616,1.677898629715258e-07,6.036764205132171e-07,360.0,182.04672958209204,10.0,2.7789642848074537e-05,1.405334457160734e-05,7.718801343192631e-07,4.261486755400114e-05,0.0,Canada,CAN,quebec,,,Linux-5.15.0-144-generic-x86_64-with-glibc2.35,3.14.2,3.1.0,4,AMD EPYC 9474F 48-Core Processor,1,1 x NVIDIA RTX 5000 Ada Generation,,,4,machine,N
Step #81,2026-02-21T20:08:50,energy-efficiency,ce5fb188-f196-4200-9990-282cc7621ef5,0.27789505012333393,1.6718621122092729e-07,6.016273039153427e-07,360.0,180.354213650532,10.0,2.7774792816489917e-05,1.3915288910482104e-05,7.714718011104377e-07,4.246155352808246e-05,0.0,Canada,CAN,quebec,,,Linux-5.15.0-144-generic-x86_64-with-glibc2.35,3.14.2,3.1.0,4,AMD EPYC 9474F 48-Core Processor,1,1 x NVIDIA RTX 5000 Ada Generation,,,4,machine,N
Step #82,2026-02-21T20:08:50,energy-efficiency,ce5fb188-f196-4200-9990-282cc7621ef5,0.27770486660301685,1.6744058043637497e-07,6.02925461056843e-07,360.0,181.68848784205537,10.0,2.774981036782285e-05,1.4005566761454702e-05,7.707804829503037e-07,4.252615761222772e-05,0.0,Canada,CAN,quebec,,,Linux-5.15.0-144-generic-x86_64-with-glibc2.35,3.14.2,3.1.0,4,AMD EPYC 9474F 48-Core Processor,1,1 x NVIDIA RTX 5000 Ada Generation,,,4,machine,N
Step #83,2026-02-21T20:08:51,energy-efficiency,ce5fb188-f196-4200-9990-282cc7621ef5,0.27722153905779123,1.6923581240853998e-07,6.103728608257321e-07,360.0,188.22535404807917,10.0,2.7718844823539177e-05,1.4493344927757335e-05,7.699165777820625e-07,4.298210632907879e-05,0.0,Canada,CAN,quebec,,,Linux-5.15.0-144-generic-x86_64-with-glibc2.35,3.14.2,3.1.0,4,AMD EPYC 9474F 48-Core Processor,1,1 x NVIDIA RTX 5000 Ada Generation,,,4,machine,N
Step #84,2026-02-21T20:08:51,energy-efficiency,ce5fb188-f196-4200-9990-282cc7621ef5,0.2770714061334729,1.5524257014116467e-07,5.60292716476857e-07,360.0,142.36096032562767,10.0,2.7703090477734695e-05,1.095556431707223e-05,7.694813759169706e-07,3.9428136170723774e-05,0.0,Canada,CAN,quebec,,,Linux-5.15.0-144-generic-x86_64-with-glibc2.35,3.14.2,3.1.0,4,AMD EPYC 9474F 48-Core Processor,1,1 x NVIDIA RTX 5000 Ada Generation,,,4,machine,N
Step #85,2026-02-21T20:08:51,energy-efficiency,ce5fb188-f196-4200-9990-282cc7621ef5,0.27798414044082165,1.6661277757555666e-07,5.993416271271793e-07,360.0,177.99452186460007,10.0,2.7798766084015554e-05,1.3745010999599572e-05,7.721371405447551e-07,4.231591422415972e-05,0.0,Canada,CAN,quebec,,,Linux-5.15.0-144-generic-x86_64-with-glibc2.35,3.14.2,3.1.0,4,AMD EPYC 9474F 48-Core Processor,1,1 x NVIDIA RTX 5000 Ada Generation,,,4,machine,N
Step #86,2026-02-21T20:08:51,energy-efficiency,ce5fb188-f196-4200-9990-282cc7621ef5,0.2772010490298271,1.6618254885640029e-07,5.994123512841935e-07,360.0,178.32446481324337,10.0,2.7710290625691282e-05,1.3726677646985763e-05,7.696774917551258e-07,4.220664576443231e-05,0.0,Canada,CAN,quebec,,,Linux-5.15.0-144-generic-x86_64-with-glibc2.35,3.14.2,3.1.0,4,AMD EPYC 9474F 48-Core Processor,1,1 x NVIDIA RTX 5000 Ada Generation,,,4,machine,N
Step #87,2026-02-21T20:08:52,energy-efficiency,ce5fb188-f196-4200-9990-282cc7621ef5,0.27920219022780657,1.6904345158519278e-07,6.05366936566321e-07,360.0,183.8162672074595,10.0,2.7907795924693533e-05,1.4250289176231945e-05,7.751658869286428e-07,4.293325098785397e-05,0.0,Canada,CAN,quebec,,,Linux-5.15.0-144-generic-x86_64-with-glibc2.35,3.14.2,3.1.0,4,AMD EPYC 9474F 48-Core Processor,1,1 x NVIDIA RTX 5000 Ada Generation,,,4,machine,N
Step #88,2026-02-21T20:08:52,energy-efficiency,ce5fb188-f196-4200-9990-282cc7621ef5,0.2760418001562357,1.6876208443053676e-07,6.112654084106938e-07,360.0,189.07395060562632,10.0,2.75993489660324e-05,1.4495844929740542e-05,7.665961359937988e-07,4.2861790031766944e-05,0.0,Canada,CAN,quebec,,,Linux-5.15.0-144-generic-x86_64-with-glibc2.35,3.14.2,3.1.0,4,AMD EPYC 9474F 48-Core Processor,1,1 x NVIDIA RTX 5000 Ada Generation,,,4,machine,N
Step #89,2026-02-21T20:08:52,energy-efficiency,ce5fb188-f196-4200-9990-282cc7621ef5,0.27773927710950375,1.5624996247450792e-07,5.624775491912946e-07,360.0,144.3862729428746,10.0,2.777311466634286e-05,1.1139453356179274e-05,7.714232403991994e-07,3.968399126292113e-05,0.0,Canada,CAN,quebec,,,Linux-5.15.0-144-generic-x86_64-with-glibc2.35,3.14.2,3.1.0,4,AMD EPYC 9474F 48-Core Processor,1,1 x NVIDIA RTX 5000 Ada Generation,,,4,machine,N
Step #90,2026-02-21T20:08:53,energy-efficiency,ce5fb188-f196-4200-9990-282cc7621ef5,0.2777838381007314,1.6767273638325476e-07,6.03465170164519e-07,360.0,181.96736279040832,10.0,2.777420869097113e-05,1.4039455674463852e-05,7.714556581858077e-07,4.258512002362075e-05,0.0,Canada,CAN,quebec,,,Linux-5.15.0-144-generic-x86_64-with-glibc2.35,3.14.2,3.1.0,4,AMD EPYC 9474F 48-Core Processor,1,1 x NVIDIA RTX 5000 Ada Generation,,,4,machine,N
Step #91,2026-02-21T20:08:53,energy-efficiency,ce5fb188-f196-4200-9990-282cc7621ef5,0.27696352545171976,1.6617311788558988e-07,6.000014543736899e-07,360.0,178.64391619693814,10.0,2.7692551445216047e-05,1.3742510997616364e-05,7.691880662201141e-07,4.220425050905242e-05,0.0,Canada,CAN,quebec,,,Linux-5.15.0-144-generic-x86_64-with-glibc2.35,3.14.2,3.1.0,4,AMD EPYC 9474F 48-Core Processor,1,1 x NVIDIA RTX 5000 Ada Generation,,,4,machine,N
Step #92,2026-02-21T20:08:53,energy-efficiency,ce5fb188-f196-4200-9990-282cc7621ef5,0.2796051576733589,1.6951138056660323e-07,6.060471929016826e-07,360.0,184.41592785079328,10.0,2.7954782638698814e-05,1.4320844790915999e-05,7.764670402846412e-07,4.305209446989937e-05,0.0,Canada,CAN,quebec,,,Linux-5.15.0-144-generic-x86_64-with-glibc2.35,3.14.2,3.1.0,4,AMD EPYC 9474F 48-Core Processor,1,1 x NVIDIA RTX 5000 Ada Generation,,,4,machine,N
Step #93,2026-02-21T20:08:53,energy-efficiency,ce5fb188-f196-4200-9990-282cc7621ef5,0.2759821778163314,1.6882861332557014e-07,6.116676007119703e-07,360.0,189.3879982365596,10.0,2.7594698779285012e-05,1.4517511612410772e-05,7.664764895000365e-07,4.2878686881195685e-05,0.0,Canada,CAN,quebec,,,Linux-5.15.0-144-generic-x86_64-with-glibc2.35,3.14.2,3.1.0,4,AMD EPYC 9474F 48-Core Processor,1,1 x NVIDIA RTX 5000 Ada Generation,,,4,machine,N
Step #94,2026-02-21T20:08:54,energy-efficiency,ce5fb188-f196-4200-9990-282cc7621ef5,0.27676057163625956,1.5529887163570315e-07,5.610563865485508e-07,360.0,143.07099694202546,10.0,2.767483713105338e-05,1.0998897689518117e-05,7.687006688987183e-07,3.944243548946978e-05,0.0,Canada,CAN,quebec,,,Linux-5.15.0-144-generic-x86_64-with-glibc2.35,3.14.2,3.1.0,4,AMD EPYC 9474F 48-Core Processor,1,1 x NVIDIA RTX 5000 Ada Generation,,,4,machine,N
Step #95,2026-02-21T20:08:54,energy-efficiency,ce5fb188-f196-4200-9990-282cc7621ef5,0.24654592107981443,1.5734417338072543e-07,6.380587536359741e-07,360.0,213.1803102292848,10.0,2.466836040839566e-05,1.4608345018984892e-05,6.851909009532732e-07,3.996189632833342e-05,0.0,Canada,CAN,quebec,,,Linux-5.15.0-144-generic-x86_64-with-glibc2.35,3.14.2,3.1.0,4,AMD EPYC 9474F 48-Core Processor,1,1 x NVIDIA RTX 5000 Ada Generation,,,4,machine,N
Step #96,2026-02-21T20:08:54,energy-efficiency,ce5fb188-f196-4200-9990-282cc7621ef5,0.27682961244136095,1.6642029557965878e-07,6.013664335028031e-07,360.0,179.9226626725918,10.0,2.766930107027301e-05,1.3829177731849995e-05,7.685493056972859e-07,4.226702810782024e-05,0.0,Canada,CAN,quebec,,,Linux-5.15.0-144-generic-x86_64-with-glibc2.35,3.14.2,3.1.0,4,AMD EPYC 9474F 48-Core Processor,1,1 x NVIDIA RTX 5000 Ada Generation,,,4,machine,N
Step #97,2026-02-21T20:08:54,energy-efficiency,ce5fb188-f196-4200-9990-282cc7621ef5,0.3119798116385937,1.800882027993818e-07,5.773012687544617e-07,360.0,158.23386431672154,10.0,3.117115572094913e-05,1.3701399847576567e-05,8.658148813992688e-07,4.5738370449925105e-05,0.0,Canada,CAN,quebec,,,Linux-5.15.0-144-generic-x86_64-with-glibc2.35,3.14.2,3.1.0,4,AMD EPYC 9474F 48-Core Processor,1,1 x NVIDIA RTX 5000 Ada Generation,,,4,machine,N
Step #98,2026-02-21T20:08:55,energy-efficiency,ce5fb188-f196-4200-9990-282cc7621ef5,0.27636073529720306,1.690305515978841e-07,6.115571662501358e-07,360.0,189.28206392152032,10.0,2.7632980514317833e-05,1.4529456066725288e-05,7.675380989288332e-07,4.292997467997186e-05,0.0,Canada,CAN,quebec,,,Linux-5.15.0-144-generic-x86_64-with-glibc2.35,3.14.2,3.1.0,4,AMD EPYC 9474F 48-Core Processor,1,1 x NVIDIA RTX 5000 Ada Generation,,,4,machine,N
Step #99,2026-02-21T20:08:55,energy-efficiency,ce5fb188-f196-4200-9990-282cc7621ef5,0.27735642064362764,1.5547382083672026e-07,5.607436567839177e-07,360.0,142.8019373565252,10.0,2.7720507793128468e-05,1.0996397687534909e-05,7.699631878899257e-07,3.948686866855379e-05,0.0,Canada,CAN,quebec,,,Linux-5.15.0-144-generic-x86_64-with-glibc2.35,3.14.2,3.1.0,4,AMD EPYC 9474F 48-Core Processor,1,1 x NVIDIA RTX 5000 Ada Generation,,,4,machine,N
Step #100,2026-02-21T20:08:55,energy-efficiency,ce5fb188-f196-4200-9990-282cc7621ef5,0.2775959447026253,1.6764397274769604e-07,6.037691134554352e-07,360.0,182.1436387446724,10.0,2.7760612592101115e-05,1.4046122348787549e-05,7.710797634596683e-07,4.2577814704348495e-05,0.0,Canada,CAN,quebec,,,Linux-5.15.0-144-generic-x86_64-with-glibc2.35,3.14.2,3.1.0,4,AMD EPYC 9474F 48-Core Processor,1,1 x NVIDIA RTX 5000 Ada Generation,,,4,machine,N
Step #101,2026-02-21T20:08:56,energy-efficiency,ce5fb188-f196-4200-9990-282cc7621ef5,0.2839015740901232,1.6704495123466662e-07,5.883195760244684e-07,360.0,171.4145708470899,10.0,2.8209606558084535e-05,1.3432510748145887e-05,7.835593488481323e-07,4.242567665507877e-05,0.0,Canada,CAN,quebec,,,Linux-5.15.0-144-generic-x86_64-with-glibc2.35,3.14.2,3.1.0,4,AMD EPYC 9474F 48-Core Processor,1,1 x NVIDIA RTX 5000 Ada Generation,,,4,machine,N
Step #102,2026-02-21T20:08:56,energy-efficiency,ce5fb188-f196-4200-9990-282cc7621ef5,0.2721849586814642,1.6730400812031362e-07,6.14677495834666e-07,360.0,191.64707348679136,10.0,2.7235518116504147e-05,1.4499456042926795e-05,7.564971430434111e-07,4.2491471302474014e-05,0.0,Canada,CAN,quebec,,,Linux-5.15.0-144-generic-x86_64-with-glibc2.35,3.14.2,3.1.0,4,AMD EPYC 9474F 48-Core Processor,1,1 x NVIDIA RTX 5000 Ada Generation,,,4,machine,N
Step #103,2026-02-21T20:08:56,energy-efficiency,ce5fb188-f196-4200-9990-282cc7621ef5,0.27666920982301235,1.6983102545952452e-07,6.140148126432436e-07,360.0,191.5785402538882,10.0,2.765025366097693e-05,1.4715011769084185e-05,7.68011684219039e-07,4.313327711427933e-05,0.0,Canada,CAN,quebec,,,Linux-5.15.0-144-generic-x86_64-with-glibc2.35,3.14.2,3.1.0,4,AMD EPYC 9474F 48-Core Processor,1,1 x NVIDIA RTX 5000 Ada Generation,,,4,machine,N
Step #104,2026-02-21T20:08:56,energy-efficiency,ce5fb188-f196-4200-9990-282cc7621ef5,0.2771312464028597,1.5569919059226224e-07,5.617014829686016e-07,360.0,143.7303423877174,10.0,2.7710524667054395e-05,1.1063897741081519e-05,7.696851311872358e-07,3.9544107539323664e-05,0.0,Canada,CAN,quebec,,,Linux-5.15.0-144-generic-x86_64-with-glibc2.35,3.14.2,3.1.0,4,AMD EPYC 9474F 48-Core Processor,1,1 x NVIDIA RTX 5000 Ada Generation,,,4,machine,N
Step #105,2026-02-21T20:08:57,energy-efficiency,ce5fb188-f196-4200-9990-282cc7621ef5,0.27829369623214006,1.6750166300533322e-07,6.018655596296805e-07,360.0,180.40498186611066,10.0,2.782463654875736e-05,1.3944177819524839e-05,7.728568485213606e-07,4.25416712168036e-05,0.0,Canada,CAN,quebec,,,Linux-5.15.0-144-generic-x86_64-with-glibc2.35,3.14.2,3.1.0,4,AMD EPYC 9474F 48-Core Processor,1,1 x NVIDIA RTX 5000 Ada Generation,,,4,machine,N
Step #106,2026-02-21T20:08:57,energy-efficiency,ce5fb188-f196-4200-9990-282cc7621ef5,0.27774911746382713,1.6614752259517808e-07,5.981753772420857e-07,360.0,177.07751803188768,10.0,2.7767580654472143e-05,1.3658899817414749e-05,7.712694066059207e-07,4.219774987849253e-05,0.0,Canada,CAN,quebec,,,Linux-5.15.0-144-generic-x86_64-with-glibc2.35,3.14.2,3.1.0,4,AMD EPYC 9474F 48-Core Processor,1,1 x NVIDIA RTX 5000 Ada Generation,,,4,machine,N
Step #107,2026-02-21T20:08:57,energy-efficiency,ce5fb188-f196-4200-9990-282cc7621ef5,0.27822894509881735,1.6772568198242818e-07,6.026715010367023e-07,360.0,181.38950821995158,10.0,2.7812154218554482e-05,1.4013900102582966e-05,7.725126989599728e-07,4.2598567020098003e-05,0.0,Canada,CAN,quebec,,,Linux-5.15.0-144-generic-x86_64-with-glibc2.35,3.14.2,3.1.0,4,AMD EPYC 9474F 48-Core Processor,1,1 x NVIDIA RTX 5000 Ada Generation,,,4,machine,N
Step #108,2026-02-21T20:08:58,energy-efficiency,ce5fb188-f196-4200-9990-282cc7621ef5,0.2772284299135208,1.6735866432603257e-07,6.03854167985296e-07,360.0,182.2726193444477,10.0,2.7706867735833012e-05,1.4028900110929499e-05,7.69584907943171e-07,4.250535275470563e-05,0.0,Canada,CAN,quebec,,,Linux-5.15.0-144-generic-x86_64-with-glibc2.35,3.14.2,3.1.0,4,AMD EPYC 9474F 48-Core Processor,1,1 x NVIDIA RTX 5000 Ada Generation,,,4,machine,N
Step #109,2026-02-21T20:08:58,energy-efficiency,ce5fb188-f196-4200-9990-282cc7621ef5,0.2773824706673622,1.5512189122086247e-07,5.591845595795724e-07,360.0,141.4909854279704,10.0,2.7728679962456433e-05,1.0898619827059974e-05,7.701866380456431e-07,3.9397486427562335e-05,0.0,Canada,CAN,quebec,,,Linux-5.15.0-144-generic-x86_64-with-glibc2.35,3.14.2,3.1.0,4,AMD EPYC 9474F 48-Core Processor,1,1 x NVIDIA RTX 5000 Ada Generation,,,4,machine,N
Step #110,2026-02-21T20:08:58,energy-efficiency,ce5fb188-f196-4200-9990-282cc7621ef5,0.277467193081975,1.6644698638799168e-07,5.998444460452238e-07,360.0,178.51298965135257,10.0,2.7744825184345453e-05,1.3758344341141537e-05,7.706374499119009e-07,4.227380697539862e-05,0.0,Canada,CAN,quebec,,,Linux-5.15.0-144-generic-x86_64-with-glibc2.35,3.14.2,3.1.0,4,AMD EPYC 9474F 48-Core Processor,1,1 x NVIDIA RTX 5000 Ada Generation,,,4,machine,N
Step #111,2026-02-21T20:08:58,energy-efficiency,ce5fb188-f196-4200-9990-282cc7621ef5,0.2772925887256861,1.6605011897160999e-07,5.987656435348366e-07,360.0,177.56707877228772,10.0,2.7726482879370656e-05,1.3676399831297203e-05,7.701288287838303e-07,4.217301153945207e-05,0.0,Canada,CAN,quebec,,,Linux-5.15.0-144-generic-x86_64-with-glibc2.35,3.14.2,3.1.0,4,AMD EPYC 9474F 48-Core Processor,1,1 x NVIDIA RTX 5000 Ada Generation,,,4,machine,N
Step #112,2026-02-21T20:08:59,energy-efficiency,ce5fb188-f196-4200-9990-282cc7621ef5,0.2787268627434969,1.6841594368369352e-07,6.041763757033867e-07,360.0,182.62077441331004,10.0,2.7864354196935944e-05,1.4135566861028792e-05,7.739569758996346e-07,4.277387803386379e-05,0.0,Canada,CAN,quebec,,,Linux-5.15.0-144-generic-x86_64-with-glibc2.35,3.14.2,3.1.0,4,AMD EPYC 9474F 48-Core Processor,1,1 x NVIDIA RTX 5000 Ada Generation,,,4,machine,N
Step #113,2026-02-21T20:08:59,energy-efficiency,ce5fb188-f196-4200-9990-282cc7621ef5,0.2771587986499071,1.695789837496984e-07,6.117777231236865e-07,360.0,189.4517753223876,10.0,2.771418970078229e-05,1.45852894455345e-05,7.697850181203789e-07,4.3069264164437467e-05,0.0,Canada,CAN,quebec,,,Linux-5.15.0-144-generic-x86_64-with-glibc2.35,3.14.2,3.1.0,4,AMD EPYC 9474F 48-Core Processor,1,1 x NVIDIA RTX 5000 Ada Generation,,,4,machine,N
Step #114,2026-02-21T20:08:59,energy-efficiency,ce5fb188-f196-4200-9990-282cc7621ef5,0.2765612890943885,1.5418040461081473e-07,5.573703474758391e-07,360.0,139.84115354931177,10.0,2.7649535797536363e-05,1.0740841929646194e-05,7.679921859461426e-07,3.915836991312885e-05,0.0,Canada,CAN,quebec,,,Linux-5.15.0-144-generic-x86_64-with-glibc2.35,3.14.2,3.1.0,4,AMD EPYC 9474F 48-Core Processor,1,1 x NVIDIA RTX 5000 Ada Generation,,,4,machine,N
Step #115,2026-02-21T20:09:00,energy-efficiency,ce5fb188-f196-4200-9990-282cc7621ef5,0.27808578219264746,1.6677957631761815e-07,5.996644875107955e-07,360.0,177.94337103807254,10.0,2.7829172462225105e-05,1.3756122115182734e-05,7.729827917905341e-07,4.2358277369198075e-05,0.0,Canada,CAN,quebec,,,Linux-5.15.0-144-generic-x86_64-with-glibc2.35,3.14.2,3.1.0,4,AMD EPYC 9474F 48-Core Processor,1,1 x NVIDIA RTX 5000 Ada Generation,,,4,machine,N
Step #116,2026-02-21T20:09:00,energy-efficiency,ce5fb188-f196-4200-9990-282cc7621ef5,0.27702476643025875,1.6616980576025087e-07,5.997373466746184e-07,360.0,178.5427693105947,10.0,2.7697141468524967e-05,1.3736955434495712e-05,7.693124003708366e-07,4.2203409303390865e-05,0.0,Canada,CAN,quebec,,,Linux-5.15.0-144-generic-x86_64-with-glibc2.35,3.14.2,3.1.0,4,AMD EPYC 9474F 48-Core Processor,1,1 x NVIDIA RTX 5000 Ada Generation,,,4,machine,N
Step #117,2026-02-21T20:09:00,energy-efficiency,ce5fb188-f196-4200-9990-282cc7621ef5,0.279410514049232,1.6975788907754383e-07,6.073800612406249e-07,360.0,185.5687332632917,10.0,2.7937317360192393e-05,1.440140040998017e-05,7.759843409682377e-07,4.311470211114041e-05,0.0,Canada,CAN,quebec,,,Linux-5.15.0-144-generic-x86_64-with-glibc2.35,3.14.2,3.1.0,4,AMD EPYC 9474F 48-Core Processor,1,1 x NVIDIA RTX 5000 Ada Generation,,,4,machine,N
Step #118,2026-02-21T20:09:00,energy-efficiency,ce5fb188-f196-4200-9990-282cc7621ef5,0.2758855577558279,1.686289751030688e-07,6.112030229370971e-07,360.0,188.96557843228848,10.0,2.7582935616373826e-05,1.447890047145961e-05,7.66147155728601e-07,4.282798324356258e-05,0.0,Canada,CAN,quebec,,,Linux-5.15.0-144-generic-x86_64-with-glibc2.35,3.14.2,3.1.0,4,AMD EPYC 9474F 48-Core Processor,1,1 x NVIDIA RTX 5000 Ada Generation,,,4,machine,N
Step #119,2026-02-21T20:09:01,energy-efficiency,ce5fb188-f196-4200-9990-282cc7621ef5,0.2776140859350562,1.558995065368361e-07,5.612151299879021e-07,360.0,143.33948803395324,10.0,2.776732277125129e-05,1.1056397735131895e-05,7.712627968026534e-07,3.959498330318584e-05,0.0,Canada,CAN,quebec,,,Linux-5.15.0-144-generic-x86_64-with-glibc2.35,3.14.2,3.1.0,4,AMD EPYC 9474F 48-Core Processor,1,1 x NVIDIA RTX 5000 Ada Generation,,,4,machine,N
Step #120,2026-02-21T20:09:01,energy-efficiency,ce5fb188-f196-4200-9990-282cc7621ef5,0.2778575178235769,1.6720794124383428e-07,6.016215425559519e-07,360.0,180.42121663434864,10.0,2.7775026671588397e-05,1.3920566694025638e-05,7.714791016446247e-07,4.246707246725878e-05,0.0,Canada,CAN,quebec,,,Linux-5.15.0-144-generic-x86_64-with-glibc2.35,3.14.2,3.1.0,4,AMD EPYC 9474F 48-Core Processor,1,1 x NVIDIA RTX 5000 Ada Generation,,,4,machine,N
Step #121,2026-02-21T20:09:01,energy-efficiency,ce5fb188-f196-4200-9990-282cc7621ef5,0.27780762780457735,1.663781646435085e-07,5.986570795831638e-07,360.0,177.6509084717195,10.0,2.7777005732059455e-05,1.3707788738770432e-05,7.715333227275163e-07,4.225632779355712e-05,0.0,Canada,CAN,quebec,,,Linux-5.15.0-144-generic-x86_64-with-glibc2.35,3.14.2,3.1.0,4,AMD EPYC 9474F 48-Core Processor,1,1 x NVIDIA RTX 5000 Ada Generation,,,4,machine,N
Step #122,2026-02-21T20:09:01,energy-efficiency,ce5fb188-f196-4200-9990-282cc7621ef5,0.27781907841563225,1.6972337474231312e-07,6.107318004872863e-07,360.0,188.6650857755305,10.0,2.777689071372172e-05,1.455751164769481e-05,7.715338815210605e-07,4.310593624293722e-05,0.0,Canada,CAN,quebec,,,Linux-5.15.0-144-generic-x86_64-with-glibc2.35,3.14.2,3.1.0,4,AMD EPYC 9474F 48-Core Processor,1,1 x NVIDIA RTX 5000 Ada Generation,,,4,machine,N
Step #123,2026-02-21T20:09:02,energy-efficiency,ce5fb188-f196-4200-9990-282cc7621ef5,0.2767878919839859,1.6995085818587746e-07,6.139612417990066e-07,360.0,191.57592844862785,10.0,2.766986405476927e-05,1.4725289556594134e-05,7.685583317652378e-07,4.316371194312916e-05,0.0,Canada,CAN,quebec,,,Linux-5.15.0-144-generic-x86_64-with-glibc2.35,3.14.2,3.1.0,4,AMD EPYC 9474F 48-Core Processor,1,1 x NVIDIA RTX 5000 Ada Generation,,,4,machine,N
Step #124,2026-02-21T20:09:02,energy-efficiency,ce5fb188-f196-4200-9990-282cc7621ef5,0.27710881642997265,1.55412432215849e-07,5.60769745335114e-07,360.0,142.8911507479282,10.0,2.770479265600456e-05,1.0996953243136431e-05,7.695314345053486e-07,3.9471277333645756e-05,0.0,Canada,CAN,quebec,,,Linux-5.15.0-144-generic-x86_64-with-glibc2.35,3.14.2,3.1.0,4,AMD EPYC 9474F 48-Core Processor,1,1 x NVIDIA RTX 5000 Ada Generation,,,4,machine,N
Step #125,2026-02-21T20:09:02,energy-efficiency,ce5fb188-f196-4200-9990-282cc7621ef5,0.2782776765525341,1.675800520189396e-07,6.020652778789486e-07,360.0,180.93820540467297,10.0,2.7810764219611712e-05,1.3978344519216535e-05,7.7247153191517e-07,4.256158027074377e-05,0.0,Canada,CAN,quebec,,,Linux-5.15.0-144-generic-x86_64-with-glibc2.35,3.14.2,3.1.0,4,AMD EPYC 9474F 48-Core Processor,1,1 x NVIDIA RTX 5000 Ada Generation,,,4,machine,N
Step #126,2026-02-21T20:09:03,energy-efficiency,ce5fb188-f196-4200-9990-282cc7621ef5,0.2774140229448676,1.6679080109863087e-07,6.011305009803915e-07,360.0,180.05094852096192,10.0,2.7724377904087168e-05,1.3866677754492684e-05,7.700725536172561e-07,4.2361128212197244e-05,0.0,Canada,CAN,quebec,,,Linux-5.15.0-144-generic-x86_64-with-glibc2.35,3.14.2,3.1.0,4,AMD EPYC 9474F 48-Core Processor,1,1 x NVIDIA RTX 5000 Ada Generation,,,4,machine,N
Step #127,2026-02-21T20:09:03,energy-efficiency,ce5fb188-f196-4200-9990-282cc7621ef5,0.27915524039417505,1.6946728903480295e-07,6.071350779446897e-07,360.0,185.46567190782827,10.0,2.789469566196216e-05,1.437140038973439e-05,7.748001565535808e-07,4.304089620824937e-05,0.0,Canada,CAN,quebec,,,Linux-5.15.0-144-generic-x86_64-with-glibc2.35,3.14.2,3.1.0,4,AMD EPYC 9474F 48-Core Processor,1,1 x NVIDIA RTX 5000 Ada Generation,,,4,machine,N
Step #128,2026-02-21T20:09:03,energy-efficiency,ce5fb188-f196-4200-9990-282cc7621ef5,0.27641625609248877,1.6900908670132266e-07,6.113931268919138e-07,360.0,189.16461857513974,10.0,2.763525247573848e-05,1.4521678281198547e-05,7.675923200117248e-07,4.292452307694955e-05,0.0,Canada,CAN,quebec,,,Linux-5.15.0-144-generic-x86_64-with-glibc2.35,3.14.2,3.1.0,4,AMD EPYC 9474F 48-Core Processor,1,1 x NVIDIA RTX 5000 Ada Generation,,,4,machine,N
Step #129,2026-02-21T20:09:03,energy-efficiency,ce5fb188-f196-4200-9990-282cc7621ef5,0.27681050170212984,1.549575373058058e-07,5.597809219302303e-07,360.0,141.89803303305968,10.0,2.7677251119166517e-05,1.0909730953301278e-05,7.687621413626647e-07,3.9355744213830784e-05,0.0,Canada,CAN,quebec,,,Linux-5.15.0-144-generic-x86_64-with-glibc2.35,3.14.2,3.1.0,4,AMD EPYC 9474F 48-Core Processor,1,1 x NVIDIA RTX 5000 Ada Generation,,,4,machine,N
Step #130,2026-02-21T20:09:04,energy-efficiency,ce5fb188-f196-4200-9990-282cc7621ef5,0.277789237909019,1.671415042333155e-07,6.015484239133373e-07,360.0,180.03027240221337,10.0,2.778374589979633e-05,1.3894733335462206e-05,7.717197191797986e-07,4.245019895443916e-05,0.0,Canada,CAN,quebec,,,Linux-5.15.0-144-generic-x86_64-with-glibc2.35,3.14.2,3.1.0,4,AMD EPYC 9474F 48-Core Processor,1,1 x NVIDIA RTX 5000 Ada Generation,,,4,machine,N
Step #131,2026-02-21T20:09:04,energy-efficiency,ce5fb188-f196-4200-9990-282cc7621ef5,0.277712176553905,1.67313481304395e-07,6.024712896565061e-07,360.0,181.14055767645323,10.0,2.7756250370293816e-05,1.3966677840926423e-05,7.709490678583543e-07,4.249387727907946e-05,0.0,Canada,CAN,quebec,,,Linux-5.15.0-144-generic-x86_64-with-glibc2.35,3.14.2,3.1.0,4,AMD EPYC 9474F 48-Core Processor,1,1 x NVIDIA RTX 5000 Ada Generation,,,4,machine,N
Step #132,2026-02-21T20:09:04,energy-efficiency,ce5fb188-f196-4200-9990-282cc7621ef5,0.27868982311338186,1.6816406647795213e-07,6.033782056496e-07,360.0,181.9026575060754,10.0,2.7858871128410255e-05,1.4077233483789087e-05,7.738022521759061e-07,4.270990686437541e-05,0.0,Canada,CAN,quebec,,,Linux-5.15.0-144-generic-x86_64-with-glibc2.35,3.14.2,3.1.0,4,AMD EPYC 9474F 48-Core Processor,1,1 x NVIDIA RTX 5000 Ada Generation,,,4,machine,N
Step #133,2026-02-21T20:09:05,energy-efficiency,ce5fb188-f196-4200-9990-282cc7621ef5,0.27664961852133274,1.695818569810584e-07,6.129612845554456e-07,360.0,190.69403229274104,10.0,2.7653271798044454e-05,1.4648622830293334e-05,7.680992725201801e-07,4.3069993900857195e-05,0.0,Canada,CAN,quebec,,,Linux-5.15.0-144-generic-x86_64-with-glibc2.35,3.14.2,3.1.0,4,AMD EPYC 9474F 48-Core Processor,1,1 x NVIDIA RTX 5000 Ada Generation,,,4,machine,N
Step #134,2026-02-21T20:09:05,energy-efficiency,ce5fb188-f196-4200-9990-282cc7621ef5,0.27696913573890924,1.5517881562154826e-07,5.602505073772227e-07,360.0,142.36238550196524,10.0,2.7691671345382758e-05,1.0951119872260051e-05,7.691527328764413e-07,3.9411943950518925e-05,0.0,Canada,CAN,quebec,,,Linux-5.15.0-144-generic-x86_64-with-glibc2.35,3.14.2,3.1.0,4,AMD EPYC 9474F 48-Core Processor,1,1 x NVIDIA RTX 5000 Ada Generation,,,4,machine,N
Step #135,2026-02-21T20:09:05,energy-efficiency,ce5fb188-f196-4200-9990-282cc7621ef5,0.2466327426955104,1.5768621188732318e-07,6.39578835468634e-07,360.0,214.58999014541217,10.0,2.466235524043424e-05,1.4701400647965102e-05,6.8501056068473e-07,4.004876644908388e-05,0.0,Canada,CAN,quebec,,,Linux-5.15.0-144-generic-x86_64-with-glibc2.35,3.14.2,3.1.0,4,AMD EPYC 9474F 48-Core Processor,1,1 x NVIDIA RTX 5000 Ada Generation,,,4,machine,N
Step #136,2026-02-21T20:09:05,energy-efficiency,ce5fb188-f196-4200-9990-282cc7621ef5,0.2777578877285123,1.6699312167415964e-07,6.012341975591057e-07,360.0,179.74365693626888,10.0,2.7773568686097812e-05,1.3867511096776752e-05,7.714333245530754e-07,4.2412513107428426e-05,0.0,Canada,CAN,quebec,,,Linux-5.15.0-144-generic-x86_64-with-glibc2.35,3.14.2,3.1.0,4,AMD EPYC 9474F 48-Core Processor,1,1 x NVIDIA RTX 5000 Ada Generation,,,4,machine,N
Step #137,2026-02-21T20:09:06,energy-efficiency,ce5fb188-f196-4200-9990-282cc7621ef5,0.3110096864402294,1.802075345266512e-07,5.793588281669797e-07,360.0,160.14666335706414,10.0,3.10792912729084e-05,1.3826122174265265e-05,8.632645890530548e-07,4.576867803622684e-05,0.0,Canada,CAN,quebec,,,Linux-5.15.0-144-generic-x86_64-with-glibc2.35,3.14.2,3.1.0,4,AMD EPYC 9474F 48-Core Processor,1,1 x NVIDIA RTX 5000 Ada Generation,,,4,machine,N
Step #138,2026-02-21T20:09:06,energy-efficiency,ce5fb188-f196-4200-9990-282cc7621ef5,0.2763884551823139,1.6861176088082687e-07,6.099865527927758e-07,360.0,187.8505956617691,10.0,2.7635172475129477e-05,1.4420844866691596e-05,7.67593874803014e-07,4.282361121662418e-05,0.0,Canada,CAN,quebec,,,Linux-5.15.0-144-generic-x86_64-with-glibc2.35,3.14.2,3.1.0,4,AMD EPYC 9474F 48-Core Processor,1,1 x NVIDIA RTX 5000 Ada Generation,,,4,machine,N
Step #139,2026-02-21T20:09:06,energy-efficiency,ce5fb188-f196-4200-9990-282cc7621ef5,0.2770381961017847,1.5546215153290153e-07,5.611865683169761e-07,360.0,143.24764985060327,10.0,2.769438140094293e-05,1.1020286596163942e-05,7.692369296112035e-07,3.948390492671764e-05,0.0,Canada,CAN,quebec,,,Linux-5.15.0-144-generic-x86_64-with-glibc2.35,3.14.2,3.1.0,4,AMD EPYC 9474F 48-Core Processor,1,1 x NVIDIA RTX 5000 Ada Generation,,,4,machine,N
Step #140,2026-02-21T20:09:07,energy-efficiency,ce5fb188-f196-4200-9990-282cc7621ef5,0.2777243871241808,1.667901608988948e-07,6.006388841921049e-07,360.0,179.2812176051427,10.0,2.776314159855242e-05,1.3826677726314074e-05,7.711462909355793e-07,4.2360965615801695e-05,0.0,Canada,CAN,quebec,,,Linux-5.15.0-144-generic-x86_64-with-glibc2.35,3.14.2,3.1.0,4,AMD EPYC 9474F 48-Core Processor,1,1 x NVIDIA RTX 5000 Ada Generation,,,4,machine,N
Step #141,2026-02-21T20:09:07,energy-efficiency,ce5fb188-f196-4200-9990-282cc7621ef5,0.27771267760545015,1.673749403985701e-07,6.027889914433414e-07,360.0,181.27275683052656,10.0,2.775980848819049e-05,1.3978622291688225e-05,7.710557327502256e-07,4.25094865126284e-05,0.0,Canada,CAN,quebec,,,Linux-5.15.0-144-generic-x86_64-with-glibc2.35,3.14.2,3.1.0,4,AMD EPYC 9474F 48-Core Processor,1,1 x NVIDIA RTX 5000 Ada Generation,,,4,machine,N
Step #142,2026-02-21T20:09:07,energy-efficiency,ce5fb188-f196-4200-9990-282cc7621ef5,0.27840701676905155,1.6760907167947487e-07,6.019406033448919e-07,360.0,180.50536677844505,10.0,2.783739678561669e-05,1.3958344503350872e-05,7.732093256587768e-07,4.256895061462672e-05,0.0,Canada,CAN,quebec,,,Linux-5.15.0-144-generic-x86_64-with-glibc2.35,3.14.2,3.1.0,4,AMD EPYC 9474F 48-Core Processor,1,1 x NVIDIA RTX 5000 Ada Generation,,,4,machine,N
Step #143,2026-02-21T20:09:07,energy-efficiency,ce5fb188-f196-4200-9990-282cc7621ef5,0.2763483142480254,1.6899990207183883e-07,6.115285810320064e-07,360.0,189.1363760426203,10.0,2.763514351099717e-05,1.4519456058792457e-05,7.67590816960569e-07,4.292219038675056e-05,0.0,Canada,CAN,quebec,,,Linux-5.15.0-144-generic-x86_64-with-glibc2.35,3.14.2,3.1.0,4,AMD EPYC 9474F 48-Core Processor,1,1 x NVIDIA RTX 5000 Ada Generation,,,4,machine,N
Step #144,2026-02-21T20:09:08,energy-efficiency,ce5fb188-f196-4200-9990-282cc7621ef5,0.27774511743336916,1.5566008702848466e-07,5.60482993120098e-07,360.0,142.81991635778235,10.0,2.7752751484513317e-05,1.1010564364255515e-05,7.708602610768592e-07,3.953417610984538e-05,0.0,Canada,CAN,quebec,,,Linux-5.15.0-144-generic-x86_64-with-glibc2.35,3.14.2,3.1.0,4,AMD EPYC 9474F 48-Core Processor,1,1 x NVIDIA RTX 5000 Ada Generation,,,4,machine,N
Step #145,2026-02-21T20:09:08,energy-efficiency,ce5fb188-f196-4200-9990-282cc7621ef5,0.2775537148118019,1.6696953229033268e-07,6.016088794256466e-07,360.0,180.1184156947831,10.0,2.775070723146176e-05,1.3885011110659207e-05,7.708035900981855e-07,4.240652193221884e-05,0.0,Canada,CAN,quebec,,,Linux-5.15.0-144-generic-x86_64-with-glibc2.35,3.14.2,3.1.0,4,AMD EPYC 9474F 48-Core Processor,1,1 x NVIDIA RTX 5000 Ada Generation,,,4,machine,N
Step #146,2026-02-21T20:09:08,energy-efficiency,ce5fb188-f196-4200-9990-282cc7621ef5,0.27737492229789495,1.6697131019869927e-07,6.019066159118463e-07,360.0,180.51256219810256,10.0,2.7731149084866437e-05,1.3905566675020964e-05,7.702577212411523e-07,4.2406973481128214e-05,0.0,Canada,CAN,quebec,,,Linux-5.15.0-144-generic-x86_64-with-glibc2.35,3.14.2,3.1.0,4,AMD EPYC 9474F 48-Core Processor,1,1 x NVIDIA RTX 5000 Ada Generation,,,4,machine,N
Step #147,2026-02-21T20:09:08,energy-efficiency,ce5fb188-f196-4200-9990-282cc7621ef5,0.2797996597364545,1.6944598564601495e-07,6.055736462812219e-07,360.0,183.76697513946235,10.0,2.7976727951318017e-05,1.4281678094363315e-05,7.77079578902993e-07,4.3035485624584244e-05,0.0,Canada,CAN,quebec,,,Linux-5.15.0-144-generic-x86_64-with-glibc2.35,3.14.2,3.1.0,4,AMD EPYC 9474F 48-Core Processor,1,1 x NVIDIA RTX 5000 Ada Generation,,,4,machine,N
Step #148,2026-02-21T20:09:09,energy-efficiency,ce5fb188-f196-4200-9990-282cc7621ef5,0.27578772604465485,1.686765867577389e-07,6.115711280994917e-07,360.0,189.31739974652808,10.0,2.7573347557335696e-05,1.4500844937259671e-05,7.658830429944767e-07,4.284007553758979e-05,0.0,Canada,CAN,quebec,,,Linux-5.15.0-144-generic-x86_64-with-glibc2.35,3.14.2,3.1.0,4,AMD EPYC 9474F 48-Core Processor,1,1 x NVIDIA RTX 5000 Ada Generation,,,4,machine,N
Step #149,2026-02-21T20:09:09,energy-efficiency,ce5fb188-f196-4200-9990-282cc7621ef5,0.27752397395670414,1.5566921979179993e-07,5.609117387712984e-07,360.0,143.11913438262437,10.0,2.773824827745526e-05,1.1027786595008138e-05,7.704607547364285e-07,3.953649562719961e-05,0.0,Canada,CAN,quebec,,,Linux-5.15.0-144-generic-x86_64-with-glibc2.35,3.14.2,3.1.0,4,AMD EPYC 9474F 48-Core Processor,1,1 x NVIDIA RTX 5000 Ada Generation,,,4,machine,N
Step #150,2026-02-21T20:09:09,energy-efficiency,ce5fb188-f196-4200-9990-282cc7621ef5,0.2779792323708534,1.6744527995408341e-07,6.023550584775125e-07,360.0,181.08424572010037,10.0,2.7780974842608365e-05,1.3974733402477568e-05,7.716429393945509e-07,4.252735118448047e-05,0.0,Canada,CAN,quebec,,,Linux-5.15.0-144-generic-x86_64-with-glibc2.35,3.14.2,3.1.0,4,AMD EPYC 9474F 48-Core Processor,1,1 x NVIDIA RTX 5000 Ada Generation,,,4,machine,N
Step #151,2026-02-21T20:09:10,energy-efficiency,ce5fb188-f196-4200-9990-282cc7621ef5,0.2772312490269542,1.663077930899568e-07,5.998732336304275e-07,360.0,178.73436048181895,10.0,2.7710427716374705e-05,1.3758344341141537e-05,7.696829374051738e-07,4.223845499492108e-05,0.0,Canada,CAN,quebec,,,Linux-5.15.0-144-generic-x86_64-with-glibc2.35,3.14.2,3.1.0,4,AMD EPYC 9474F 48-Core Processor,1,1 x NVIDIA RTX 5000 Ada Generation,,,4,machine,N
Step #152,2026-02-21T20:09:10,energy-efficiency,ce5fb188-f196-4200-9990-282cc7621ef5,0.27880022395402193,1.6807845854081754e-07,6.028995175404867e-07,360.0,181.59216105324893,10.0,2.7860412094742222e-05,1.4053900130761576e-05,7.73852140021822e-07,4.268816436552546e-05,0.0,Canada,CAN,quebec,,,Linux-5.15.0-144-generic-x86_64-with-glibc2.35,3.14.2,3.1.0,4,AMD EPYC 9474F 48-Core Processor,1,1 x NVIDIA RTX 5000 Ada Generation,,,4,machine,N
Step #153,2026-02-21T20:09:10,energy-efficiency,ce5fb188-f196-4200-9990-282cc7621ef5,0.27662636898458004,1.6937977055350693e-07,6.122912981841015e-07,360.0,190.00735837701714,10.0,2.7654144912957722e-05,1.4596400568223089e-05,7.681229927887544e-07,4.301866847396946e-05,0.0,Canada,CAN,quebec,,,Linux-5.15.0-144-generic-x86_64-with-glibc2.35,3.14.2,3.1.0,4,AMD EPYC 9474F 48-Core Processor,1,1 x NVIDIA RTX 5000 Ada Generation,,,4,machine,N
Step #154,2026-02-21T20:09:10,energy-efficiency,ce5fb188-f196-4200-9990-282cc7621ef5,0.27708942722529173,1.5507426103695364e-07,5.595471882260251e-07,360.0,141.71027634568756,10.0,2.7708257734775782e-05,1.0907508727342474e-05,7.696229654053819e-07,3.93853894275235e-05,0.0,Canada,CAN,quebec,,,Linux-5.15.0-144-generic-x86_64-with-glibc2.35,3.14.2,3.1.0,4,AMD EPYC 9474F 48-Core Processor,1,1 x NVIDIA RTX 5000 Ada Generation,,,4,machine,N
Step #155,2026-02-21T20:09:11,energy-efficiency,ce5fb188-f196-4200-9990-282cc7621ef5,0.2779488703235984,1.6655848298814882e-07,5.993308460714256e-07,360.0,178.250574106011,10.0,2.777670081704868e-05,1.375389988922393e-05,7.715239086084958e-07,4.230212461488105e-05,0.0,Canada,CAN,quebec,,,Linux-5.15.0-144-generic-x86_64-with-glibc2.35,3.14.2,3.1.0,4,AMD EPYC 9474F 48-Core Processor,1,1 x NVIDIA RTX 5000 Ada Generation,,,4,machine,N
Step #156,2026-02-21T20:09:11,energy-efficiency,ce5fb188-f196-4200-9990-282cc7621ef5,0.2775375545024872,1.6653283957750222e-07,6.000975727957499e-07,360.0,178.79284315973007,10.0,2.7744958177209136e-05,1.3780011023811767e-05,7.706425618380286e-07,4.2295611762858606e-05,0.0,Canada,CAN,quebec,,,Linux-5.15.0-144-generic-x86_64-with-glibc2.35,3.14.2,3.1.0,4,AMD EPYC 9474F 48-Core Processor,1,1 x NVIDIA RTX 5000 Ada Generation,,,4,machine,N
Step #157,2026-02-21T20:09:11,energy-efficiency,ce5fb188-f196-4200-9990-282cc7621ef5,0.27914374973624945,1.6900990658358424e-07,6.054407573556684e-07,360.0,184.0104178666403,10.0,2.7892515715211702e-05,1.4257511409709878e-05,7.747041837622754e-07,4.292473130868349e-05,0.0,Canada,CAN,quebec,,,Linux-5.15.0-144-generic-x86_64-with-glibc2.35,3.14.2,3.1.0,4,AMD EPYC 9474F 48-Core Processor,1,1 x NVIDIA RTX 5000 Ada Generation,,,4,machine,N
Step #158,2026-02-21T20:09:12,energy-efficiency,ce5fb188-f196-4200-9990-282cc7621ef5,0.2761288220062852,1.691627810231964e-07,6.125213116134791e-07,360.0,190.28369364755443,10.0,2.7605120092630275e-05,1.4591678340281078e-05,7.667595598225761e-07,4.2963557992733645e-05,0.0,Canada,CAN,quebec,,,Linux-5.15.0-144-generic-x86_64-with-glibc2.35,3.14.2,3.1.0,4,AMD EPYC 9474F 48-Core Processor,1,1 x NVIDIA RTX 5000 Ada Generation,,,4,machine,N
Step #159,2026-02-21T20:09:12,energy-efficiency,ce5fb188-f196-4200-9990-282cc7621ef5,0.276884893886745,1.5573464114710742e-07,5.623558488944168e-07,360.0,144.36760908681487,10.0,2.768252221867478e-05,1.1101675543301326e-05,7.689134243668821e-07,3.955311118634258e-05,0.0,Canada,CAN,quebec,,,Linux-5.15.0-144-generic-x86_64-with-glibc2.35,3.14.2,3.1.0,4,AMD EPYC 9474F 48-Core Processor,1,1 x NVIDIA RTX 5000 Ada Generation,,,4,machine,N
Step #160,2026-02-21T20:09:12,energy-efficiency,ce5fb188-f196-4200-9990-282cc7621ef5,0.27809860184788704,1.675196664692398e-07,6.020735757325559e-07,360.0,180.5802772473505,10.0,2.7818811405450408e-05,1.3954733386611906e-05,7.726989013867277e-07,4.254624369344918e-05,0.0,Canada,CAN,quebec,,,Linux-5.15.0-144-generic-x86_64-with-glibc2.35,3.14.2,3.1.0,4,AMD EPYC 9474F 48-Core Processor,1,1 x NVIDIA RTX 5000 Ada Generation,,,4,machine,N
Step #161,2026-02-21T20:09:12,energy-efficiency,ce5fb188-f196-4200-9990-282cc7621ef5,0.27774982806295156,1.635470091538762e-07,5.886560886368502e-07,360.0,168.47688896112706,10.0,2.776955459266907e-05,1.2996399288311977e-05,7.713238217143669e-07,4.1537277702695385e-05,0.0,Canada,CAN,quebec,,,Linux-5.15.0-144-generic-x86_64-with-glibc2.35,3.14.2,3.1.0,4,AMD EPYC 9474F 48-Core Processor,1,1 x NVIDIA RTX 5000 Ada Generation,,,4,machine,N
Step #162,2026-02-21T20:09:13,energy-efficiency,ce5fb188-f196-4200-9990-282cc7621ef5,0.27877737302333117,1.683452280529818e-07,6.038260140918504e-07,360.0,182.38631237200525,10.0,2.7864444162696914e-05,1.4117511291544815e-05,7.73962393092601e-07,4.275591784733395e-05,0.0,Canada,CAN,quebec,,,Linux-5.15.0-144-generic-x86_64-with-glibc2.35,3.14.2,3.1.0,4,AMD EPYC 9474F 48-Core Processor,1,1 x NVIDIA RTX 5000 Ada Generation,,,4,machine,N
Step #163,2026-02-21T20:09:13,energy-efficiency,ce5fb188-f196-4200-9990-282cc7621ef5,0.27618380170315504,1.6912593549359866e-07,6.122340030895941e-07,360.0,189.91323870587186,10.0,2.7617369219660667e-05,1.4569733881586444e-05,7.670969521212864e-07,4.29542000533684e-05,0.0,Canada,CAN,quebec,,,Linux-5.15.0-144-generic-x86_64-with-glibc2.35,3.14.2,3.1.0,4,AMD EPYC 9474F 48-Core Processor,1,1 x NVIDIA RTX 5000 Ada Generation,,,4,machine,N
Step #164,2026-02-21T20:09:13,energy-efficiency,ce5fb188-f196-4200-9990-282cc7621ef5,0.2769790953025222,1.5527229404679486e-07,5.605261713994939e-07,360.0,142.66365853184502,10.0,2.7692060451954374e-05,1.0974453221734848e-05,7.691717033998899e-07,3.9435685377089275e-05,0.0,Canada,CAN,quebec,,,Linux-5.15.0-144-generic-x86_64-with-glibc2.35,3.14.2,3.1.0,4,AMD EPYC 9474F 48-Core Processor,1,1 x NVIDIA RTX 5000 Ada Generation,,,4,machine,N
Step #165,2026-02-21T20:09:14,energy-efficiency,ce5fb188-f196-4200-9990-282cc7621ef5,0.2785915704444051,1.67266187132273e-07,6.002941793147661e-07,360.0,178.98750207332787,10.0,2.7857259009033027e-05,1.3850844414520225e-05,7.737621949571608e-07,4.2481865618510493e-05,0.0,Canada,CAN,quebec,,,Linux-5.15.0-144-generic-x86_64-with-glibc2.35,3.14.2,3.1.0,4,AMD EPYC 9474F 48-Core Processor,1,1 x NVIDIA RTX 5000 Ada Generation,,,4,machine,N
Step #166,2026-02-21T20:09:14,energy-efficiency,ce5fb188-f196-4200-9990-282cc7621ef5,0.277442991733551,1.6637615358333296e-07,5.993615316107078e-07,360.0,178.32148692357057,10.0,2.7742724306881704e-05,1.374251099406365e-05,7.705817283648684e-07,4.225581702931025e-05,0.0,Canada,CAN,quebec,,,Linux-5.15.0-144-generic-x86_64-with-glibc2.35,3.14.2,3.1.0,4,AMD EPYC 9474F 48-Core Processor,1,1 x NVIDIA RTX 5000 Ada Generation,,,4,machine,N
Step #167,2026-02-21T20:09:14,energy-efficiency,ce5fb188-f196-4200-9990-282cc7621ef5,0.2788382349535823,1.672107988058742e-07,5.997057263472451e-07,360.0,178.62874802278094,10.0,2.7866274211555894e-05,1.3827511061492714e-05,7.740129509733725e-07,4.246779822402163e-05,0.0,Canada,CAN,quebec,,,Linux-5.15.0-144-generic-x86_64-with-glibc2.35,3.14.2,3.1.0,4,AMD EPYC 9474F 48-Core Processor,1,1 x NVIDIA RTX 5000 Ada Generation,,,4,machine,N
Step #168,2026-02-21T20:09:14,energy-efficiency,ce5fb188-f196-4200-9990-282cc7621ef5,0.27645598724484444,1.6922401112543284e-07,6.119985276918384e-07,360.0,189.67580553230667,10.0,2.764511462301049e-05,1.4566122761294764e-05,7.67871683153001e-07,4.297910906745847e-05,0.0,Canada,CAN,quebec,,,Linux-5.15.0-144-generic-x86_64-with-glibc2.35,3.14.2,3.1.0,4,AMD EPYC 9474F 48-Core Processor,1,1 x NVIDIA RTX 5000 Ada Generation,,,4,machine,N
Step #169,2026-02-21T20:09:15,energy-efficiency,ce5fb188-f196-4200-9990-282cc7621ef5,0.2827911665663123,1.5688183418663534e-07,5.547805455605057e-07,360.0,140.14347982101316,10.0,2.8117362130433525e-05,1.0946119868293636e-05,7.809905283566866e-07,3.984447252708412e-05,0.0,Canada,CAN,quebec,,,Linux-5.15.0-144-generic-x86_64-with-glibc2.35,3.14.2,3.1.0,4,AMD EPYC 9474F 48-Core Processor,1,1 x NVIDIA RTX 5000 Ada Generation,,,4,machine,N
Step #170,2026-02-21T20:09:15,energy-efficiency,ce5fb188-f196-4200-9990-282cc7621ef5,0.2716712299734354,1.6593851636026845e-07,6.108042079210017e-07,360.0,188.05755176750498,10.0,2.7187009435146806e-05,1.4202511366079307e-05,7.551461742776944e-07,4.214466697550351e-05,0.0,Canada,CAN,quebec,,,Linux-5.15.0-144-generic-x86_64-with-glibc2.35,3.14.2,3.1.0,4,AMD EPYC 9474F 48-Core Processor,1,1 x NVIDIA RTX 5000 Ada Generation,,,4,machine,N
Step #171,2026-02-21T20:09:15,energy-efficiency,ce5fb188-f196-4200-9990-282cc7621ef5,0.27801503147929907,1.6731640125927145e-07,6.017085748956033e-07,360.0,180.24696969759745,10.0,2.78018311597409e-05,1.3920566690472924e-05,7.722210320126649e-07,4.249461888222641e-05,0.0,Canada,CAN,quebec,,,Linux-5.15.0-144-generic-x86_64-with-glibc2.35,3.14.2,3.1.0,4,AMD EPYC 9474F 48-Core Processor,1,1 x NVIDIA RTX 5000 Ada Generation,,,4,machine,N
Step #172,2026-02-21T20:09:15,energy-efficiency,ce5fb188-f196-4200-9990-282cc7621ef5,0.2790349377319217,1.6776747479414238e-07,6.012588451787118e-07,360.0,180.2044596808408,10.0,2.7878972422331304e-05,1.3955844497814951e-05,7.743645381803389e-07,4.260918145832654e-05,0.0,Canada,CAN,quebec,,,Linux-5.15.0-144-generic-x86_64-with-glibc2.35,3.14.2,3.1.0,4,AMD EPYC 9474F 48-Core Processor,1,1 x NVIDIA RTX 5000 Ada Generation,,,4,machine,N
Step #173,2026-02-21T20:09:16,energy-efficiency,ce5fb188-f196-4200-9990-282cc7621ef5,0.2763259643688798,1.689825574939978e-07,6.11511315613277e-07,360.0,189.2199540150738,10.0,2.7628154400736148e-05,1.4522233840352783e-05,7.673970113198031e-07,4.291778525240906e-05,0.0,Canada,CAN,quebec,,,Linux-5.15.0-144-generic-x86_64-with-glibc2.35,3.14.2,3.1.0,4,AMD EPYC 9474F 48-Core Processor,1,1 x NVIDIA RTX 5000 Ada Generation,,,4,machine,N
Step #174,2026-02-21T20:09:16,energy-efficiency,ce5fb188-f196-4200-9990-282cc7621ef5,0.27622073143720627,1.5688096931316844e-07,5.677184507556866e-07,360.0,149.1514732877459,10.0,2.7629310451447904e-05,1.1447509159268066e-05,7.674332578769911e-07,3.984425286859307e-05,0.0,Canada,CAN,quebec,,,Linux-5.15.0-144-generic-x86_64-with-glibc2.35,3.14.2,3.1.0,4,AMD EPYC 9474F 48-Core Processor,1,1 x NVIDIA RTX 5000 Ada Generation,,,4,machine,N
Step #175,2026-02-21T20:09:16,energy-efficiency,ce5fb188-f196-4200-9990-282cc7621ef5,0.27843553852289915,1.6690485227338525e-07,5.993600242934787e-07,360.0,178.2501582135468,10.0,2.7834460698068254e-05,1.3782511025794975e-05,7.731229325549514e-07,4.239009465641791e-05,0.0,Canada,CAN,quebec,,,Linux-5.15.0-144-generic-x86_64-with-glibc2.35,3.14.2,3.1.0,4,AMD EPYC 9474F 48-Core Processor,1,1 x NVIDIA RTX 5000 Ada Generation,,,4,machine,N
Step #176,2026-02-21T20:09:17,energy-efficiency,ce5fb188-f196-4200-9990-282cc7621ef5,0.2777486564591527,1.668188114783521e-07,6.005422079810231e-07,360.0,179.3592449620593,10.0,2.7764001581817577e-05,1.3833066621060652e-05,7.711740184782262e-07,4.236824222135678e-05,0.0,Canada,CAN,quebec,,,Linux-5.15.0-144-generic-x86_64-with-glibc2.35,3.14.2,3.1.0,4,AMD EPYC 9474F 48-Core Processor,1,1 x NVIDIA RTX 5000 Ada Generation,,,4,machine,N
Step #177,2026-02-21T20:09:17,energy-efficiency,ce5fb188-f196-4200-9990-282cc7621ef5,0.27893053740262985,1.6893230465410728e-07,6.054611238510603e-07,360.0,183.9219491611886,10.0,2.7884114440530558e-05,1.4246400287021288e-05,7.745074289333611e-07,4.290502215648518e-05,0.0,Canada,CAN,quebec,,,Linux-5.15.0-144-generic-x86_64-with-glibc2.35,3.14.2,3.1.0,4,AMD EPYC 9474F 48-Core Processor,1,1 x NVIDIA RTX 5000 Ada Generation,,,4,machine,N
Step #178,2026-02-21T20:09:17,energy-efficiency,ce5fb188-f196-4200-9990-282cc7621ef5,0.2763760657981038,1.686455275319774e-07,6.102757308459647e-07,360.0,188.26947950709888,10.0,2.7620002347975882e-05,1.4445011554897746e-05,7.671732869413161e-07,4.2832187189815324e-05,0.0,Canada,CAN,quebec,,,Linux-5.15.0-144-generic-x86_64-with-glibc2.35,3.14.2,3.1.0,4,AMD EPYC 9474F 48-Core Processor,1,1 x NVIDIA RTX 5000 Ada Generation,,,4,machine,N
Step #179,2026-02-21T20:09:17,energy-efficiency,ce5fb188-f196-4200-9990-282cc7621ef5,0.277324509806931,1.5527017480296144e-07,5.598183411373388e-07,360.0,141.96173066341274,10.0,2.7729643974453398e-05,1.0935286525182164e-05,7.702166369805792e-07,3.943514713661625e-05,0.0,Canada,CAN,quebec,,,Linux-5.15.0-144-generic-x86_64-with-glibc2.35,3.14.2,3.1.0,4,AMD EPYC 9474F 48-Core Processor,1,1 x NVIDIA RTX 5000 Ada Generation,,,4,machine,N
Step #180,2026-02-21T20:09:18,energy-efficiency,ce5fb188-f196-4200-9990-282cc7621ef5,0.2777230264618993,1.6701625840218707e-07,6.013636378188722e-07,360.0,180.03799978108324,10.0,2.7762525528668945e-05,1.3884733331082089e-05,7.711304584518178e-07,4.241838931820247e-05,0.0,Canada,CAN,quebec,,,Linux-5.15.0-144-generic-x86_64-with-glibc2.35,3.14.2,3.1.0,4,AMD EPYC 9474F 48-Core Processor,1,1 x NVIDIA RTX 5000 Ada Generation,,,4,machine,N
Step #181,2026-02-21T20:09:18,energy-efficiency,ce5fb188-f196-4200-9990-282cc7621ef5,0.27731125988066196,1.6619749041263908e-07,5.991759264238492e-07,360.0,177.9537938857858,10.0,2.773154303431502e-05,1.3708622077501786e-05,7.702754732842197e-07,4.221044058510138e-05,0.0,Canada,CAN,quebec,,,Linux-5.15.0-144-generic-x86_64-with-glibc2.35,3.14.2,3.1.0,4,AMD EPYC 9474F 48-Core Processor,1,1 x NVIDIA RTX 5000 Ada Generation,,,4,machine,N
Step #182,2026-02-21T20:09:18,energy-efficiency,ce5fb188-f196-4200-9990-282cc7621ef5,0.2794160433113575,1.6977448923255093e-07,6.076370826013562e-07,360.0,185.9453293337675,10.0,2.792114997282602e-05,1.4422233761024472e-05,7.755344449025098e-07,4.311891817875262e-05,0.0,Canada,CAN,quebec,,,Linux-5.15.0-144-generic-x86_64-with-glibc2.35,3.14.2,3.1.0,4,AMD EPYC 9474F 48-Core Processor,1,1 x NVIDIA RTX 5000 Ada Generation,,,4,machine,N
Step #183,2026-02-21T20:09:19,energy-efficiency,ce5fb188-f196-4200-9990-282cc7621ef5,0.27632730454206467,1.6928104098457676e-07,6.12545289662151e-07,360.0,190.14226064811209,10.0,2.763137146830595e-05,1.4594733894313094e-05,7.674880118833602e-07,4.299359337450216e-05,0.0,Canada,CAN,quebec,,,Linux-5.15.0-144-generic-x86_64-with-glibc2.35,3.14.2,3.1.0,4,AMD EPYC 9474F 48-Core Processor,1,1 x NVIDIA RTX 5000 Ada Generation,,,4,machine,N
Step #184,2026-02-21T20:09:19,energy-efficiency,ce5fb188-f196-4200-9990-282cc7621ef5,0.27708472590893507,1.5474423479662234e-07,5.584089215026399e-07,360.0,140.6659336903656,10.0,2.7705886587500728e-05,1.0826119773099663e-05,7.695637927907927e-07,3.930157015339091e-05,0.0,Canada,CAN,quebec,,,Linux-5.15.0-144-generic-x86_64-with-glibc2.35,3.14.2,3.1.0,4,AMD EPYC 9474F 48-Core Processor,1,1 x NVIDIA RTX 5000 Ada Generation,,,4,machine,N
Step #185,2026-02-21T20:09:19,energy-efficiency,ce5fb188-f196-4200-9990-282cc7621ef5,0.2779178796336055,1.6641208175718043e-07,5.987711894017204e-07,360.0,177.59773970099,10.0,2.7785387821495193e-05,1.370778874587586e-05,7.717654134871182e-07,4.226494198085809e-05,0.0,Canada,CAN,quebec,,,Linux-5.15.0-144-generic-x86_64-with-glibc2.35,3.14.2,3.1.0,4,AMD EPYC 9474F 48-Core Processor,1,1 x NVIDIA RTX 5000 Ada Generation,,,4,machine,N
Step #186,2026-02-21T20:09:19,energy-efficiency,ce5fb188-f196-4200-9990-282cc7621ef5,0.27734608110040426,1.6644100158418653e-07,6.000333507545553e-07,360.0,178.84966431443002,10.0,2.772685401141676e-05,1.3775288795869756e-05,7.701441619752255e-07,4.227228696926204e-05,0.0,Canada,CAN,quebec,,,Linux-5.15.0-144-generic-x86_64-with-glibc2.35,3.14.2,3.1.0,4,AMD EPYC 9474F 48-Core Processor,1,1 x NVIDIA RTX 5000 Ada Generation,,,4,machine,N
Step #187,2026-02-21T20:09:20,energy-efficiency,ce5fb188-f196-4200-9990-282cc7621ef5,0.28027588687837124,1.6951065346103604e-07,6.048072183251044e-07,360.0,183.4006371534225,10.0,2.800595331937071e-05,1.4268066973244231e-05,7.778895087540171e-07,4.305190980136934e-05,0.0,Canada,CAN,quebec,,,Linux-5.15.0-144-generic-x86_64-with-glibc2.35,3.14.2,3.1.0,4,AMD EPYC 9474F 48-Core Processor,1,1 x NVIDIA RTX 5000 Ada Generation,,,4,machine,N
Step #188,2026-02-21T20:09:20,energy-efficiency,ce5fb188-f196-4200-9990-282cc7621ef5,0.27564748376607895,1.680324871701356e-07,6.096024089906274e-07,360.0,187.62370859998643,10.0,2.755148820579069e-05,1.4359733707891564e-05,7.652667532157453e-07,4.2676488666898785e-05,0.0,Canada,CAN,quebec,,,Linux-5.15.0-144-generic-x86_64-with-glibc2.35,3.14.2,3.1.0,4,AMD EPYC 9474F 48-Core Processor,1,1 x NVIDIA RTX 5000 Ada Generation,,,4,machine,N
Step #189,2026-02-21T20:09:20,energy-efficiency,ce5fb188-f196-4200-9990-282cc7621ef5,0.27679185196757317,1.572203252980098e-07,5.679934638250078e-07,360.0,149.45484235217373,10.0,2.7672903053462157e-05,1.1488898078226839e-05,7.686405572005471e-07,3.9930441688890844e-05,0.0,Canada,CAN,quebec,,,Linux-5.15.0-144-generic-x86_64-with-glibc2.35,3.14.2,3.1.0,4,AMD EPYC 9474F 48-Core Processor,1,1 x NVIDIA RTX 5000 Ada Generation,,,4,machine,N
Step #190,2026-02-21T20:09:21,energy-efficiency,ce5fb188-f196-4200-9990-282cc7621ef5,0.27792748995125294,1.661206868454302e-07,5.979771668649117e-07,360.0,176.8219938023226,10.0,2.777608279138765e-05,1.364334424991398e-05,7.715071577371895e-07,4.2190934199040284e-05,0.0,Canada,CAN,quebec,,,Linux-5.15.0-144-generic-x86_64-with-glibc2.35,3.14.2,3.1.0,4,AMD EPYC 9474F 48-Core Processor,1,1 x NVIDIA RTX 5000 Ada Generation,,,4,machine,N
Step #191,2026-02-21T20:09:21,energy-efficiency,ce5fb188-f196-4200-9990-282cc7621ef5,0.277395891956985,1.6628538810241003e-07,5.995039489098372e-07,360.0,178.2303288981592,10.0,2.773218695074301e-05,1.373028876372473e-05,7.70288915373377e-07,4.223276462984177e-05,0.0,Canada,CAN,quebec,,,Linux-5.15.0-144-generic-x86_64-with-glibc2.35,3.14.2,3.1.0,4,AMD EPYC 9474F 48-Core Processor,1,1 x NVIDIA RTX 5000 Ada Generation,,,4,machine,N
Step #192,2026-02-21T20:09:21,energy-efficiency,ce5fb188-f196-4200-9990-282cc7621ef5,0.2789260158315301,1.6892639197582166e-07,6.055588090275164e-07,360.0,184.07119950471085,10.0,2.7875626366585457e-05,1.425362250984108e-05,7.742715921873957e-07,4.290352046861477e-05,0.0,Canada,CAN,quebec,,,Linux-5.15.0-144-generic-x86_64-with-glibc2.35,3.14.2,3.1.0,4,AMD EPYC 9474F 48-Core Processor,1,1 x NVIDIA RTX 5000 Ada Generation,,,4,machine,N
Step #193,2026-02-21T20:09:21,energy-efficiency,ce5fb188-f196-4200-9990-282cc7621ef5,0.27615862153470516,1.6866749806675066e-07,6.107367446292528e-07,360.0,188.64781246180783,10.0,2.7604892104864456e-05,1.446612268907188e-05,7.667524196828461e-07,4.2837767213619454e-05,0.0,Canada,CAN,quebec,,,Linux-5.15.0-144-generic-x86_64-with-glibc2.35,3.14.2,3.1.0,4,AMD EPYC 9474F 48-Core Processor,1,1 x NVIDIA RTX 5000 Ada Generation,,,4,machine,N
Step #194,2026-02-21T20:09:22,energy-efficiency,ce5fb188-f196-4200-9990-282cc7621ef5,0.277519722469151,1.549673051659241e-07,5.583879711058617e-07,360.0,140.74809622985936,10.0,2.7741292212158514e-05,1.0846397561437016e-05,7.705352579553981e-07,3.935822503155044e-05,0.0,Canada,CAN,quebec,,,Linux-5.15.0-144-generic-x86_64-with-glibc2.35,3.14.2,3.1.0,4,AMD EPYC 9474F 48-Core Processor,1,1 x NVIDIA RTX 5000 Ada Generation,,,4,machine,N
Step #195,2026-02-21T20:09:22,energy-efficiency,ce5fb188-f196-4200-9990-282cc7621ef5,0.2775388741865754,1.666695930858711e-07,6.004872959565807e-07,360.0,179.1101959899908,10.0,2.7751724421977604e-05,1.380778882520417e-05,7.708308442185192e-07,4.233034409140135e-05,0.0,Canada,CAN,quebec,,,Linux-5.15.0-144-generic-x86_64-with-glibc2.35,3.14.2,3.1.0,4,AMD EPYC 9474F 48-Core Processor,1,1 x NVIDIA RTX 5000 Ada Generation,,,4,machine,N
Step #196,2026-02-21T20:09:22,energy-efficiency,ce5fb188-f196-4200-9990-282cc7621ef5,0.2776317046955228,1.66250050285292e-07,5.988262927928367e-07,360.0,177.66168627916093,10.0,2.775507736951094e-05,1.3697788737943029e-05,7.709235082276891e-07,4.222378961568109e-05,0.0,Canada,CAN,quebec,,,Linux-5.15.0-144-generic-x86_64-with-glibc2.35,3.14.2,3.1.0,4,AMD EPYC 9474F 48-Core Processor,1,1 x NVIDIA RTX 5000 Ada Generation,,,4,machine,N
Step #197,2026-02-21T20:09:22,energy-efficiency,ce5fb188-f196-4200-9990-282cc7621ef5,0.27888174541294575,1.6832197912841352e-07,6.035510565814271e-07,360.0,181.99617582143202,10.0,2.788031743839424e-05,1.4095289053273063e-05,7.744066494827398e-07,4.275001314115075e-05,0.0,Canada,CAN,quebec,,,Linux-5.15.0-144-generic-x86_64-with-glibc2.35,3.14.2,3.1.0,4,AMD EPYC 9474F 48-Core Processor,1,1 x NVIDIA RTX 5000 Ada Generation,,,4,machine,N
Step #198,2026-02-21T20:09:23,energy-efficiency,ce5fb188-f196-4200-9990-282cc7621ef5,0.27656764816492796,1.696517852423939e-07,6.133187464650869e-07,360.0,190.84251117021017,10.0,2.7657310944050398e-05,1.4662233951412418e-05,7.682092177371054e-07,4.308775411319965e-05,0.0,Canada,CAN,quebec,,,Linux-5.15.0-144-generic-x86_64-with-glibc2.35,3.14.2,3.1.0,4,AMD EPYC 9474F 48-Core Processor,1,1 x NVIDIA RTX 5000 Ada Generation,,,4,machine,N
Step #199,2026-02-21T20:09:23,energy-efficiency,ce5fb188-f196-4200-9990-282cc7621ef5,0.2773746820166707,1.550799349593553e-07,5.591263529373391e-07,360.0,141.30967919488293,10.0,2.773100696504098e-05,1.0885564261542413e-05,7.702592501623883e-07,3.9386830476745294e-05,0.0,Canada,CAN,quebec,,,Linux-5.15.0-144-generic-x86_64-with-glibc2.35,3.14.2,3.1.0,4,AMD EPYC 9474F 48-Core Processor,1,1 x NVIDIA RTX 5000 Ada Generation,,,4,machine,N
Step #200,2026-02-21T20:09:23,energy-efficiency,ce5fb188-f196-4200-9990-282cc7621ef5,0.27759145572781563,1.6646534490076076e-07,5.996387941171491e-07,360.0,178.39294628052826,10.0,2.7753957360983177e-05,1.375362211675224e-05,7.70890148770484e-07,4.2278469626505846e-05,0.0,Canada,CAN,quebec,,,Linux-5.15.0-144-generic-x86_64-with-glibc2.35,3.14.2,3.1.0,4,AMD EPYC 9474F 48-Core Processor,1,1 x NVIDIA RTX 5000 Ada Generation,,,4,machine,N
Step #201,2026-02-21T20:09:24,energy-efficiency,ce5fb188-f196-4200-9990-282cc7621ef5,0.27754336409270763,1.6939792202902475e-07,6.102635230537309e-07,360.0,188.0520798116621,10.0,2.7754040434956224e-05,1.449834493172375e-05,7.708931755688326e-07,4.30232785422497e-05,0.0,Canada,CAN,quebec,,,Linux-5.15.0-144-generic-x86_64-with-glibc2.35,3.14.2,3.1.0,4,AMD EPYC 9474F 48-Core Processor,1,1 x NVIDIA RTX 5000 Ada Generation,,,4,machine,N
Step #202,2026-02-21T20:09:24,energy-efficiency,ce5fb188-f196-4200-9990-282cc7621ef5,0.2786103915423155,1.682514436503272e-07,6.039059146792305e-07,360.0,182.46380488566976,10.0,2.7845053840428943e-05,1.4113622402334158e-05,7.73422466591008e-07,4.273209870935338e-05,0.0,Canada,CAN,quebec,,,Linux-5.15.0-144-generic-x86_64-with-glibc2.35,3.14.2,3.1.0,4,AMD EPYC 9474F 48-Core Processor,1,1 x NVIDIA RTX 5000 Ada Generation,,,4,machine,N
Step #203,2026-02-21T20:09:24,energy-efficiency,ce5fb188-f196-4200-9990-282cc7621ef5,0.2764991167932749,1.6897151509067456e-07,6.110157421693432e-07,360.0,188.80162795043748,10.0,2.7647044695914072e-05,1.4500011598528317e-05,7.67924434815848e-07,4.291498072925802e-05,0.0,Canada,CAN,quebec,,,Linux-5.15.0-144-generic-x86_64-with-glibc2.35,3.14.2,3.1.0,4,AMD EPYC 9474F 48-Core Processor,1,1 x NVIDIA RTX 5000 Ada Generation,,,4,machine,N
Step #204,2026-02-21T20:09:24,energy-efficiency,ce5fb188-f196-4200-9990-282cc7621ef5,0.27725320868194103,1.5454856502777236e-07,5.574321698346366e-07,360.0,139.9047546631018,10.0,2.7712135855108462e-05,1.0770008618266047e-05,7.697299407381081e-07,3.925187441411286e-05,0.0,Canada,CAN,quebec,,,Linux-5.15.0-144-generic-x86_64-with-glibc2.35,3.14.2,3.1.0,4,AMD EPYC 9474F 48-Core Processor,1,1 x NVIDIA RTX 5000 Ada Generation,,,4,machine,N
Step #205,2026-02-21T20:09:25,energy-efficiency,ce5fb188-f196-4200-9990-282cc7621ef5,0.27787044923752546,1.664321782039209e-07,5.989284980914294e-07,360.0,177.5714175995615,10.0,2.7790082897991182e-05,1.3708066521900264e-05,7.718966083807986e-07,4.2270046028271974e-05,0.0,Canada,CAN,quebec,,,Linux-5.15.0-144-generic-x86_64-with-glibc2.35,3.14.2,3.1.0,4,AMD EPYC 9474F 48-Core Processor,1,1 x NVIDIA RTX 5000 Ada Generation,,,4,machine,N
Step #206,2026-02-21T20:09:25,energy-efficiency,ce5fb188-f196-4200-9990-282cc7621ef5,0.2771330773830414,1.6594692178104043e-07,5.985501305007743e-07,360.0,177.54394874817925,10.0,2.771043973043546e-05,1.3666677595836063e-05,7.696844378693283e-07,4.214680176414104e-05,0.0,Canada,CAN,quebec,,,Linux-5.15.0-144-generic-x86_64-with-glibc2.35,3.14.2,3.1.0,4,AMD EPYC 9474F 48-Core Processor,1,1 x NVIDIA RTX 5000 Ada Generation,,,4,machine,N
Step #207,2026-02-21T20:09:25,energy-efficiency,ce5fb188-f196-4200-9990-282cc7621ef5,0.27906652819365263,1.6889642934214948e-07,6.051482975204291e-07,360.0,183.64346821508863,10.0,2.7892271615564956e-05,1.4228900276691547e-05,7.747387384168098e-07,4.289591063067269e-05,0.0,Canada,CAN,quebec,,,Linux-5.15.0-144-generic-x86_64-with-glibc2.35,3.14.2,3.1.0,4,AMD EPYC 9474F 48-Core Processor,1,1 x NVIDIA RTX 5000 Ada Generation,,,4,machine,N
Step #208,2026-02-21T20:09:26,energy-efficiency,ce5fb188-f196-4200-9990-282cc7621ef5,0.2764391377568245,1.692096292151414e-07,6.119843186862764e-07,360.0,189.64540369084932,10.0,2.7644264604896433e-05,1.4563344983287152e-05,7.678467961442061e-07,4.2975456384326816e-05,0.0,Canada,CAN,quebec,,,Linux-5.15.0-144-generic-x86_64-with-glibc2.35,3.14.2,3.1.0,4,AMD EPYC 9474F 48-Core Processor,1,1 x NVIDIA RTX 5000 Ada Generation,,,4,machine,N
Step #209,2026-02-21T20:09:26,energy-efficiency,ce5fb188-f196-4200-9990-282cc7621ef5,0.27767292596399784,1.559146172446058e-07,5.614837634335006e-07,360.0,143.6152040598795,10.0,2.7755109407007726e-05,1.1072786637811305e-05,7.709250397359264e-07,3.959882108455458e-05,0.0,Canada,CAN,quebec,,,Linux-5.15.0-144-generic-x86_64-with-glibc2.35,3.14.2,3.1.0,4,AMD EPYC 9474F 48-Core Processor,1,1 x NVIDIA RTX 5000 Ada Generation,,,4,machine,N
Step #210,2026-02-21T20:09:26,energy-efficiency,ce5fb188-f196-4200-9990-282cc7621ef5,0.2774802725762129,1.662205380962534e-07,5.989198230431017e-07,360.0,177.7083992601686,10.0,2.7747785300016696e-05,1.3697788734390315e-05,7.707201461825222e-07,4.2216294180589045e-05,0.0,Canada,CAN,quebec,,,Linux-5.15.0-144-generic-x86_64-with-glibc2.35,3.14.2,3.1.0,4,AMD EPYC 9474F 48-Core Processor,1,1 x NVIDIA RTX 5000 Ada Generation,,,4,machine,N
Step #211,2026-02-21T20:09:26,energy-efficiency,ce5fb188-f196-4200-9990-282cc7621ef5,0.2771616978570819,1.6640384259391237e-07,6.003250958018184e-07,360.0,179.1649840369915,10.0,2.7704709675163176e-05,1.3788622140964435e-05,7.69517601778108e-07,4.226284941790531e-05,0.0,Canada,CAN,quebec,,,Linux-5.15.0-144-generic-x86_64-with-glibc2.35,3.14.2,3.1.0,4,AMD EPYC 9474F 48-Core Processor,1,1 x NVIDIA RTX 5000 Ada Generation,,,4,machine,N
Step #212,2026-02-21T20:09:27,energy-efficiency,ce5fb188-f196-4200-9990-282cc7621ef5,0.27940521389245987,1.6905714446401754e-07,6.049826001818493e-07,360.0,183.4080733273367,10.0,2.7930639311671106e-05,1.4230289160366283e-05,7.758002003861828e-07,4.2936728672424845e-05,0.0,Canada,CAN,quebec,,,Linux-5.15.0-144-generic-x86_64-with-glibc2.35,3.14.2,3.1.0,4,AMD EPYC 9474F 48-Core Processor,1,1 x NVIDIA RTX 5000 Ada Generation,,,4,machine,N
Step #213,2026-02-21T20:09:27,energy-efficiency,ce5fb188-f196-4200-9990-282cc7621ef5,0.27622999250888824,1.6881896868359557e-07,6.109696892644601e-07,360.0,188.76400341492413,10.0,2.762394342571521e-05,1.4485011590181784e-05,7.672823422277917e-07,4.2876237358125194e-05,0.0,Canada,CAN,quebec,,,Linux-5.15.0-144-generic-x86_64-with-glibc2.35,3.14.2,3.1.0,4,AMD EPYC 9474F 48-Core Processor,1,1 x NVIDIA RTX 5000 Ada Generation,,,4,machine,N
Step #214,2026-02-21T20:09:27,energy-efficiency,ce5fb188-f196-4200-9990-282cc7621ef5,0.27650723699480295,1.5430842190973488e-07,5.579788404265871e-07,360.0,140.39952250711198,10.0,2.7642251551151034e-05,1.0780841957824805e-05,7.677899311400184e-07,3.919088344011591e-05,0.0,Canada,CAN,quebec,,,Linux-5.15.0-144-generic-x86_64-with-glibc2.35,3.14.2,3.1.0,4,AMD EPYC 9474F 48-Core Processor,1,1 x NVIDIA RTX 5000 Ada Generation,,,4,machine,N
Step #215,2026-02-21T20:09:28,energy-efficiency,ce5fb188-f196-4200-9990-282cc7621ef5,0.27895316760987043,1.6737388494360826e-07,5.998046680549099e-07,360.0,178.67336882296766,10.0,2.7891168557107014e-05,1.3843344408570601e-05,7.747054850268593e-07,4.2509218450705044e-05,0.0,Canada,CAN,quebec,,,Linux-5.15.0-144-generic-x86_64-with-glibc2.35,3.14.2,3.1.0,4,AMD EPYC 9474F 48-Core Processor,1,1 x NVIDIA RTX 5000 Ada Generation,,,4,machine,N
Step #216,2026-02-21T20:09:28,energy-efficiency,ce5fb188-f196-4200-9990-282cc7621ef5,0.27681762259453535,1.6886112124942334e-07,6.099542286955645e-07,360.0,187.71110900769364,10.0,2.768301228061286e-05,1.4435011546964915e-05,7.689193382652137e-07,4.288694316584296e-05,0.0,Canada,CAN,quebec,,,Linux-5.15.0-144-generic-x86_64-with-glibc2.35,3.14.2,3.1.0,4,AMD EPYC 9474F 48-Core Processor,1,1 x NVIDIA RTX 5000 Ada Generation,,,4,machine,N
Step #217,2026-02-21T20:09:28,energy-efficiency,ce5fb188-f196-4200-9990-282cc7621ef5,0.2793709831312299,1.703182664323873e-07,6.096375269507415e-07,360.0,187.57919317399129,10.0,2.7928496152162738e-05,1.4552789419752798e-05,7.757398377483075e-07,4.325702540966363e-05,0.0,Canada,CAN,quebec,,,Linux-5.15.0-144-generic-x86_64-with-glibc2.35,3.14.2,3.1.0,4,AMD EPYC 9474F 48-Core Processor,1,1 x NVIDIA RTX 5000 Ada Generation,,,4,machine,N
Step #218,2026-02-21T20:09:28,energy-efficiency,ce5fb188-f196-4200-9990-282cc7621ef5,0.27649374585598707,1.69161112002223e-07,6.117885350289601e-07,360.0,189.60720966836294,10.0,2.7638222463428723e-05,1.4557233871670405e-05,7.676777636839226e-07,4.296313409878419e-05,0.0,Canada,CAN,quebec,,,Linux-5.15.0-144-generic-x86_64-with-glibc2.35,3.14.2,3.1.0,4,AMD EPYC 9474F 48-Core Processor,1,1 x NVIDIA RTX 5000 Ada Generation,,,4,machine,N
Step #219,2026-02-21T20:09:29,energy-efficiency,ce5fb188-f196-4200-9990-282cc7621ef5,0.27686585299670696,1.5717831755681825e-07,5.67651959734192e-07,360.0,149.12507791618646,10.0,2.768306229263516e-05,1.1467786947605418e-05,7.68923423149527e-07,3.991977266338924e-05,0.0,Canada,CAN,quebec,,,Linux-5.15.0-144-generic-x86_64-with-glibc2.35,3.14.2,3.1.0,4,AMD EPYC 9474F 48-Core Processor,1,1 x NVIDIA RTX 5000 Ada Generation,,,4,machine,N
Step #220,2026-02-21T20:09:29,energy-efficiency,ce5fb188-f196-4200-9990-282cc7621ef5,0.27795068081468344,1.6608923544742568e-07,5.974873290040158e-07,360.0,176.37082920880397,10.0,2.7793714962899563e-05,1.3617233118878858e-05,7.719981665205719e-07,4.218294624829845e-05,0.0,Canada,CAN,quebec,,,Linux-5.15.0-144-generic-x86_64-with-glibc2.35,3.14.2,3.1.0,4,AMD EPYC 9474F 48-Core Processor,1,1 x NVIDIA RTX 5000 Ada Generation,,,4,machine,N
Step #221,2026-02-21T20:09:29,energy-efficiency,ce5fb188-f196-4200-9990-282cc7621ef5,0.27733784075826406,1.6660581958350264e-07,6.006690013063971e-07,360.0,179.31382068583812,10.0,2.773083094507415e-05,1.381306660519499e-05,7.702494997324327e-07,4.2314147050002276e-05,0.0,Canada,CAN,quebec,,,Linux-5.15.0-144-generic-x86_64-with-glibc2.35,3.14.2,3.1.0,4,AMD EPYC 9474F 48-Core Processor,1,1 x NVIDIA RTX 5000 Ada Generation,,,4,machine,N
Step #222,2026-02-21T20:09:29,energy-efficiency,ce5fb188-f196-4200-9990-282cc7621ef5,0.2789820982143283,1.6845180163509442e-07,6.036766888731532e-07,360.0,182.3804824724775,10.0,2.78824063949289e-05,1.4126122412250197e-05,7.744563433031146e-07,4.2782985150481914e-05,0.0,Canada,CAN,quebec,,,Linux-5.15.0-144-generic-x86_64-with-glibc2.35,3.14.2,3.1.0,4,AMD EPYC 9474F 48-Core Processor,1,1 x NVIDIA RTX 5000 Ada Generation,,,4,machine,N
Step #223,2026-02-21T20:09:30,energy-efficiency,ce5fb188-f196-4200-9990-282cc7621ef5,0.27650900837033987,1.6897780541439843e-07,6.110332555347644e-07,360.0,188.94389877688891,10.0,2.7641032543033496e-05,1.4507789384055059e-05,7.67756403527339e-07,4.291657833061478e-05,0.0,Canada,CAN,quebec,,,Linux-5.15.0-144-generic-x86_64-with-glibc2.35,3.14.2,3.1.0,4,AMD EPYC 9474F 48-Core Processor,1,1 x NVIDIA RTX 5000 Ada Generation,,,4,machine,N
Step #224,2026-02-21T20:09:30,energy-efficiency,ce5fb188-f196-4200-9990-282cc7621ef5,0.277118188329041,1.546943501303224e-07,5.581596782007533e-07,360.0,140.58354593717524,10.0,2.7701400592923184e-05,1.0818064207995803e-05,7.694357643938808e-07,3.9288900565313464e-05,0.0,Canada,CAN,quebec,,,Linux-5.15.0-144-generic-x86_64-with-glibc2.35,3.14.2,3.1.0,4,AMD EPYC 9474F 48-Core Processor,1,1 x NVIDIA RTX 5000 Ada Generation,,,4,machine,N
Step #225,2026-02-21T20:09:30,energy-efficiency,ce5fb188-f196-4200-9990-282cc7621ef5,0.27788405027240515,1.666875770265356e-07,5.998942757326257e-07,360.0,178.65956449797173,10.0,2.7777520753443502e-05,1.3785844362956823e-05,7.715464931809188e-07,4.2334911609581e-05,0.0,Canada,CAN,quebec,,,Linux-5.15.0-144-generic-x86_64-with-glibc2.35,3.14.2,3.1.0,4,AMD EPYC 9474F 48-Core Processor,1,1 x NVIDIA RTX 5000 Ada Generation,,,4,machine,N
Step #226,2026-02-21T20:09:31,energy-efficiency,ce5fb188-f196-4200-9990-282cc7621ef5,0.2775436732918024,1.664579090026382e-07,5.996776555510594e-07,360.0,178.49421692253375,10.0,2.7747528254985603e-05,1.3758344341141537e-05,7.707084787802619e-07,4.2276581074907754e-05,0.0,Canada,CAN,quebec,,,Linux-5.15.0-144-generic-x86_64-with-glibc2.35,3.14.2,3.1.0,4,AMD EPYC 9474F 48-Core Processor,1,1 x NVIDIA RTX 5000 Ada Generation,,,4,machine,N
Step #227,2026-02-21T20:09:31,energy-efficiency,ce5fb188-f196-4200-9990-282cc7621ef5,0.27844685688614845,1.6746511041437566e-07,6.013006936455143e-07,360.0,179.92411644702523,10.0,2.784290285781036e-05,1.3916122242108031e-05,7.733625773754323e-07,4.2532387677292685e-05,0.0,Canada,CAN,quebec,,,Linux-5.15.0-144-generic-x86_64-with-glibc2.35,3.14.2,3.1.0,4,AMD EPYC 9474F 48-Core Processor,1,1 x NVIDIA RTX 5000 Ada Generation,,,4,machine,N
Step #228,2026-02-21T20:09:31,energy-efficiency,ce5fb188-f196-4200-9990-282cc7621ef5,0.277064255438745,1.6974299631030792e-07,6.126055421281873e-07,360.0,190.28284298738913,10.0,2.7699850592761976e-05,1.4641678379945233e-05,7.693907090773069e-07,4.311091968178457e-05,0.0,Canada,CAN,quebec,,,Linux-5.15.0-144-generic-x86_64-with-glibc2.35,3.14.2,3.1.0,4,AMD EPYC 9474F 48-Core Processor,1,1 x NVIDIA RTX 5000 Ada Generation,,,4,machine,N
Step #229,2026-02-21T20:09:31,energy-efficiency,ce5fb188-f196-4200-9990-282cc7621ef5,0.27708611637353897,1.5494712460802253e-07,5.591578757453542e-07,360.0,141.37178524609828,10.0,2.7703869622201088e-05,1.087973092595007e-05,7.694990736328898e-07,3.9353099621783696e-05,0.0,Canada,CAN,quebec,,,Linux-5.15.0-144-generic-x86_64-with-glibc2.35,3.14.2,3.1.0,4,AMD EPYC 9474F 48-Core Processor,1,1 x NVIDIA RTX 5000 Ada Generation,,,4,machine,N
Step #230,2026-02-21T20:09:32,energy-efficiency,ce5fb188-f196-4200-9990-282cc7621ef5,0.2778525482863188,1.6689412811461788e-07,6.007254996748108e-07,360.0,179.37735607868728,10.0,2.777558770030754e-05,1.3840288850985871e-05,7.714944089659396e-07,4.238737096025867e-05,0.0,Canada,CAN,quebec,,,Linux-5.15.0-144-generic-x86_64-with-glibc2.35,3.14.2,3.1.0,4,AMD EPYC 9474F 48-Core Processor,1,1 x NVIDIA RTX 5000 Ada Generation,,,4,machine,N
Step #231,2026-02-21T20:09:32,energy-efficiency,ce5fb188-f196-4200-9990-282cc7621ef5,0.277541683986783,1.6640384062172829e-07,5.995952839723263e-07,360.0,178.44794389177625,10.0,2.774091819301213e-05,1.3751399887240723e-05,7.705308367601631e-07,4.226284891701432e-05,0.0,Canada,CAN,quebec,,,Linux-5.15.0-144-generic-x86_64-with-glibc2.35,3.14.2,3.1.0,4,AMD EPYC 9474F 48-Core Processor,1,1 x NVIDIA RTX 5000 Ada Generation,,,4,machine,N
Step #232,2026-02-21T20:09:32,energy-efficiency,ce5fb188-f196-4200-9990-282cc7621ef5,0.2783532766625285,1.675117384730354e-07,6.017378300234139e-07,360.0,180.49571535136855,10.0,2.7821721322834718e-05,1.3949733386198204e-05,7.727754509283355e-07,4.25442301599608e-05,0.0,Canada,CAN,quebec,,,Linux-5.15.0-144-generic-x86_64-with-glibc2.35,3.14.2,3.1.0,4,AMD EPYC 9474F 48-Core Processor,1,1 x NVIDIA RTX 5000 Ada Generation,,,4,machine,N
Step #233,2026-02-21T20:09:33,energy-efficiency,ce5fb188-f196-4200-9990-282cc7621ef5,0.27625217381864786,1.6927681877955977e-07,6.127598358740002e-07,360.0,190.51802611028128,10.0,2.761221528053276e-05,1.4613345022951307e-05,7.669607254986934e-07,4.299252102898249e-05,0.0,Canada,CAN,quebec,,,Linux-5.15.0-144-generic-x86_64-with-glibc2.35,3.14.2,3.1.0,4,AMD EPYC 9474F 48-Core Processor,1,1 x NVIDIA RTX 5000 Ada Generation,,,4,machine,N
Step #234,2026-02-21T20:09:33,energy-efficiency,ce5fb188-f196-4200-9990-282cc7621ef5,0.2780330618843436,1.56049999877065e-07,5.612225824061952e-07,360.0,143.3969276456231,10.0,2.779099596664312e-05,1.1070286635828097e-05,7.719226388467758e-07,3.963320524131772e-05,0.0,Canada,CAN,quebec,,,Linux-5.15.0-144-generic-x86_64-with-glibc2.35,3.14.2,3.1.0,4,AMD EPYC 9474F 48-Core Processor,1,1 x NVIDIA RTX 5000 Ada Generation,,,4,machine,N
Step #235,2026-02-21T20:09:33,energy-efficiency,ce5fb188-f196-4200-9990-282cc7621ef5,0.2775055142119527,1.661349635646278e-07,5.987189822734419e-07,360.0,177.66830087996726,10.0,2.7735551074147338e-05,1.3688622061636124e-05,7.703870302066108e-07,4.219456016599059e-05,0.0,Canada,CAN,quebec,,,Linux-5.15.0-144-generic-x86_64-with-glibc2.35,3.14.2,3.1.0,4,AMD EPYC 9474F 48-Core Processor,1,1 x NVIDIA RTX 5000 Ada Generation,,,4,machine,N
Step #236,2026-02-21T20:09:33,energy-efficiency,ce5fb188-f196-4200-9990-282cc7621ef5,0.2777225077152252,1.6704229783070455e-07,6.014717769581277e-07,360.0,180.25402489949465,10.0,2.7755981404334502e-05,1.389806666907134e-05,7.709546764898606e-07,4.242500274989451e-05,0.0,Canada,CAN,quebec,,,Linux-5.15.0-144-generic-x86_64-with-glibc2.35,3.14.2,3.1.0,4,AMD EPYC 9474F 48-Core Processor,1,1 x NVIDIA RTX 5000 Ada Generation,,,4,machine,N
Step #237,2026-02-21T20:09:34,energy-efficiency,ce5fb188-f196-4200-9990-282cc7621ef5,0.27941629383713007,1.697302497792163e-07,6.075016848070284e-07,360.0,185.94823230850827,10.0,2.791373087093242e-05,1.441862264783822e-05,7.753288295740896e-07,4.3107682348345056e-05,0.0,Canada,CAN,quebec,,,Linux-5.15.0-144-generic-x86_64-with-glibc2.35,3.14.2,3.1.0,4,AMD EPYC 9474F 48-Core Processor,1,1 x NVIDIA RTX 5000 Ada Generation,,,4,machine,N
Step #238,2026-02-21T20:09:34,energy-efficiency,ce5fb188-f196-4200-9990-282cc7621ef5,0.27615812327712774,1.69079889841451e-07,6.122127911493215e-07,360.0,190.0355563465845,10.0,2.7603828161954988e-05,1.4571956103992534e-05,7.667212229635931e-07,4.294250548891182e-05,0.0,Canada,CAN,quebec,,,Linux-5.15.0-144-generic-x86_64-with-glibc2.35,3.14.2,3.1.0,4,AMD EPYC 9474F 48-Core Processor,1,1 x NVIDIA RTX 5000 Ada Generation,,,4,machine,N
Step #239,2026-02-21T20:09:34,energy-efficiency,ce5fb188-f196-4200-9990-282cc7621ef5,0.27706859540194273,1.554659776387257e-07,5.611659403535058e-07,360.0,143.2326496960313,10.0,2.769586751237476e-05,1.1019731037009706e-05,7.692781225260867e-07,3.94848766719115e-05,0.0,Canada,CAN,quebec,,,Linux-5.15.0-144-generic-x86_64-with-glibc2.35,3.14.2,3.1.0,4,AMD EPYC 9474F 48-Core Processor,1,1 x NVIDIA RTX 5000 Ada Generation,,,4,machine,N
Step #240,2026-02-21T20:09:35,energy-efficiency,ce5fb188-f196-4200-9990-282cc7621ef5,0.27746868319809437,1.6660282319308115e-07,6.004521454305076e-07,360.0,179.1105054004728,10.0,2.7740627154707563e-05,1.3802233265636232e-05,7.705256135927241e-07,4.2313386033937875e-05,0.0,Canada,CAN,quebec,,,Linux-5.15.0-144-generic-x86_64-with-glibc2.35,3.14.2,3.1.0,4,AMD EPYC 9474F 48-Core Processor,1,1 x NVIDIA RTX 5000 Ada Generation,,,4,machine,N
Step #241,2026-02-21T20:09:35,energy-efficiency,ce5fb188-f196-4200-9990-282cc7621ef5,0.277666506357491,1.670603242969089e-07,6.016610637538678e-07,360.0,180.40689638502792,10.0,2.775125224143294e-05,1.3907511124955363e-05,7.708177022222118e-07,4.242958106860997e-05,0.0,Canada,CAN,quebec,,,Linux-5.15.0-144-generic-x86_64-with-glibc2.35,3.14.2,3.1.0,4,AMD EPYC 9474F 48-Core Processor,1,1 x NVIDIA RTX 5000 Ada Generation,,,4,machine,N
Step #242,2026-02-21T20:09:35,energy-efficiency,ce5fb188-f196-4200-9990-282cc7621ef5,0.27914685010910034,1.698838845611418e-07,6.086127956413651e-07,360.0,186.80555245876005,10.0,2.7896017767489213e-05,1.447584491387488e-05,7.748394609532409e-07,4.314670214231563e-05,0.0,Canada,CAN,quebec,,,Linux-5.15.0-144-generic-x86_64-with-glibc2.35,3.14.2,3.1.0,4,AMD EPYC 9474F 48-Core Processor,1,1 x NVIDIA RTX 5000 Ada Generation,,,4,machine,N
Step #243,2026-02-21T20:09:35,energy-efficiency,ce5fb188-f196-4200-9990-282cc7621ef5,0.27597618848085403,1.6887493730876322e-07,6.119245599150925e-07,360.0,189.56756035164327,10.0,2.7593448851257613e-05,1.4530567177928333e-05,7.664361063184017e-07,4.289045213550467e-05,0.0,Canada,CAN,quebec,,,Linux-5.15.0-144-generic-x86_64-with-glibc2.35,3.14.2,3.1.0,4,AMD EPYC 9474F 48-Core Processor,1,1 x NVIDIA RTX 5000 Ada Generation,,,4,machine,N
Step #244,2026-02-21T20:09:36,energy-efficiency,ce5fb188-f196-4200-9990-282cc7621ef5,0.2777905995026231,1.5578797843333832e-07,5.607548633814952e-07,360.0,142.95775638240363,10.0,2.7768135629594425e-05,1.1027231042959329e-05,7.712909900065826e-07,3.956665766255939e-05,0.0,Canada,CAN,quebec,,,Linux-5.15.0-144-generic-x86_64-with-glibc2.35,3.14.2,3.1.0,4,AMD EPYC 9474F 48-Core Processor,1,1 x NVIDIA RTX 5000 Ada Generation,,,4,machine,N
Step #245,2026-02-21T20:09:36,energy-efficiency,ce5fb188-f196-4200-9990-282cc7621ef5,0.27828584611415863,1.6687840671789246e-07,5.996544590996459e-07,360.0,178.42675775701255,10.0,2.7821161504834602e-05,1.3789455479695789e-05,7.727610930386482e-07,4.2383378077569256e-05,0.0,Canada,CAN,quebec,,,Linux-5.15.0-144-generic-x86_64-with-glibc2.35,3.14.2,3.1.0,4,AMD EPYC 9474F 48-Core Processor,1,1 x NVIDIA RTX 5000 Ada Generation,,,4,machine,N
Step #246,2026-02-21T20:09:36,energy-efficiency,ce5fb188-f196-4200-9990-282cc7621ef5,0.27715591713786125,1.6660114279768855e-07,6.011404630607001e-07,360.0,179.82580262847486,10.0,2.77042645029724e-05,1.3839177736230113e-05,7.695170119404674e-07,4.231295925114127e-05,0.0,Canada,CAN,quebec,,,Linux-5.15.0-144-generic-x86_64-with-glibc2.35,3.14.2,3.1.0,4,AMD EPYC 9474F 48-Core Processor,1,1 x NVIDIA RTX 5000 Ada Generation,,,4,machine,N
Step #247,2026-02-21T20:09:36,energy-efficiency,ce5fb188-f196-4200-9990-282cc7621ef5,0.2792561808601022,1.6976065443704554e-07,6.078668508306311e-07,360.0,186.07119864839058,10.0,2.7912589907645897e-05,1.4427511544568006e-05,7.753029983076831e-07,4.311540445052324e-05,0.0,Canada,CAN,quebec,,,Linux-5.15.0-144-generic-x86_64-with-glibc2.35,3.14.2,3.1.0,4,AMD EPYC 9474F 48-Core Processor,1,1 x NVIDIA RTX 5000 Ada Generation,,,4,machine,N
Step #248,2026-02-21T20:09:37,energy-efficiency,ce5fb188-f196-4200-9990-282cc7621ef5,0.2765307780355215,1.6877528100440922e-07,6.103141791335649e-07,360.0,188.4501230281865,10.0,2.7632339391857157e-05,1.4465289346787813e-05,7.675129273492366e-07,4.286514166599448e-05,0.0,Canada,CAN,quebec,,,Linux-5.15.0-144-generic-x86_64-with-glibc2.35,3.14.2,3.1.0,4,AMD EPYC 9474F 48-Core Processor,1,1 x NVIDIA RTX 5000 Ada Generation,,,4,machine,N
Step #249,2026-02-21T20:09:37,energy-efficiency,ce5fb188-f196-4200-9990-282cc7621ef5,0.2766284290701151,1.5468080664459251e-07,5.589636193517737e-07,360.0,141.21447104203418,10.0,2.7664812002330987e-05,1.0852230904134785e-05,7.684179167780645e-07,3.928546082324416e-05,0.0,Canada,CAN,quebec,,,Linux-5.15.0-144-generic-x86_64-with-glibc2.35,3.14.2,3.1.0,4,AMD EPYC 9474F 48-Core Processor,1,1 x NVIDIA RTX 5000 Ada Generation,,,4,machine,N
Step #250,2026-02-21T20:09:37,energy-efficiency,ce5fb188-f196-4200-9990-282cc7621ef5,0.2779761394485831,1.6748637981603442e-07,6.025239541394816e-07,360.0,181.01894477030783,10.0,2.7791125979274856e-05,1.3974733402477568e-05,7.719302472347894e-07,4.2537789628987674e-05,0.0,Canada,CAN,quebec,,,Linux-5.15.0-144-generic-x86_64-with-glibc2.35,3.14.2,3.1.0,4,AMD EPYC 9474F 48-Core Processor,1,1 x NVIDIA RTX 5000 Ada Generation,,,4,machine,N
Step #251,2026-02-21T20:09:38,energy-efficiency,ce5fb188-f196-4200-9990-282cc7621ef5,0.27777212765067816,1.6719224211918292e-07,6.018244515480393e-07,360.0,180.6171605522004,10.0,2.7762506529688605e-05,1.392945558720271e-05,7.711231242865332e-07,4.246308524117823e-05,0.0,Canada,CAN,quebec,,,Linux-5.15.0-144-generic-x86_64-with-glibc2.35,3.14.2,3.1.0,4,AMD EPYC 9474F 48-Core Processor,1,1 x NVIDIA RTX 5000 Ada Generation,,,4,machine,N
Step #252,2026-02-21T20:09:38,energy-efficiency,ce5fb188-f196-4200-9990-282cc7621ef5,0.27905579935759306,1.6931466006131718e-07,6.067499332907289e-07,360.0,185.0212695087053,10.0,2.7891851682215578e-05,1.433556702679084e-05,7.747131580900803e-07,4.300213186709742e-05,0.0,Canada,CAN,quebec,,,Linux-5.15.0-144-generic-x86_64-with-glibc2.35,3.14.2,3.1.0,4,AMD EPYC 9474F 48-Core Processor,1,1 x NVIDIA RTX 5000 Ada Generation,,,4,machine,N
Step #253,2026-02-21T20:09:38,energy-efficiency,ce5fb188-f196-4200-9990-282cc7621ef5,0.27650038804858923,1.6896585317766527e-07,6.111744022547271e-07,360.0,188.88740846240947,10.0,2.7641861699521757e-05,1.4503900487738974e-05,7.677805428910511e-07,4.291354273015108e-05,0.0,Canada,CAN,quebec,,,Linux-5.15.0-144-generic-x86_64-with-glibc2.35,3.14.2,3.1.0,4,AMD EPYC 9474F 48-Core Processor,1,1 x NVIDIA RTX 5000 Ada Generation,,,4,machine,N
Step #254,2026-02-21T20:09:38,energy-efficiency,ce5fb188-f196-4200-9990-282cc7621ef5,0.2768454225733876,1.5482793480278023e-07,5.5926036779151e-07,360.0,141.44734005398269,10.0,2.7678467147052542e-05,1.087556426071501e-05,7.687966727341336e-07,3.932282808050136e-05,0.0,Canada,CAN,quebec,,,Linux-5.15.0-144-generic-x86_64-with-glibc2.35,3.14.2,3.1.0,4,AMD EPYC 9474F 48-Core Processor,1,1 x NVIDIA RTX 5000 Ada Generation,,,4,machine,N
Step #255,2026-02-21T20:09:39,energy-efficiency,ce5fb188-f196-4200-9990-282cc7621ef5,0.2778797084465623,1.66531383767749e-07,5.993577329137103e-07,360.0,178.11211201403356,10.0,2.7779194805770818e-05,1.3744455440445336e-05,7.71591773567103e-07,4.229524201978391e-05,0.0,Canada,CAN,quebec,,,Linux-5.15.0-144-generic-x86_64-with-glibc2.35,3.14.2,3.1.0,4,AMD EPYC 9474F 48-Core Processor,1,1 x NVIDIA RTX 5000 Ada Generation,,,4,machine,N
Step #256,2026-02-21T20:09:39,energy-efficiency,ce5fb188-f196-4200-9990-282cc7621ef5,0.2777524571865797,1.6672300381987044e-07,6.000700646681924e-07,360.0,178.93875551809052,10.0,2.776924772188074e-05,1.3803344373286563e-05,7.713171265398414e-07,4.2343909221706846e-05,0.0,Canada,CAN,quebec,,,Linux-5.15.0-144-generic-x86_64-with-glibc2.35,3.14.2,3.1.0,4,AMD EPYC 9474F 48-Core Processor,1,1 x NVIDIA RTX 5000 Ada Generation,,,4,machine,N
