task_name,timestamp,project_name,run_id,duration,emissions,emissions_rate,cpu_power,gpu_power,ram_power,cpu_energy,gpu_energy,ram_energy,energy_consumed,water_consumed,country_name,country_iso_code,region,cloud_provider,cloud_region,os,python_version,codecarbon_version,cpu_count,cpu_model,gpu_count,gpu_model,longitude,latitude,ram_total_size,tracking_mode,on_cloud
Forward pass #1,2026-02-21T19:53:56,energy-efficiency,09cce248-eba0-43d2-be60-1c9eec337903,0.13112140446901321,7.031371021854985e-08,5.39272004677394e-07,360.0,121.37985439244207,10.0,1.3082925975322723e-05,4.411947976734609e-06,3.6323377345171243e-07,1.7858107725509046e-05,0.0,Canada,CAN,quebec,,,Linux-5.15.0-144-generic-x86_64-with-glibc2.35,3.14.2,3.1.0,4,AMD EPYC 9474F 48-Core Processor,1,1 x NVIDIA RTX 5000 Ada Generation,,,4,machine,N
Backward pass #1,2026-02-21T19:53:56,energy-efficiency,09cce248-eba0-43d2-be60-1c9eec337903,0.1286870250478387,6.783040129633115e-08,5.299860240455049e-07,360.0,118.92235836887235,10.0,1.2684372533112762e-05,4.1908366839038536e-06,3.521936557566126e-07,1.722740287277323e-05,0.0,Canada,CAN,quebec,,,Linux-5.15.0-144-generic-x86_64-with-glibc2.35,3.14.2,3.1.0,4,AMD EPYC 9474F 48-Core Processor,1,1 x NVIDIA RTX 5000 Ada Generation,,,4,machine,N
Optimisation step #1,2026-02-21T19:53:56,energy-efficiency,09cce248-eba0-43d2-be60-1c9eec337903,0.08042378630489111,4.974921327615602e-08,6.208190087195032e-07,360.0,193.7905132583887,10.0,8.067594934254885e-06,4.343614584456645e-06,2.2397652371890011e-07,1.2635186042430434e-05,0.0,Canada,CAN,quebec,,,Linux-5.15.0-144-generic-x86_64-with-glibc2.35,3.14.2,3.1.0,4,AMD EPYC 9474F 48-Core Processor,1,1 x NVIDIA RTX 5000 Ada Generation,,,4,machine,N
Forward pass #2,2026-02-21T19:53:56,energy-efficiency,09cce248-eba0-43d2-be60-1c9eec337903,0.07238841522485018,4.766826918584858e-08,6.637476294136733e-07,360.0,282.4664126029518,10.0,6.67932266369462e-06,5.2419486387123015e-06,1.8540154366443566e-07,1.2106672846071355e-05,0.0,Canada,CAN,quebec,,,Linux-5.15.0-144-generic-x86_64-with-glibc2.35,3.14.2,3.1.0,4,AMD EPYC 9474F 48-Core Processor,1,1 x NVIDIA RTX 5000 Ada Generation,,,4,machine,N
Backward pass #2,2026-02-21T19:53:57,energy-efficiency,09cce248-eba0-43d2-be60-1c9eec337903,0.11782625317573547,6.832995318454232e-08,5.836746201133215e-07,360.0,170.4648745043181,10.0,1.1559170577675102e-05,5.4741710471262195e-06,3.2093624015235236e-07,1.735427786495368e-05,0.0,Canada,CAN,quebec,,,Linux-5.15.0-144-generic-x86_64-with-glibc2.35,3.14.2,3.1.0,4,AMD EPYC 9474F 48-Core Processor,1,1 x NVIDIA RTX 5000 Ada Generation,,,4,machine,N
Optimisation step #2,2026-02-21T19:53:57,energy-efficiency,09cce248-eba0-43d2-be60-1c9eec337903,0.05877993907779455,2.36255970421217e-08,4.043871594592224e-07,360.0,0.0,10.0,5.838313326239588e-06,0.0,1.6205922907425294e-07,6.000372555313839e-06,0.0,Canada,CAN,quebec,,,Linux-5.15.0-144-generic-x86_64-with-glibc2.35,3.14.2,3.1.0,4,AMD EPYC 9474F 48-Core Processor,1,1 x NVIDIA RTX 5000 Ada Generation,,,4,machine,N
Forward pass #3,2026-02-21T19:53:57,energy-efficiency,09cce248-eba0-43d2-be60-1c9eec337903,0.06699663121253252,4.123732416822577e-08,6.189248243041875e-07,360.0,197.8792659482526,10.0,6.63906810805201e-06,3.6500029203523354e-06,1.8428580369800336e-07,1.0473356832102352e-05,0.0,Canada,CAN,quebec,,,Linux-5.15.0-144-generic-x86_64-with-glibc2.35,3.14.2,3.1.0,4,AMD EPYC 9474F 48-Core Processor,1,1 x NVIDIA RTX 5000 Ada Generation,,,4,machine,N
Backward pass #3,2026-02-21T19:53:57,energy-efficiency,09cce248-eba0-43d2-be60-1c9eec337903,0.12108054384589195,6.854988274821142e-08,5.713349826669977e-07,360.0,147.27834635526813,10.0,1.2116218544542791e-05,4.957503964675425e-06,3.3641253960215374e-07,1.7410135048820364e-05,0.0,Canada,CAN,quebec,,,Linux-5.15.0-144-generic-x86_64-with-glibc2.35,3.14.2,3.1.0,4,AMD EPYC 9474F 48-Core Processor,1,1 x NVIDIA RTX 5000 Ada Generation,,,4,machine,N
Optimisation step #3,2026-02-21T19:53:57,energy-efficiency,09cce248-eba0-43d2-be60-1c9eec337903,0.059122275561094284,4.6216140371650714e-08,7.899438203767085e-07,360.0,353.26988623086453,10.0,5.841821245849131e-06,5.733893477355423e-06,1.621499243709775e-07,1.173786464757553e-05,0.0,Canada,CAN,quebec,,,Linux-5.15.0-144-generic-x86_64-with-glibc2.35,3.14.2,3.1.0,4,AMD EPYC 9474F 48-Core Processor,1,1 x NVIDIA RTX 5000 Ada Generation,,,4,machine,N
Forward pass #4,2026-02-21T19:53:57,energy-efficiency,09cce248-eba0-43d2-be60-1c9eec337903,0.06726401392370462,4.520744080327967e-08,6.754033601346915e-07,360.0,249.71895193264544,10.0,6.669325474649673e-06,4.627225923314882e-06,1.8512614899211457e-07,1.1481677546956671e-05,0.0,Canada,CAN,quebec,,,Linux-5.15.0-144-generic-x86_64-with-glibc2.35,3.14.2,3.1.0,4,AMD EPYC 9474F 48-Core Processor,1,1 x NVIDIA RTX 5000 Ada Generation,,,4,machine,N
Backward pass #4,2026-02-21T19:53:57,energy-efficiency,09cce248-eba0-43d2-be60-1c9eec337903,0.12077253963798285,6.581200363960579e-08,5.474754162202542e-07,360.0,134.38785056759082,10.0,1.1929653491824863e-05,4.453892451294905e-06,3.312291267017523e-07,1.6714775069821532e-05,0.0,Canada,CAN,quebec,,,Linux-5.15.0-144-generic-x86_64-with-glibc2.35,3.14.2,3.1.0,4,AMD EPYC 9474F 48-Core Processor,1,1 x NVIDIA RTX 5000 Ada Generation,,,4,machine,N
Optimisation step #4,2026-02-21T19:53:57,energy-efficiency,09cce248-eba0-43d2-be60-1c9eec337903,0.05868708807975054,4.127784091113228e-08,7.081948920178071e-07,360.0,279.5151808715532,10.0,5.810144823044535e-06,4.512225832087324e-06,1.6127652229948185e-07,1.0483647177431343e-05,0.0,Canada,CAN,quebec,,,Linux-5.15.0-144-generic-x86_64-with-glibc2.35,3.14.2,3.1.0,4,AMD EPYC 9474F 48-Core Processor,1,1 x NVIDIA RTX 5000 Ada Generation,,,4,machine,N
Forward pass #5,2026-02-21T19:53:57,energy-efficiency,09cce248-eba0-43d2-be60-1c9eec337903,0.06712435185909271,2.693457449592494e-08,4.032702881833558e-07,360.0,0.0,10.0,6.656017247587444e-06,0.0,1.8476147670298814e-07,6.84077872429041e-06,0.0,Canada,CAN,quebec,,,Linux-5.15.0-144-generic-x86_64-with-glibc2.35,3.14.2,3.1.0,4,AMD EPYC 9474F 48-Core Processor,1,1 x NVIDIA RTX 5000 Ada Generation,,,4,machine,N
Backward pass #5,2026-02-21T19:53:57,energy-efficiency,09cce248-eba0-43d2-be60-1c9eec337903,0.14353756327182055,9.043991023307366e-08,6.334512745177871e-07,360.0,320.865765980876,10.0,1.1968506127595893e-05,1.0668897424181978e-05,3.3230825275596637e-07,2.2969711804533843e-05,0.0,Canada,CAN,quebec,,,Linux-5.15.0-144-generic-x86_64-with-glibc2.35,3.14.2,3.1.0,4,AMD EPYC 9474F 48-Core Processor,1,1 x NVIDIA RTX 5000 Ada Generation,,,4,machine,N
Optimisation step #5,2026-02-21T19:53:57,energy-efficiency,09cce248-eba0-43d2-be60-1c9eec337903,0.06795646622776985,2.350450136309739e-08,3.4923685499241847e-07,360.0,0.0,10.0,5.8083979412913245e-06,0.0,1.6121902347852778e-07,5.9696169647698645e-06,0.0,Canada,CAN,quebec,,,Linux-5.15.0-144-generic-x86_64-with-glibc2.35,3.14.2,3.1.0,4,AMD EPYC 9474F 48-Core Processor,1,1 x NVIDIA RTX 5000 Ada Generation,,,4,machine,N
Forward pass #6,2026-02-21T19:53:58,energy-efficiency,09cce248-eba0-43d2-be60-1c9eec337903,0.06833209190517664,2.7523974812881413e-08,4.049017920349091e-07,360.0,0.0,10.0,6.801667716354123e-06,0.0,1.8880548886954772e-07,6.990473205223662e-06,0.0,Canada,CAN,quebec,,,Linux-5.15.0-144-generic-x86_64-with-glibc2.35,3.14.2,3.1.0,4,AMD EPYC 9474F 48-Core Processor,1,1 x NVIDIA RTX 5000 Ada Generation,,,4,machine,N
Backward pass #6,2026-02-21T19:53:58,energy-efficiency,09cce248-eba0-43d2-be60-1c9eec337903,0.12014976050704718,8.994477663743971e-08,7.540445602199892e-07,360.0,319.2730607434289,10.0,1.1930504534393542e-05,1.0582230689948346e-05,3.312237353788479e-07,2.2843958959720725e-05,0.0,Canada,CAN,quebec,,,Linux-5.15.0-144-generic-x86_64-with-glibc2.35,3.14.2,3.1.0,4,AMD EPYC 9474F 48-Core Processor,1,1 x NVIDIA RTX 5000 Ada Generation,,,4,machine,N
Optimisation step #6,2026-02-21T19:53:58,energy-efficiency,09cce248-eba0-43d2-be60-1c9eec337903,0.05877466779202223,2.3221964332365984e-08,3.986368596682569e-07,360.0,0.0,10.0,5.73857473209501e-06,0.0,1.5928415426363584e-07,5.897858886358642e-06,0.0,Canada,CAN,quebec,,,Linux-5.15.0-144-generic-x86_64-with-glibc2.35,3.14.2,3.1.0,4,AMD EPYC 9474F 48-Core Processor,1,1 x NVIDIA RTX 5000 Ada Generation,,,4,machine,N
Forward pass #7,2026-02-21T19:53:58,energy-efficiency,09cce248-eba0-43d2-be60-1c9eec337903,0.07253774907439947,3.969559926565562e-08,5.517242493630658e-07,360.0,175.04204582048536,10.0,6.658648326992992e-06,3.2383359247489807e-06,1.8480898191531458e-07,1.008179323365728e-05,0.0,Canada,CAN,quebec,,,Linux-5.15.0-144-generic-x86_64-with-glibc2.35,3.14.2,3.1.0,4,AMD EPYC 9474F 48-Core Processor,1,1 x NVIDIA RTX 5000 Ada Generation,,,4,machine,N
Backward pass #7,2026-02-21T19:53:58,energy-efficiency,09cce248-eba0-43d2-be60-1c9eec337903,0.11718027200549841,6.913633785669155e-08,5.942369559016614e-07,360.0,176.50467595387036,10.0,1.1566274706274266e-05,5.671671203799633e-06,3.211356026844843e-07,1.7559081512758375e-05,0.0,Canada,CAN,quebec,,,Linux-5.15.0-144-generic-x86_64-with-glibc2.35,3.14.2,3.1.0,4,AMD EPYC 9474F 48-Core Processor,1,1 x NVIDIA RTX 5000 Ada Generation,,,4,machine,N
Optimisation step #7,2026-02-21T19:53:58,energy-efficiency,09cce248-eba0-43d2-be60-1c9eec337903,0.05965751316398382,4.3926755890548714e-08,7.44615418351457e-07,360.0,329.1637286158964,10.0,5.743922758847471e-06,5.2530597578481775e-06,1.5942974326511254e-07,1.1156412259960774e-05,0.0,Canada,CAN,quebec,,,Linux-5.15.0-144-generic-x86_64-with-glibc2.35,3.14.2,3.1.0,4,AMD EPYC 9474F 48-Core Processor,1,1 x NVIDIA RTX 5000 Ada Generation,,,4,machine,N
Forward pass #8,2026-02-21T19:53:58,energy-efficiency,09cce248-eba0-43d2-be60-1c9eec337903,0.06711661256849766,4.825407966313066e-08,7.230246990197232e-07,360.0,292.6086746534503,10.0,6.65787244215609e-06,5.41278210874907e-06,1.848010372163523e-07,1.2255455588121506e-05,0.0,Canada,CAN,quebec,,,Linux-5.15.0-144-generic-x86_64-with-glibc2.35,3.14.2,3.1.0,4,AMD EPYC 9474F 48-Core Processor,1,1 x NVIDIA RTX 5000 Ada Generation,,,4,machine,N
Backward pass #8,2026-02-21T19:53:58,energy-efficiency,09cce248-eba0-43d2-be60-1c9eec337903,0.12062402628362179,7.084734887019765e-08,5.913299878899508e-07,360.0,169.22626644392173,10.0,1.2012601923197503e-05,5.647504519146196e-06,3.335335498882664e-07,1.799363999223201e-05,0.0,Canada,CAN,quebec,,,Linux-5.15.0-144-generic-x86_64-with-glibc2.35,3.14.2,3.1.0,4,AMD EPYC 9474F 48-Core Processor,1,1 x NVIDIA RTX 5000 Ada Generation,,,4,machine,N
Optimisation step #8,2026-02-21T19:53:58,energy-efficiency,09cce248-eba0-43d2-be60-1c9eec337903,0.05865172669291496,2.3512201820683202e-08,4.0352558813536814e-07,360.0,0.0,10.0,5.810297746211286e-06,0.0,1.6127496233416896e-07,5.9715727085454784e-06,0.0,Canada,CAN,quebec,,,Linux-5.15.0-144-generic-x86_64-with-glibc2.35,3.14.2,3.1.0,4,AMD EPYC 9474F 48-Core Processor,1,1 x NVIDIA RTX 5000 Ada Generation,,,4,machine,N
Forward pass #9,2026-02-21T19:53:58,energy-efficiency,09cce248-eba0-43d2-be60-1c9eec337903,0.0671501625329256,4.097459258599037e-08,6.132222927248912e-07,360.0,192.5022132726665,10.0,6.659819371998316e-06,3.5619472917858275e-06,1.84862230283519e-07,1.040662889406765e-05,0.0,Canada,CAN,quebec,,,Linux-5.15.0-144-generic-x86_64-with-glibc2.35,3.14.2,3.1.0,4,AMD EPYC 9474F 48-Core Processor,1,1 x NVIDIA RTX 5000 Ada Generation,,,4,machine,N
Backward pass #9,2026-02-21T19:53:58,energy-efficiency,09cce248-eba0-43d2-be60-1c9eec337903,0.12089605070650578,6.798101740678724e-08,5.663168384770412e-07,360.0,148.24782179172075,10.0,1.1993213556706897e-05,4.939448395191448e-06,3.329940398948057e-07,1.7265655991793145e-05,0.0,Canada,CAN,quebec,,,Linux-5.15.0-144-generic-x86_64-with-glibc2.35,3.14.2,3.1.0,4,AMD EPYC 9474F 48-Core Processor,1,1 x NVIDIA RTX 5000 Ada Generation,,,4,machine,N
Optimisation step #9,2026-02-21T19:53:58,energy-efficiency,09cce248-eba0-43d2-be60-1c9eec337903,0.058866540901362896,4.632138627082815e-08,7.907892556817965e-07,360.0,356.490654988102,10.0,5.829179100692259e-06,5.773615733062343e-06,1.6179991523838693e-07,1.1764594748992993e-05,0.0,Canada,CAN,quebec,,,Linux-5.15.0-144-generic-x86_64-with-glibc2.35,3.14.2,3.1.0,4,AMD EPYC 9474F 48-Core Processor,1,1 x NVIDIA RTX 5000 Ada Generation,,,4,machine,N
Forward pass #10,2026-02-21T19:53:59,energy-efficiency,09cce248-eba0-43d2-be60-1c9eec337903,0.06712403241544962,4.534434990444808e-08,6.788180422715995e-07,360.0,253.25676481732972,10.0,6.651534233242267e-06,4.6802815170110534e-06,1.8463364233159366e-07,1.1516449392584929e-05,0.0,Canada,CAN,quebec,,,Linux-5.15.0-144-generic-x86_64-with-glibc2.35,3.14.2,3.1.0,4,AMD EPYC 9474F 48-Core Processor,1,1 x NVIDIA RTX 5000 Ada Generation,,,4,machine,N
Backward pass #10,2026-02-21T19:53:59,energy-efficiency,09cce248-eba0-43d2-be60-1c9eec337903,0.12100143171846867,6.616285183403853e-08,5.505214100674245e-07,360.0,136.5380625595872,10.0,1.1942300759255908e-05,4.530003625546897e-06,3.3157826918694714e-07,1.6803882653989742e-05,0.0,Canada,CAN,quebec,,,Linux-5.15.0-144-generic-x86_64-with-glibc2.35,3.14.2,3.1.0,4,AMD EPYC 9474F 48-Core Processor,1,1 x NVIDIA RTX 5000 Ada Generation,,,4,machine,N
Optimisation step #10,2026-02-21T19:53:59,energy-efficiency,09cce248-eba0-43d2-be60-1c9eec337903,0.058725157752633095,4.141566416035181e-08,7.075967837026567e-07,360.0,275.23239886553137,10.0,5.8682568371296e-06,4.487503588279651e-06,1.6289077078302684e-07,1.051865119619229e-05,0.0,Canada,CAN,quebec,,,Linux-5.15.0-144-generic-x86_64-with-glibc2.35,3.14.2,3.1.0,4,AMD EPYC 9474F 48-Core Processor,1,1 x NVIDIA RTX 5000 Ada Generation,,,4,machine,N
Forward pass #11,2026-02-21T19:53:59,energy-efficiency,09cce248-eba0-43d2-be60-1c9eec337903,0.06732175592333078,2.700875279227428e-08,4.03092489544688e-07,360.0,0.0,10.0,6.674392614513624e-06,0.0,1.852257358324193e-07,6.859618350346034e-06,0.0,Canada,CAN,quebec,,,Linux-5.15.0-144-generic-x86_64-with-glibc2.35,3.14.2,3.1.0,4,AMD EPYC 9474F 48-Core Processor,1,1 x NVIDIA RTX 5000 Ada Generation,,,4,machine,N
Backward pass #11,2026-02-21T19:53:59,energy-efficiency,09cce248-eba0-43d2-be60-1c9eec337903,0.12166267354041338,8.983890881433417e-08,7.43149898983606e-07,360.0,319.0391500844181,10.0,1.1920537333935492e-05,1.0565564007691819e-05,3.309695619261923e-07,2.281707090355349e-05,0.0,Canada,CAN,quebec,,,Linux-5.15.0-144-generic-x86_64-with-glibc2.35,3.14.2,3.1.0,4,AMD EPYC 9474F 48-Core Processor,1,1 x NVIDIA RTX 5000 Ada Generation,,,4,machine,N
Optimisation step #11,2026-02-21T19:53:59,energy-efficiency,09cce248-eba0-43d2-be60-1c9eec337903,0.05915618408471346,2.3660198023732293e-08,4.038275493810569e-07,360.0,0.0,10.0,5.846867337822926e-06,0.0,1.6229309193376038e-07,6.009160429756681e-06,0.0,Canada,CAN,quebec,,,Linux-5.15.0-144-generic-x86_64-with-glibc2.35,3.14.2,3.1.0,4,AMD EPYC 9474F 48-Core Processor,1,1 x NVIDIA RTX 5000 Ada Generation,,,4,machine,N
Forward pass #12,2026-02-21T19:53:59,energy-efficiency,09cce248-eba0-43d2-be60-1c9eec337903,0.06731420569121838,3.9452199490217495e-08,5.899018758537405e-07,360.0,171.23063776919895,10.0,6.664425507187837e-06,3.1705580951779666e-06,1.8499153924899025e-07,1.0019975141614809e-05,0.0,Canada,CAN,quebec,,,Linux-5.15.0-144-generic-x86_64-with-glibc2.35,3.14.2,3.1.0,4,AMD EPYC 9474F 48-Core Processor,1,1 x NVIDIA RTX 5000 Ada Generation,,,4,machine,N
Backward pass #12,2026-02-21T19:53:59,energy-efficiency,09cce248-eba0-43d2-be60-1c9eec337903,0.12099514249712229,6.642020610075196e-08,5.527259686597295e-07,360.0,139.32373497881161,10.0,1.1923213396221376e-05,4.615003692975961e-06,3.310277851091497e-07,1.6869244874306464e-05,0.0,Canada,CAN,quebec,,,Linux-5.15.0-144-generic-x86_64-with-glibc2.35,3.14.2,3.1.0,4,AMD EPYC 9474F 48-Core Processor,1,1 x NVIDIA RTX 5000 Ada Generation,,,4,machine,N
Optimisation step #12,2026-02-21T19:53:59,energy-efficiency,09cce248-eba0-43d2-be60-1c9eec337903,0.05849230382591486,4.351516011978065e-08,7.482785862287113e-07,360.0,315.87592651182797,10.0,5.800319649279138e-06,5.090559625386959e-06,1.609968771744111e-07,1.1051876151840518e-05,0.0,Canada,CAN,quebec,,,Linux-5.15.0-144-generic-x86_64-with-glibc2.35,3.14.2,3.1.0,4,AMD EPYC 9474F 48-Core Processor,1,1 x NVIDIA RTX 5000 Ada Generation,,,4,machine,N
Forward pass #13,2026-02-21T19:53:59,energy-efficiency,09cce248-eba0-43d2-be60-1c9eec337903,0.06704869028180838,4.83891342262874e-08,7.25055267201831e-07,360.0,294.754052937593,10.0,6.655015330761667e-06,5.450004362472782e-06,1.8473672939257504e-07,1.2289756422627026e-05,0.0,Canada,CAN,quebec,,,Linux-5.15.0-144-generic-x86_64-with-glibc2.35,3.14.2,3.1.0,4,AMD EPYC 9474F 48-Core Processor,1,1 x NVIDIA RTX 5000 Ada Generation,,,4,machine,N
Backward pass #13,2026-02-21T19:53:59,energy-efficiency,09cce248-eba0-43d2-be60-1c9eec337903,0.12794748228043318,7.053052635032519e-08,5.547443647963331e-07,360.0,186.55446586671974,10.0,1.158631294965746e-05,6.005282582322025e-06,3.2157863542023604e-07,1.791317416739973e-05,0.0,Canada,CAN,quebec,,,Linux-5.15.0-144-generic-x86_64-with-glibc2.35,3.14.2,3.1.0,4,AMD EPYC 9474F 48-Core Processor,1,1 x NVIDIA RTX 5000 Ada Generation,,,4,machine,N
Optimisation step #13,2026-02-21T19:54:00,energy-efficiency,09cce248-eba0-43d2-be60-1c9eec337903,0.05842507351189852,2.3597416682074998e-08,4.0673822536960655e-07,360.0,0.0,10.0,5.831359233707213e-06,0.0,1.6185614125182303e-07,5.993215374959005e-06,0.0,Canada,CAN,quebec,,,Linux-5.15.0-144-generic-x86_64-with-glibc2.35,3.14.2,3.1.0,4,AMD EPYC 9474F 48-Core Processor,1,1 x NVIDIA RTX 5000 Ada Generation,,,4,machine,N
Forward pass #14,2026-02-21T19:54:00,energy-efficiency,09cce248-eba0-43d2-be60-1c9eec337903,0.06738719623535872,3.9751653998558125e-08,5.926092470342396e-07,360.0,174.21557672171832,10.0,6.678147614002218e-06,3.2325025856039247e-06,1.853796808669966e-07,1.0096029880473224e-05,0.0,Canada,CAN,quebec,,,Linux-5.15.0-144-generic-x86_64-with-glibc2.35,3.14.2,3.1.0,4,AMD EPYC 9474F 48-Core Processor,1,1 x NVIDIA RTX 5000 Ada Generation,,,4,machine,N
Backward pass #14,2026-02-21T19:54:00,energy-efficiency,09cce248-eba0-43d2-be60-1c9eec337903,0.12082760035991669,6.7455495867622e-08,5.620975780959772e-07,360.0,147.53507405473465,10.0,1.1916880402714001e-05,4.884448351560877e-06,3.3085653558373367e-07,1.713218528985865e-05,0.0,Canada,CAN,quebec,,,Linux-5.15.0-144-generic-x86_64-with-glibc2.35,3.14.2,3.1.0,4,AMD EPYC 9474F 48-Core Processor,1,1 x NVIDIA RTX 5000 Ada Generation,,,4,machine,N
Optimisation step #14,2026-02-21T19:54:00,energy-efficiency,09cce248-eba0-43d2-be60-1c9eec337903,0.058763458393514156,4.6246386787332795e-08,7.923052933511873e-07,360.0,357.8847382228749,10.0,5.8084866963327e-06,5.7758379554684325e-06,1.612219079915014e-07,1.1745546559792613e-05,0.0,Canada,CAN,quebec,,,Linux-5.15.0-144-generic-x86_64-with-glibc2.35,3.14.2,3.1.0,4,AMD EPYC 9474F 48-Core Processor,1,1 x NVIDIA RTX 5000 Ada Generation,,,4,machine,N
Forward pass #15,2026-02-21T19:54:00,energy-efficiency,09cce248-eba0-43d2-be60-1c9eec337903,0.06707042083144188,4.52036493963119e-08,6.769024182526474e-07,360.0,251.74123143694032,10.0,6.647037062793948e-06,4.649170385562229e-06,1.8450716613895368e-07,1.1480714614495093e-05,0.0,Canada,CAN,quebec,,,Linux-5.15.0-144-generic-x86_64-with-glibc2.35,3.14.2,3.1.0,4,AMD EPYC 9474F 48-Core Processor,1,1 x NVIDIA RTX 5000 Ada Generation,,,4,machine,N
Backward pass #15,2026-02-21T19:54:00,energy-efficiency,09cce248-eba0-43d2-be60-1c9eec337903,0.12096509151160717,6.626893301282955e-08,5.506862845432895e-07,360.0,137.0523660811948,10.0,1.1949327960610414e-05,4.549725858282727e-06,3.3177107882996466e-07,1.683082489772306e-05,0.0,Canada,CAN,quebec,,,Linux-5.15.0-144-generic-x86_64-with-glibc2.35,3.14.2,3.1.0,4,AMD EPYC 9474F 48-Core Processor,1,1 x NVIDIA RTX 5000 Ada Generation,,,4,machine,N
Optimisation step #15,2026-02-21T19:54:00,energy-efficiency,09cce248-eba0-43d2-be60-1c9eec337903,0.05866810865700245,4.134747863599087e-08,7.0993348949913e-07,360.0,278.4156054644892,10.0,5.829796101897947e-06,4.5097258301041165e-06,1.6181166801187737e-07,1.0501333600014041e-05,0.0,Canada,CAN,quebec,,,Linux-5.15.0-144-generic-x86_64-with-glibc2.35,3.14.2,3.1.0,4,AMD EPYC 9474F 48-Core Processor,1,1 x NVIDIA RTX 5000 Ada Generation,,,4,machine,N
Forward pass #16,2026-02-21T19:54:00,energy-efficiency,09cce248-eba0-43d2-be60-1c9eec337903,0.0673024645075202,2.693393841293045e-08,4.0308839614118583e-07,360.0,0.0,10.0,6.655909307301056e-06,0.0,1.8470786615378355e-07,6.840617173454848e-06,0.0,Canada,CAN,quebec,,,Linux-5.15.0-144-generic-x86_64-with-glibc2.35,3.14.2,3.1.0,4,AMD EPYC 9474F 48-Core Processor,1,1 x NVIDIA RTX 5000 Ada Generation,,,4,machine,N
Backward pass #16,2026-02-21T19:54:00,energy-efficiency,09cce248-eba0-43d2-be60-1c9eec337903,0.11653757095336914,6.497864753192182e-08,5.601484752711324e-07,360.0,143.3732069929259,10.0,1.157237179577348e-05,4.609448133408023e-06,3.2130135223269396e-07,1.6503121281414234e-05,0.0,Canada,CAN,quebec,,,Linux-5.15.0-144-generic-x86_64-with-glibc2.35,3.14.2,3.1.0,4,AMD EPYC 9474F 48-Core Processor,1,1 x NVIDIA RTX 5000 Ada Generation,,,4,machine,N
Optimisation step #16,2026-02-21T19:54:00,energy-efficiency,09cce248-eba0-43d2-be60-1c9eec337903,0.05864333640784025,2.3408188841240632e-08,4.0245635182068463e-07,360.0,0.0,10.0,5.784589424729346e-06,0.0,1.6056631640013666e-07,5.9451557411295585e-06,0.0,Canada,CAN,quebec,,,Linux-5.15.0-144-generic-x86_64-with-glibc2.35,3.14.2,3.1.0,4,AMD EPYC 9474F 48-Core Processor,1,1 x NVIDIA RTX 5000 Ada Generation,,,4,machine,N
Forward pass #17,2026-02-21T19:54:00,energy-efficiency,09cce248-eba0-43d2-be60-1c9eec337903,0.06650191266089678,4.173850169508812e-08,6.29629660022511e-07,360.0,172.03288691774821,10.0,7.040214445441968e-06,3.3650026871612226e-06,1.9542756749110082e-07,1.060064470009424e-05,0.0,Canada,CAN,quebec,,,Linux-5.15.0-144-generic-x86_64-with-glibc2.35,3.14.2,3.1.0,4,AMD EPYC 9474F 48-Core Processor,1,1 x NVIDIA RTX 5000 Ada Generation,,,4,machine,N
Backward pass #17,2026-02-21T19:54:00,energy-efficiency,09cce248-eba0-43d2-be60-1c9eec337903,0.11734653543680906,6.88577266454777e-08,5.901712096990423e-07,360.0,173.04450566703918,10.0,1.1593118309974673e-05,5.573337798381317e-06,3.218643962302145e-07,1.748832050458616e-05,0.0,Canada,CAN,quebec,,,Linux-5.15.0-144-generic-x86_64-with-glibc2.35,3.14.2,3.1.0,4,AMD EPYC 9474F 48-Core Processor,1,1 x NVIDIA RTX 5000 Ada Generation,,,4,machine,N
Optimisation step #17,2026-02-21T19:54:01,energy-efficiency,09cce248-eba0-43d2-be60-1c9eec337903,0.058364502154290676,4.143665192472557e-08,7.157389710203533e-07,360.0,283.0066210984069,10.0,5.801281705498712e-06,4.5616703125972435e-06,1.610296002278718e-07,1.0523981618323864e-05,0.0,Canada,CAN,quebec,,,Linux-5.15.0-144-generic-x86_64-with-glibc2.35,3.14.2,3.1.0,4,AMD EPYC 9474F 48-Core Processor,1,1 x NVIDIA RTX 5000 Ada Generation,,,4,machine,N
Forward pass #18,2026-02-21T19:54:01,energy-efficiency,09cce248-eba0-43d2-be60-1c9eec337903,0.06527570262551308,2.636862243478431e-08,4.057192506138305e-07,360.0,0.0,10.0,6.516162212938045e-06,0.0,1.8087736227446078e-07,6.697039575212526e-06,0.0,Canada,CAN,quebec,,,Linux-5.15.0-144-generic-x86_64-with-glibc2.35,3.14.2,3.1.0,4,AMD EPYC 9474F 48-Core Processor,1,1 x NVIDIA RTX 5000 Ada Generation,,,4,machine,N
Backward pass #18,2026-02-21T19:54:01,energy-efficiency,09cce248-eba0-43d2-be60-1c9eec337903,0.12120262533426285,8.924314082378118e-08,7.412153034575449e-07,360.0,313.47186988771807,10.0,1.1937902867794042e-05,1.0396397204459618e-05,3.314591038765187e-07,2.266575917613022e-05,0.0,Canada,CAN,quebec,,,Linux-5.15.0-144-generic-x86_64-with-glibc2.35,3.14.2,3.1.0,4,AMD EPYC 9474F 48-Core Processor,1,1 x NVIDIA RTX 5000 Ada Generation,,,4,machine,N
Optimisation step #18,2026-02-21T19:54:01,energy-efficiency,09cce248-eba0-43d2-be60-1c9eec337903,0.06728057470172644,2.3346185768471898e-08,3.5070123582553204e-07,360.0,0.0,10.0,5.769269261509172e-06,0.0,1.601390876910751e-07,5.929408349200269e-06,0.0,Canada,CAN,quebec,,,Linux-5.15.0-144-generic-x86_64-with-glibc2.35,3.14.2,3.1.0,4,AMD EPYC 9474F 48-Core Processor,1,1 x NVIDIA RTX 5000 Ada Generation,,,4,machine,N
Forward pass #19,2026-02-21T19:54:01,energy-efficiency,09cce248-eba0-43d2-be60-1c9eec337903,0.06691328901797533,3.573151162888977e-08,5.366636320591869e-07,360.0,113.58632124189593,10.0,6.75553707405927e-06,2.1319461502855575e-06,1.8752052500430137e-07,9.075003749349129e-06,0.0,Canada,CAN,quebec,,,Linux-5.15.0-144-generic-x86_64-with-glibc2.35,3.14.2,3.1.0,4,AMD EPYC 9474F 48-Core Processor,1,1 x NVIDIA RTX 5000 Ada Generation,,,4,machine,N
Backward pass #19,2026-02-21T19:54:01,energy-efficiency,09cce248-eba0-43d2-be60-1c9eec337903,0.11849843338131905,6.93463449897528e-08,5.895237560471192e-07,360.0,178.33257233687758,10.0,1.1562763713300237e-05,5.728615697364603e-06,3.210392107980123e-07,1.7612418621462764e-05,0.0,Canada,CAN,quebec,,,Linux-5.15.0-144-generic-x86_64-with-glibc2.35,3.14.2,3.1.0,4,AMD EPYC 9474F 48-Core Processor,1,1 x NVIDIA RTX 5000 Ada Generation,,,4,machine,N
Optimisation step #19,2026-02-21T19:54:01,energy-efficiency,09cce248-eba0-43d2-be60-1c9eec337903,0.062353845685720444,4.276151116444686e-08,6.927294000350287e-07,360.0,301.03339875023835,10.0,5.825973022729168e-06,4.872781673270765e-06,1.6171149909496253e-07,1.0860466195094804e-05,0.0,Canada,CAN,quebec,,,Linux-5.15.0-144-generic-x86_64-with-glibc2.35,3.14.2,3.1.0,4,AMD EPYC 9474F 48-Core Processor,1,1 x NVIDIA RTX 5000 Ada Generation,,,4,machine,N
Forward pass #20,2026-02-21T19:54:01,energy-efficiency,09cce248-eba0-43d2-be60-1c9eec337903,0.06791229546070099,4.2426834162174986e-08,6.276258190872495e-07,360.0,196.24011630326177,10.0,6.850312370806932e-06,3.7350029877813995e-06,1.9015037299444322e-07,1.0775465731582726e-05,0.0,Canada,CAN,quebec,,,Linux-5.15.0-144-generic-x86_64-with-glibc2.35,3.14.2,3.1.0,4,AMD EPYC 9474F 48-Core Processor,1,1 x NVIDIA RTX 5000 Ada Generation,,,4,machine,N
Backward pass #20,2026-02-21T19:54:01,energy-efficiency,09cce248-eba0-43d2-be60-1c9eec337903,0.12042779289186001,6.922005884570758e-08,5.780997568741908e-07,360.0,160.286322327793,10.0,1.1934530641883581e-05,5.314448696225327e-06,3.31365430934562e-07,1.7580344769043505e-05,0.0,Canada,CAN,quebec,,,Linux-5.15.0-144-generic-x86_64-with-glibc2.35,3.14.2,3.1.0,4,AMD EPYC 9474F 48-Core Processor,1,1 x NVIDIA RTX 5000 Ada Generation,,,4,machine,N
Optimisation step #20,2026-02-21T19:54:01,energy-efficiency,09cce248-eba0-43d2-be60-1c9eec337903,0.058629187755286694,4.1828121435049685e-08,7.183690178438814e-07,360.0,296.6911061629612,10.0,5.735855642706195e-06,4.728337113846237e-06,1.5921335046490042e-07,1.0623406107017341e-05,0.0,Canada,CAN,quebec,,,Linux-5.15.0-144-generic-x86_64-with-glibc2.35,3.14.2,3.1.0,4,AMD EPYC 9474F 48-Core Processor,1,1 x NVIDIA RTX 5000 Ada Generation,,,4,machine,N
Forward pass #21,2026-02-21T19:54:01,energy-efficiency,09cce248-eba0-43d2-be60-1c9eec337903,0.0673640463501215,2.700846026152788e-08,4.03182899448517e-07,360.0,0.0,10.0,6.6742775961756715e-06,0.0,1.852664579119948e-07,6.859544054087707e-06,0.0,Canada,CAN,quebec,,,Linux-5.15.0-144-generic-x86_64-with-glibc2.35,3.14.2,3.1.0,4,AMD EPYC 9474F 48-Core Processor,1,1 x NVIDIA RTX 5000 Ada Generation,,,4,machine,N
Backward pass #21,2026-02-21T19:54:02,energy-efficiency,09cce248-eba0-43d2-be60-1c9eec337903,0.12140090856701136,9.026475984926485e-08,7.483838583892642e-07,360.0,321.1979558257419,10.0,1.1939545627683425e-05,1.065417519185985e-05,3.315067099821235e-07,2.2925227529525414e-05,0.0,Canada,CAN,quebec,,,Linux-5.15.0-144-generic-x86_64-with-glibc2.35,3.14.2,3.1.0,4,AMD EPYC 9474F 48-Core Processor,1,1 x NVIDIA RTX 5000 Ada Generation,,,4,machine,N
Optimisation step #21,2026-02-21T19:54:02,energy-efficiency,09cce248-eba0-43d2-be60-1c9eec337903,0.05903445277363062,2.3672163589582588e-08,4.034733550989469e-07,360.0,0.0,10.0,5.849825404584353e-06,0.0,1.6237401093045794e-07,6.012199415514818e-06,0.0,Canada,CAN,quebec,,,Linux-5.15.0-144-generic-x86_64-with-glibc2.35,3.14.2,3.1.0,4,AMD EPYC 9474F 48-Core Processor,1,1 x NVIDIA RTX 5000 Ada Generation,,,4,machine,N
Forward pass #22,2026-02-21T19:54:02,energy-efficiency,09cce248-eba0-43d2-be60-1c9eec337903,0.06728880573064089,3.944077304195226e-08,5.889121684273571e-07,360.0,170.48970341955297,10.0,6.671598646789778e-06,3.1602803076680175e-06,1.851941251920335e-07,1.001707307964983e-05,0.0,Canada,CAN,quebec,,,Linux-5.15.0-144-generic-x86_64-with-glibc2.35,3.14.2,3.1.0,4,AMD EPYC 9474F 48-Core Processor,1,1 x NVIDIA RTX 5000 Ada Generation,,,4,machine,N
Backward pass #22,2026-02-21T19:54:02,energy-efficiency,09cce248-eba0-43d2-be60-1c9eec337903,0.12083183042705059,6.652620603259394e-08,5.542182883534236e-07,360.0,139.09808288672704,10.0,1.194749474525453e-05,4.6169481358049325e-06,3.317236020747155e-07,1.6896166483134213e-05,0.0,Canada,CAN,quebec,,,Linux-5.15.0-144-generic-x86_64-with-glibc2.35,3.14.2,3.1.0,4,AMD EPYC 9474F 48-Core Processor,1,1 x NVIDIA RTX 5000 Ada Generation,,,4,machine,N
Optimisation step #22,2026-02-21T19:54:02,energy-efficiency,09cce248-eba0-43d2-be60-1c9eec337903,0.05867444723844528,4.345127557179176e-08,7.490841551503927e-07,360.0,316.70132407730785,10.0,5.784799437969922e-06,5.0902818493625546e-06,1.605696200082697e-07,1.1035650907340782e-05,0.0,Canada,CAN,quebec,,,Linux-5.15.0-144-generic-x86_64-with-glibc2.35,3.14.2,3.1.0,4,AMD EPYC 9474F 48-Core Processor,1,1 x NVIDIA RTX 5000 Ada Generation,,,4,machine,N
Forward pass #23,2026-02-21T19:54:02,energy-efficiency,09cce248-eba0-43d2-be60-1c9eec337903,0.06730891577899456,4.839567717703637e-08,7.257347546576543e-07,360.0,295.27171631533304,10.0,6.65069334208966e-06,5.456115477642243e-06,1.8460936585648232e-07,1.2291418185588366e-05,0.0,Canada,CAN,quebec,,,Linux-5.15.0-144-generic-x86_64-with-glibc2.35,3.14.2,3.1.0,4,AMD EPYC 9474F 48-Core Processor,1,1 x NVIDIA RTX 5000 Ada Generation,,,4,machine,N
Backward pass #23,2026-02-21T19:54:02,energy-efficiency,09cce248-eba0-43d2-be60-1c9eec337903,0.1201703492552042,7.105657697903252e-08,5.955360407906447e-07,360.0,168.82546963459956,10.0,1.2057008594274486e-05,5.655004525095819e-06,3.3476612685869056e-07,1.8046779246229036e-05,0.0,Canada,CAN,quebec,,,Linux-5.15.0-144-generic-x86_64-with-glibc2.35,3.14.2,3.1.0,4,AMD EPYC 9474F 48-Core Processor,1,1 x NVIDIA RTX 5000 Ada Generation,,,4,machine,N
Optimisation step #23,2026-02-21T19:54:02,energy-efficiency,09cce248-eba0-43d2-be60-1c9eec337903,0.059321677312254906,2.3737624318936687e-08,4.043660486403145e-07,360.0,0.0,10.0,5.866000708192607e-06,0.0,1.6282426659017962e-07,6.028824974782759e-06,0.0,Canada,CAN,quebec,,,Linux-5.15.0-144-generic-x86_64-with-glibc2.35,3.14.2,3.1.0,4,AMD EPYC 9474F 48-Core Processor,1,1 x NVIDIA RTX 5000 Ada Generation,,,4,machine,N
Forward pass #24,2026-02-21T19:54:02,energy-efficiency,09cce248-eba0-43d2-be60-1c9eec337903,0.06729205418378115,4.0962372110008397e-08,6.116159460186069e-07,360.0,191.06087086126465,10.0,6.6748996265232575e-06,3.5433361667003282e-06,1.852893736213436e-07,1.0403525166844882e-05,0.0,Canada,CAN,quebec,,,Linux-5.15.0-144-generic-x86_64-with-glibc2.35,3.14.2,3.1.0,4,AMD EPYC 9474F 48-Core Processor,1,1 x NVIDIA RTX 5000 Ada Generation,,,4,machine,N
Backward pass #24,2026-02-21T19:54:02,energy-efficiency,09cce248-eba0-43d2-be60-1c9eec337903,0.12085462920367718,6.766193444661801e-08,5.639987465743101e-07,360.0,148.4051699692523,10.0,1.1933282669633572e-05,4.920003934927308e-06,3.3132946118712286e-07,1.7184616065747953e-05,0.0,Canada,CAN,quebec,,,Linux-5.15.0-144-generic-x86_64-with-glibc2.35,3.14.2,3.1.0,4,AMD EPYC 9474F 48-Core Processor,1,1 x NVIDIA RTX 5000 Ada Generation,,,4,machine,N
Optimisation step #24,2026-02-21T19:54:02,energy-efficiency,09cce248-eba0-43d2-be60-1c9eec337903,0.058868140913546085,4.6176751182461194e-08,7.943947473182565e-07,360.0,360.45597559284596,10.0,5.779385287314667e-06,5.788060189360067e-06,1.6041519896437713e-07,1.1727860675639161e-05,0.0,Canada,CAN,quebec,,,Linux-5.15.0-144-generic-x86_64-with-glibc2.35,3.14.2,3.1.0,4,AMD EPYC 9474F 48-Core Processor,1,1 x NVIDIA RTX 5000 Ada Generation,,,4,machine,N
Forward pass #25,2026-02-21T19:54:02,energy-efficiency,09cce248-eba0-43d2-be60-1c9eec337903,0.06719772331416607,4.571323345036136e-08,6.836699327202647e-07,360.0,257.09262140864905,10.0,6.664578430354588e-06,4.760559363603534e-06,1.8499975817071028e-07,1.1610137552128873e-05,0.0,Canada,CAN,quebec,,,Linux-5.15.0-144-generic-x86_64-with-glibc2.35,3.14.2,3.1.0,4,AMD EPYC 9474F 48-Core Processor,1,1 x NVIDIA RTX 5000 Ada Generation,,,4,machine,N
Backward pass #25,2026-02-21T19:54:03,energy-efficiency,09cce248-eba0-43d2-be60-1c9eec337903,0.11667530331760645,6.622936809796965e-08,5.708148682464785e-07,360.0,153.54981375566297,10.0,1.1565763689577561e-05,4.93389283562351e-06,3.211197702007177e-07,1.682077629540184e-05,0.0,Canada,CAN,quebec,,,Linux-5.15.0-144-generic-x86_64-with-glibc2.35,3.14.2,3.1.0,4,AMD EPYC 9474F 48-Core Processor,1,1 x NVIDIA RTX 5000 Ada Generation,,,4,machine,N
Optimisation step #25,2026-02-21T19:54:03,energy-efficiency,09cce248-eba0-43d2-be60-1c9eec337903,0.058864960446953773,2.3480764773153e-08,4.0241309188006904e-07,360.0,0.0,10.0,5.802616663277147e-06,0.0,1.6097173922591883e-07,5.963588402503042e-06,0.0,Canada,CAN,quebec,,,Linux-5.15.0-144-generic-x86_64-with-glibc2.35,3.14.2,3.1.0,4,AMD EPYC 9474F 48-Core Processor,1,1 x NVIDIA RTX 5000 Ada Generation,,,4,machine,N
Forward pass #26,2026-02-21T19:54:03,energy-efficiency,09cce248-eba0-43d2-be60-1c9eec337903,0.06686884723603725,2.8663633256134653e-08,4.301067083059672e-07,360.0,0.0,10.0,7.083292119204978e-06,0.0,1.9662880804389605e-07,7.279920927248857e-06,0.0,Canada,CAN,quebec,,,Linux-5.15.0-144-generic-x86_64-with-glibc2.35,3.14.2,3.1.0,4,AMD EPYC 9474F 48-Core Processor,1,1 x NVIDIA RTX 5000 Ada Generation,,,4,machine,N
Backward pass #26,2026-02-21T19:54:03,energy-efficiency,09cce248-eba0-43d2-be60-1c9eec337903,0.11715011205524206,6.748777786715529e-08,5.80446212251004e-07,360.0,161.96355479445893,10.0,1.1599161289632307e-05,5.219170844839027e-06,3.2205206031600683e-07,1.7140384194787328e-05,0.0,Canada,CAN,quebec,,,Linux-5.15.0-144-generic-x86_64-with-glibc2.35,3.14.2,3.1.0,4,AMD EPYC 9474F 48-Core Processor,1,1 x NVIDIA RTX 5000 Ada Generation,,,4,machine,N
Optimisation step #26,2026-02-21T19:54:03,energy-efficiency,09cce248-eba0-43d2-be60-1c9eec337903,0.05851742532104254,4.498598112032893e-08,7.771139565592279e-07,360.0,343.44983770527926,10.0,5.7645881548524115e-06,5.500837730210151e-06,1.600058619967758e-07,1.1425431747059348e-05,0.0,Canada,CAN,quebec,,,Linux-5.15.0-144-generic-x86_64-with-glibc2.35,3.14.2,3.1.0,4,AMD EPYC 9474F 48-Core Processor,1,1 x NVIDIA RTX 5000 Ada Generation,,,4,machine,N
Forward pass #27,2026-02-21T19:54:03,energy-efficiency,09cce248-eba0-43d2-be60-1c9eec337903,0.07044622488319874,4.4724403041174566e-08,6.404686381474361e-07,360.0,239.1847055294272,10.0,6.712119281291956e-06,4.460559125618602e-06,1.863183660639647e-07,1.1358996772974539e-05,0.0,Canada,CAN,quebec,,,Linux-5.15.0-144-generic-x86_64-with-glibc2.35,3.14.2,3.1.0,4,AMD EPYC 9474F 48-Core Processor,1,1 x NVIDIA RTX 5000 Ada Generation,,,4,machine,N
Backward pass #27,2026-02-21T19:54:03,energy-efficiency,09cce248-eba0-43d2-be60-1c9eec337903,0.11831739079207182,6.900114488210987e-08,5.873808226599731e-07,360.0,173.34946114519164,10.0,1.161070540547373e-05,5.5916711403369845e-06,3.223689790401196e-07,1.752474552485072e-05,0.0,Canada,CAN,quebec,,,Linux-5.15.0-144-generic-x86_64-with-glibc2.35,3.14.2,3.1.0,4,AMD EPYC 9474F 48-Core Processor,1,1 x NVIDIA RTX 5000 Ada Generation,,,4,machine,N
Optimisation step #27,2026-02-21T19:54:03,energy-efficiency,09cce248-eba0-43d2-be60-1c9eec337903,0.059065173380076885,4.1581287280350266e-08,7.114890621547095e-07,360.0,292.06464329913103,10.0,5.741895735263819e-06,4.659448173072178e-06,1.5937185121907e-07,1.0560715759555094e-05,0.0,Canada,CAN,quebec,,,Linux-5.15.0-144-generic-x86_64-with-glibc2.35,3.14.2,3.1.0,4,AMD EPYC 9474F 48-Core Processor,1,1 x NVIDIA RTX 5000 Ada Generation,,,4,machine,N
Forward pass #28,2026-02-21T19:54:03,energy-efficiency,09cce248-eba0-43d2-be60-1c9eec337903,0.06738225650042295,2.6928983154565203e-08,4.03376388999653e-07,360.0,0.0,10.0,6.654637306928619e-06,0.0,1.847213418740367e-07,6.839358648802734e-06,0.0,Canada,CAN,quebec,,,Linux-5.15.0-144-generic-x86_64-with-glibc2.35,3.14.2,3.1.0,4,AMD EPYC 9474F 48-Core Processor,1,1 x NVIDIA RTX 5000 Ada Generation,,,4,machine,N
Backward pass #28,2026-02-21T19:54:03,energy-efficiency,09cce248-eba0-43d2-be60-1c9eec337903,0.1214692099019885,9.044531188701434e-08,7.495547946828687e-07,360.0,321.6572026858574,10.0,1.1955517996102517e-05,1.0683619656504106e-05,3.319460510586702e-07,2.2971083703665195e-05,0.0,Canada,CAN,quebec,,,Linux-5.15.0-144-generic-x86_64-with-glibc2.35,3.14.2,3.1.0,4,AMD EPYC 9474F 48-Core Processor,1,1 x NVIDIA RTX 5000 Ada Generation,,,4,machine,N
Optimisation step #28,2026-02-21T19:54:03,energy-efficiency,09cce248-eba0-43d2-be60-1c9eec337903,0.05902364291250706,2.3490171420722845e-08,4.027122732495878e-07,360.0,0.0,10.0,5.804852768778756e-06,0.0,1.6112471154580558e-07,5.965977480324684e-06,0.0,Canada,CAN,quebec,,,Linux-5.15.0-144-generic-x86_64-with-glibc2.35,3.14.2,3.1.0,4,AMD EPYC 9474F 48-Core Processor,1,1 x NVIDIA RTX 5000 Ada Generation,,,4,machine,N
Forward pass #29,2026-02-21T19:54:03,energy-efficiency,09cce248-eba0-43d2-be60-1c9eec337903,0.06750296708196402,3.962824031798756e-08,5.920922209338075e-07,360.0,173.25009681545353,10.0,6.669281516224123e-06,3.210280343779459e-06,1.8512370944437007e-07,1.006468556944795e-05,0.0,Canada,CAN,quebec,,,Linux-5.15.0-144-generic-x86_64-with-glibc2.35,3.14.2,3.1.0,4,AMD EPYC 9474F 48-Core Processor,1,1 x NVIDIA RTX 5000 Ada Generation,,,4,machine,N
Backward pass #29,2026-02-21T19:54:04,energy-efficiency,09cce248-eba0-43d2-be60-1c9eec337903,0.12098702229559422,6.665185869256399e-08,5.546842621183332e-07,360.0,139.58811185626647,10.0,1.1958548147231337e-05,4.637503714377544e-06,3.320275831760619e-07,1.692807944478499e-05,0.0,Canada,CAN,quebec,,,Linux-5.15.0-144-generic-x86_64-with-glibc2.35,3.14.2,3.1.0,4,AMD EPYC 9474F 48-Core Processor,1,1 x NVIDIA RTX 5000 Ada Generation,,,4,machine,N
Optimisation step #29,2026-02-21T19:54:04,energy-efficiency,09cce248-eba0-43d2-be60-1c9eec337903,0.059090583585202694,4.368998599025911e-08,7.480080589807317e-07,360.0,314.2092960901087,10.0,5.837842263281328e-06,5.096392960979301e-06,1.6204278346979007e-07,1.1096278007730487e-05,0.0,Canada,CAN,quebec,,,Linux-5.15.0-144-generic-x86_64-with-glibc2.35,3.14.2,3.1.0,4,AMD EPYC 9474F 48-Core Processor,1,1 x NVIDIA RTX 5000 Ada Generation,,,4,machine,N
Forward pass #30,2026-02-21T19:54:04,energy-efficiency,09cce248-eba0-43d2-be60-1c9eec337903,0.06727140489965677,4.8288029199544566e-08,7.221121728993806e-07,360.0,291.8956256523753,10.0,6.669769529253199e-06,5.4091709955628176e-06,1.8513748525745446e-07,1.2264078010073556e-05,0.0,Canada,CAN,quebec,,,Linux-5.15.0-144-generic-x86_64-with-glibc2.35,3.14.2,3.1.0,4,AMD EPYC 9474F 48-Core Processor,1,1 x NVIDIA RTX 5000 Ada Generation,,,4,machine,N
Backward pass #30,2026-02-21T19:54:04,energy-efficiency,09cce248-eba0-43d2-be60-1c9eec337903,0.11956201866269112,7.049056309877693e-08,5.927152964203346e-07,360.0,166.11477492210727,10.0,1.2021464016288472e-05,5.54778221584229e-06,3.3377816434949773e-07,1.790302439648038e-05,0.0,Canada,CAN,quebec,,,Linux-5.15.0-144-generic-x86_64-with-glibc2.35,3.14.2,3.1.0,4,AMD EPYC 9474F 48-Core Processor,1,1 x NVIDIA RTX 5000 Ada Generation,,,4,machine,N
Optimisation step #30,2026-02-21T19:54:04,energy-efficiency,09cce248-eba0-43d2-be60-1c9eec337903,0.05933776777237654,2.3276859617957408e-08,3.9692919949766383e-07,360.0,0.0,10.0,5.752138979733031e-06,0.0,1.5966207979039917e-07,5.911801059523339e-06,0.0,Canada,CAN,quebec,,,Linux-5.15.0-144-generic-x86_64-with-glibc2.35,3.14.2,3.1.0,4,AMD EPYC 9474F 48-Core Processor,1,1 x NVIDIA RTX 5000 Ada Generation,,,4,machine,N
Forward pass #31,2026-02-21T19:54:04,energy-efficiency,09cce248-eba0-43d2-be60-1c9eec337903,0.0673073548823595,4.138496542570661e-08,6.183336552646473e-07,360.0,197.37062623771473,10.0,6.668794527649874e-06,3.6569473671477226e-06,1.8511251029041032e-07,1.0510854405087946e-05,0.0,Canada,CAN,quebec,,,Linux-5.15.0-144-generic-x86_64-with-glibc2.35,3.14.2,3.1.0,4,AMD EPYC 9474F 48-Core Processor,1,1 x NVIDIA RTX 5000 Ada Generation,,,4,machine,N
Backward pass #31,2026-02-21T19:54:04,energy-efficiency,09cce248-eba0-43d2-be60-1c9eec337903,0.12092484254390001,6.803376904148685e-08,5.66588775208039e-07,360.0,149.54885303381957,10.0,1.1972469184547618e-05,4.974170650484666e-06,3.3241389060599847e-07,1.727905372563834e-05,0.0,Canada,CAN,quebec,,,Linux-5.15.0-144-generic-x86_64-with-glibc2.35,3.14.2,3.1.0,4,AMD EPYC 9474F 48-Core Processor,1,1 x NVIDIA RTX 5000 Ada Generation,,,4,machine,N
Optimisation step #31,2026-02-21T19:54:04,energy-efficiency,09cce248-eba0-43d2-be60-1c9eec337903,0.05874861869961023,4.630699256347325e-08,7.945845930507816e-07,360.0,359.38042306734815,10.0,5.804268829524492e-06,5.7955601917569766e-06,1.611100483892693e-07,1.1760939069670748e-05,0.0,Canada,CAN,quebec,,,Linux-5.15.0-144-generic-x86_64-with-glibc2.35,3.14.2,3.1.0,4,AMD EPYC 9474F 48-Core Processor,1,1 x NVIDIA RTX 5000 Ada Generation,,,4,machine,N
Forward pass #32,2026-02-21T19:54:04,energy-efficiency,09cce248-eba0-43d2-be60-1c9eec337903,0.06725532468408346,4.569958890461513e-08,6.83377662707269e-07,360.0,256.9200392458669,10.0,6.664450466632829e-06,4.7572260264416855e-06,1.8499565000335512e-07,1.16066721430779e-05,0.0,Canada,CAN,quebec,,,Linux-5.15.0-144-generic-x86_64-with-glibc2.35,3.14.2,3.1.0,4,AMD EPYC 9474F 48-Core Processor,1,1 x NVIDIA RTX 5000 Ada Generation,,,4,machine,N
Backward pass #32,2026-02-21T19:54:04,energy-efficiency,09cce248-eba0-43d2-be60-1c9eec337903,0.117239641956985,6.618072156899623e-08,5.712907671889566e-07,360.0,153.3959694093681,10.0,1.156076462939385e-05,4.926670605698291e-06,3.209859313857209e-07,1.6808421166477662e-05,0.0,Canada,CAN,quebec,,,Linux-5.15.0-144-generic-x86_64-with-glibc2.35,3.14.2,3.1.0,4,AMD EPYC 9474F 48-Core Processor,1,1 x NVIDIA RTX 5000 Ada Generation,,,4,machine,N
Optimisation step #32,2026-02-21T19:54:04,energy-efficiency,09cce248-eba0-43d2-be60-1c9eec337903,0.058870441280305386,2.354750351523904e-08,4.028420824834554e-07,360.0,0.0,10.0,5.819019023329034e-06,0.0,1.6151952505525667e-07,5.980538548384104e-06,0.0,Canada,CAN,quebec,,,Linux-5.15.0-144-generic-x86_64-with-glibc2.35,3.14.2,3.1.0,4,AMD EPYC 9474F 48-Core Processor,1,1 x NVIDIA RTX 5000 Ada Generation,,,4,machine,N
Forward pass #33,2026-02-21T19:54:05,energy-efficiency,09cce248-eba0-43d2-be60-1c9eec337903,0.06694093067198992,2.6930853348781606e-08,4.0440831715131724e-07,360.0,0.0,10.0,6.65510529652242e-06,0.0,1.847283397283828e-07,6.839833636250762e-06,0.0,Canada,CAN,quebec,,,Linux-5.15.0-144-generic-x86_64-with-glibc2.35,3.14.2,3.1.0,4,AMD EPYC 9474F 48-Core Processor,1,1 x NVIDIA RTX 5000 Ada Generation,,,4,machine,N
Backward pass #33,2026-02-21T19:54:05,energy-efficiency,09cce248-eba0-43d2-be60-1c9eec337903,0.13251698669046164,6.682951388441903e-08,5.077871254732189e-07,360.0,156.62772644397248,10.0,1.1602446343749709e-05,5.048615147273949e-06,3.2213839391867467e-07,1.6973199884942353e-05,0.0,Canada,CAN,quebec,,,Linux-5.15.0-144-generic-x86_64-with-glibc2.35,3.14.2,3.1.0,4,AMD EPYC 9474F 48-Core Processor,1,1 x NVIDIA RTX 5000 Ada Generation,,,4,machine,N
Optimisation step #33,2026-02-21T19:54:05,energy-efficiency,09cce248-eba0-43d2-be60-1c9eec337903,0.06916971504688263,2.3608302260550636e-08,3.4467324361646517e-07,360.0,0.0,10.0,5.8340402320027594e-06,0.0,1.619398361071939e-07,5.99598006810996e-06,0.0,Canada,CAN,quebec,,,Linux-5.15.0-144-generic-x86_64-with-glibc2.35,3.14.2,3.1.0,4,AMD EPYC 9474F 48-Core Processor,1,1 x NVIDIA RTX 5000 Ada Generation,,,4,machine,N
Forward pass #34,2026-02-21T19:54:05,energy-efficiency,09cce248-eba0-43d2-be60-1c9eec337903,0.06846373435109854,3.637425939872222e-08,5.34228324756087e-07,360.0,118.67379871896759,10.0,6.8054527044296344e-06,2.243890680375671e-06,1.889039037956124e-07,9.23824728860101e-06,0.0,Canada,CAN,quebec,,,Linux-5.15.0-144-generic-x86_64-with-glibc2.35,3.14.2,3.1.0,4,AMD EPYC 9474F 48-Core Processor,1,1 x NVIDIA RTX 5000 Ada Generation,,,4,machine,N
Backward pass #34,2026-02-21T19:54:05,energy-efficiency,09cce248-eba0-43d2-be60-1c9eec337903,0.12005760706961155,7.189160491375091e-08,6.02269130686903e-07,360.0,178.69323337736532,10.0,1.1979303322732452e-05,5.9469492015296055e-06,3.326051170006385e-07,1.8258857641262642e-05,0.0,Canada,CAN,quebec,,,Linux-5.15.0-144-generic-x86_64-with-glibc2.35,3.14.2,3.1.0,4,AMD EPYC 9474F 48-Core Processor,1,1 x NVIDIA RTX 5000 Ada Generation,,,4,machine,N
Optimisation step #34,2026-02-21T19:54:05,energy-efficiency,09cce248-eba0-43d2-be60-1c9eec337903,0.05918797571212053,4.485353831469477e-08,7.6278751685564e-07,360.0,338.296044666872,10.0,5.789426621049653e-06,5.4416710213445185e-06,1.6069659808029676e-07,1.1391794240474522e-05,0.0,Canada,CAN,quebec,,,Linux-5.15.0-144-generic-x86_64-with-glibc2.35,3.14.2,3.1.0,4,AMD EPYC 9474F 48-Core Processor,1,1 x NVIDIA RTX 5000 Ada Generation,,,4,machine,N
Forward pass #35,2026-02-21T19:54:05,energy-efficiency,09cce248-eba0-43d2-be60-1c9eec337903,0.06744162738323212,4.52513245746596e-08,6.748250417244345e-07,360.0,249.136140959914,10.0,6.682048738002825e-06,4.62528148048591e-06,1.8549282362477666e-07,1.1492823042113512e-05,0.0,Canada,CAN,quebec,,,Linux-5.15.0-144-generic-x86_64-with-glibc2.35,3.14.2,3.1.0,4,AMD EPYC 9474F 48-Core Processor,1,1 x NVIDIA RTX 5000 Ada Generation,,,4,machine,N
Backward pass #35,2026-02-21T19:54:05,energy-efficiency,09cce248-eba0-43d2-be60-1c9eec337903,0.12139942962676287,6.589267039744942e-08,5.481203912533956e-07,360.0,134.58498049717556,10.0,1.1939585674554084e-05,4.464170235252141e-06,3.315067099821235e-07,1.6735262619788256e-05,0.0,Canada,CAN,quebec,,,Linux-5.15.0-144-generic-x86_64-with-glibc2.35,3.14.2,3.1.0,4,AMD EPYC 9474F 48-Core Processor,1,1 x NVIDIA RTX 5000 Ada Generation,,,4,machine,N
Optimisation step #35,2026-02-21T19:54:05,energy-efficiency,09cce248-eba0-43d2-be60-1c9eec337903,0.05924999713897705,4.141625200672906e-08,7.08111087298016e-07,360.0,277.4890966418136,10.0,5.847866460680995e-06,4.508614718901072e-06,1.623193164252566e-07,1.0518800496007313e-05,0.0,Canada,CAN,quebec,,,Linux-5.15.0-144-generic-x86_64-with-glibc2.35,3.14.2,3.1.0,4,AMD EPYC 9474F 48-Core Processor,1,1 x NVIDIA RTX 5000 Ada Generation,,,4,machine,N
Forward pass #36,2026-02-21T19:54:05,energy-efficiency,09cce248-eba0-43d2-be60-1c9eec337903,0.06732796598225832,2.6982073517607854e-08,4.0298794248643597e-07,360.0,0.0,10.0,6.6677525639534515e-06,0.0,1.850898481077635e-07,6.852842412061015e-06,0.0,Canada,CAN,quebec,,,Linux-5.15.0-144-generic-x86_64-with-glibc2.35,3.14.2,3.1.0,4,AMD EPYC 9474F 48-Core Processor,1,1 x NVIDIA RTX 5000 Ada Generation,,,4,machine,N
Backward pass #36,2026-02-21T19:54:05,energy-efficiency,09cce248-eba0-43d2-be60-1c9eec337903,0.12070066761225462,8.99147673879382e-08,7.488123146426509e-07,360.0,318.1634494591948,10.0,1.1945764813572142e-05,1.0558897336920836e-05,3.316751319087226e-07,2.2836337282401914e-05,0.0,Canada,CAN,quebec,,,Linux-5.15.0-144-generic-x86_64-with-glibc2.35,3.14.2,3.1.0,4,AMD EPYC 9474F 48-Core Processor,1,1 x NVIDIA RTX 5000 Ada Generation,,,4,machine,N
Optimisation step #36,2026-02-21T19:54:05,energy-efficiency,09cce248-eba0-43d2-be60-1c9eec337903,0.05885829031467438,2.327741599577127e-08,4.0020233230317425e-07,360.0,0.0,10.0,5.7522818446159325e-06,0.0,1.5966052241209516e-07,5.911942367028099e-06,0.0,Canada,CAN,quebec,,,Linux-5.15.0-144-generic-x86_64-with-glibc2.35,3.14.2,3.1.0,4,AMD EPYC 9474F 48-Core Processor,1,1 x NVIDIA RTX 5000 Ada Generation,,,4,machine,N
Forward pass #37,2026-02-21T19:54:06,energy-efficiency,09cce248-eba0-43d2-be60-1c9eec337903,0.06729267537593842,3.9872414954644586e-08,5.952782409649372e-07,360.0,176.03724164386296,10.0,6.676109693944414e-06,3.26528038741003e-06,1.853103775324106e-07,1.0126700458886915e-05,0.0,Canada,CAN,quebec,,,Linux-5.15.0-144-generic-x86_64-with-glibc2.35,3.14.2,3.1.0,4,AMD EPYC 9474F 48-Core Processor,1,1 x NVIDIA RTX 5000 Ada Generation,,,4,machine,N
Backward pass #37,2026-02-21T19:54:06,energy-efficiency,09cce248-eba0-43d2-be60-1c9eec337903,0.12095995154231787,6.69808819636202e-08,5.566041900054674e-07,360.0,140.6757678602628,10.0,1.1992010474205003e-05,4.686670418863059e-06,3.3296309411525766e-07,1.7011643987183394e-05,0.0,Canada,CAN,quebec,,,Linux-5.15.0-144-generic-x86_64-with-glibc2.35,3.14.2,3.1.0,4,AMD EPYC 9474F 48-Core Processor,1,1 x NVIDIA RTX 5000 Ada Generation,,,4,machine,N
Optimisation step #37,2026-02-21T19:54:06,energy-efficiency,09cce248-eba0-43d2-be60-1c9eec337903,0.05934701766818762,4.3699421515772356e-08,7.45191384253781e-07,360.0,312.5665724372186,10.0,5.853143427520945e-06,5.083059619437336e-06,1.624713729446133e-07,1.109867441990292e-05,0.0,Canada,CAN,quebec,,,Linux-5.15.0-144-generic-x86_64-with-glibc2.35,3.14.2,3.1.0,4,AMD EPYC 9474F 48-Core Processor,1,1 x NVIDIA RTX 5000 Ada Generation,,,4,machine,N
Forward pass #38,2026-02-21T19:54:06,energy-efficiency,09cce248-eba0-43d2-be60-1c9eec337903,0.06760044023394585,4.8307684416497486e-08,7.208928253040671e-07,360.0,290.4486210364117,10.0,6.687055714428417e-06,5.396393206069661e-06,1.8562107450432127e-07,1.2269069995002498e-05,0.0,Canada,CAN,quebec,,,Linux-5.15.0-144-generic-x86_64-with-glibc2.35,3.14.2,3.1.0,4,AMD EPYC 9474F 48-Core Processor,1,1 x NVIDIA RTX 5000 Ada Generation,,,4,machine,N
Backward pass #38,2026-02-21T19:54:06,energy-efficiency,09cce248-eba0-43d2-be60-1c9eec337903,0.12084269989281893,7.021279393692507e-08,5.850613405395314e-07,360.0,168.0421273986126,10.0,1.193120358511802e-05,5.570004457666755e-06,3.312692072035542e-07,1.7832477249988404e-05,0.0,Canada,CAN,quebec,,,Linux-5.15.0-144-generic-x86_64-with-glibc2.35,3.14.2,3.1.0,4,AMD EPYC 9474F 48-Core Processor,1,1 x NVIDIA RTX 5000 Ada Generation,,,4,machine,N
Optimisation step #38,2026-02-21T19:54:06,energy-efficiency,09cce248-eba0-43d2-be60-1c9eec337903,0.05911688506603241,2.3707836552400508e-08,4.0384388996641273e-07,360.0,0.0,10.0,5.858633480966113e-06,0.0,1.6262606821126362e-07,6.021259549177441e-06,0.0,Canada,CAN,quebec,,,Linux-5.15.0-144-generic-x86_64-with-glibc2.35,3.14.2,3.1.0,4,AMD EPYC 9474F 48-Core Processor,1,1 x NVIDIA RTX 5000 Ada Generation,,,4,machine,N
Forward pass #39,2026-02-21T19:54:06,energy-efficiency,09cce248-eba0-43d2-be60-1c9eec337903,0.06764629110693932,4.1052484481683415e-08,6.123400524775174e-07,360.0,191.9460386376313,10.0,6.6790665499866534e-06,3.5619472917858275e-06,1.853978494182243e-07,1.0426411691190698e-05,0.0,Canada,CAN,quebec,,,Linux-5.15.0-144-generic-x86_64-with-glibc2.35,3.14.2,3.1.0,4,AMD EPYC 9474F 48-Core Processor,1,1 x NVIDIA RTX 5000 Ada Generation,,,4,machine,N
Backward pass #39,2026-02-21T19:54:06,energy-efficiency,09cce248-eba0-43d2-be60-1c9eec337903,0.12089353147894144,6.753556337997912e-08,5.625377400845946e-07,360.0,149.31113421098408,10.0,1.1890162900090196e-05,4.932226168818943e-06,3.301315759826043e-07,1.7152520644891662e-05,0.0,Canada,CAN,quebec,,,Linux-5.15.0-144-generic-x86_64-with-glibc2.35,3.14.2,3.1.0,4,AMD EPYC 9474F 48-Core Processor,1,1 x NVIDIA RTX 5000 Ada Generation,,,4,machine,N
Optimisation step #39,2026-02-21T19:54:06,energy-efficiency,09cce248-eba0-43d2-be60-1c9eec337903,0.059125964529812336,4.644814526119165e-08,7.940488446269925e-07,360.0,358.9201732425031,10.0,5.825635045766833e-06,5.809449092453178e-06,1.6170455556776807e-07,1.1796788693787695e-05,0.0,Canada,CAN,quebec,,,Linux-5.15.0-144-generic-x86_64-with-glibc2.35,3.14.2,3.1.0,4,AMD EPYC 9474F 48-Core Processor,1,1 x NVIDIA RTX 5000 Ada Generation,,,4,machine,N
Forward pass #40,2026-02-21T19:54:06,energy-efficiency,09cce248-eba0-43d2-be60-1c9eec337903,0.06733356602489948,4.563319090350161e-08,6.81396699012128e-07,360.0,255.0122013036138,10.0,6.6750675439834675e-06,4.729448228601996e-06,1.8529276518771908e-07,1.1589808537773192e-05,0.0,Canada,CAN,quebec,,,Linux-5.15.0-144-generic-x86_64-with-glibc2.35,3.14.2,3.1.0,4,AMD EPYC 9474F 48-Core Processor,1,1 x NVIDIA RTX 5000 Ada Generation,,,4,machine,N
Backward pass #40,2026-02-21T19:54:06,energy-efficiency,09cce248-eba0-43d2-be60-1c9eec337903,0.12096334155648947,6.645993085712475e-08,5.537751781826208e-07,360.0,136.4208168229797,10.0,1.1998683586716681e-05,4.547503639429351e-06,3.3314684664623715e-07,1.6879334072792242e-05,0.0,Canada,CAN,quebec,,,Linux-5.15.0-144-generic-x86_64-with-glibc2.35,3.14.2,3.1.0,4,AMD EPYC 9474F 48-Core Processor,1,1 x NVIDIA RTX 5000 Ada Generation,,,4,machine,N
Optimisation step #40,2026-02-21T19:54:07,energy-efficiency,09cce248-eba0-43d2-be60-1c9eec337903,0.059244236908853054,4.1505745439830675e-08,7.081265473234743e-07,360.0,277.5441400937924,10.0,5.85997961461554e-06,4.5188924993055934e-06,1.6265770989573814e-07,1.054152982381696e-05,0.0,Canada,CAN,quebec,,,Linux-5.15.0-144-generic-x86_64-with-glibc2.35,3.14.2,3.1.0,4,AMD EPYC 9474F 48-Core Processor,1,1 x NVIDIA RTX 5000 Ada Generation,,,4,machine,N
Forward pass #41,2026-02-21T19:54:07,energy-efficiency,09cce248-eba0-43d2-be60-1c9eec337903,0.06767546106129885,2.704983136555564e-08,4.032627759960177e-07,360.0,0.0,10.0,6.684496812522402e-06,0.0,1.855545754854884e-07,6.870051388007965e-06,0.0,Canada,CAN,quebec,,,Linux-5.15.0-144-generic-x86_64-with-glibc2.35,3.14.2,3.1.0,4,AMD EPYC 9474F 48-Core Processor,1,1 x NVIDIA RTX 5000 Ada Generation,,,4,machine,N
Backward pass #41,2026-02-21T19:54:07,energy-efficiency,09cce248-eba0-43d2-be60-1c9eec337903,0.1216617738828063,8.995241266494855e-08,7.445864131334696e-07,360.0,320.2716043409031,10.0,1.1914257239550429e-05,1.0600841815033846e-05,3.307992851154685e-07,2.284589833969979e-05,0.0,Canada,CAN,quebec,,,Linux-5.15.0-144-generic-x86_64-with-glibc2.35,3.14.2,3.1.0,4,AMD EPYC 9474F 48-Core Processor,1,1 x NVIDIA RTX 5000 Ada Generation,,,4,machine,N
Optimisation step #41,2026-02-21T19:54:07,energy-efficiency,09cce248-eba0-43d2-be60-1c9eec337903,0.058822229504585266,2.3513648849143993e-08,4.028449378013478e-07,360.0,0.0,10.0,5.810655839741212e-06,0.0,1.6128438162720887e-07,5.971940221368441e-06,0.0,Canada,CAN,quebec,,,Linux-5.15.0-144-generic-x86_64-with-glibc2.35,3.14.2,3.1.0,4,AMD EPYC 9474F 48-Core Processor,1,1 x NVIDIA RTX 5000 Ada Generation,,,4,machine,N
Forward pass #42,2026-02-21T19:54:07,energy-efficiency,09cce248-eba0-43d2-be60-1c9eec337903,0.06776879262179136,3.97598873095269e-08,5.921377004451766e-07,360.0,173.45029502888372,10.0,6.688878964632768e-06,3.223613692426852e-06,1.8562830001529586e-07,1.009812095707492e-05,0.0,Canada,CAN,quebec,,,Linux-5.15.0-144-generic-x86_64-with-glibc2.35,3.14.2,3.1.0,4,AMD EPYC 9474F 48-Core Processor,1,1 x NVIDIA RTX 5000 Ada Generation,,,4,machine,N
Backward pass #42,2026-02-21T19:54:07,energy-efficiency,09cce248-eba0-43d2-be60-1c9eec337903,0.12057452648878098,6.646894041928269e-08,5.544263418394043e-07,360.0,139.64388906875362,10.0,1.1924422532320076e-05,4.626114812111837e-06,3.310849553801948e-07,1.6881622299812e-05,0.0,Canada,CAN,quebec,,,Linux-5.15.0-144-generic-x86_64-with-glibc2.35,3.14.2,3.1.0,4,AMD EPYC 9474F 48-Core Processor,1,1 x NVIDIA RTX 5000 Ada Generation,,,4,machine,N
Optimisation step #42,2026-02-21T19:54:07,energy-efficiency,09cce248-eba0-43d2-be60-1c9eec337903,0.05898673180490732,4.3774314909688086e-08,7.502320295305988e-07,360.0,316.5014795527255,10.0,5.829491093754802e-06,5.126392988330508e-06,1.6181158264064126e-07,1.1117695664725853e-05,0.0,Canada,CAN,quebec,,,Linux-5.15.0-144-generic-x86_64-with-glibc2.35,3.14.2,3.1.0,4,AMD EPYC 9474F 48-Core Processor,1,1 x NVIDIA RTX 5000 Ada Generation,,,4,machine,N
Forward pass #43,2026-02-21T19:54:07,energy-efficiency,09cce248-eba0-43d2-be60-1c9eec337903,0.06762733031064272,4.8447388461098255e-08,7.222652773584205e-07,360.0,292.103147102948,10.0,6.6896889358758396e-06,5.42917101142848e-06,1.8569174636569303e-07,1.2304551693670005e-05,0.0,Canada,CAN,quebec,,,Linux-5.15.0-144-generic-x86_64-with-glibc2.35,3.14.2,3.1.0,4,AMD EPYC 9474F 48-Core Processor,1,1 x NVIDIA RTX 5000 Ada Generation,,,4,machine,N
Backward pass #43,2026-02-21T19:54:07,energy-efficiency,09cce248-eba0-43d2-be60-1c9eec337903,0.11960043851286173,7.061332278369908e-08,5.933289339034781e-07,360.0,166.04432487833628,10.0,1.2043959461152448e-05,5.555837777393435e-06,3.344053687113871e-07,1.7934202607257192e-05,0.0,Canada,CAN,quebec,,,Linux-5.15.0-144-generic-x86_64-with-glibc2.35,3.14.2,3.1.0,4,AMD EPYC 9474F 48-Core Processor,1,1 x NVIDIA RTX 5000 Ada Generation,,,4,machine,N
Optimisation step #43,2026-02-21T19:54:07,energy-efficiency,09cce248-eba0-43d2-be60-1c9eec337903,0.05859410669654608,2.3265391432807346e-08,4.0003735396891464e-07,360.0,0.0,10.0,5.749303847551275e-06,0.0,1.5958454977307076e-07,5.908888397324237e-06,0.0,Canada,CAN,quebec,,,Linux-5.15.0-144-generic-x86_64-with-glibc2.35,3.14.2,3.1.0,4,AMD EPYC 9474F 48-Core Processor,1,1 x NVIDIA RTX 5000 Ada Generation,,,4,machine,N
Forward pass #44,2026-02-21T19:54:07,energy-efficiency,09cce248-eba0-43d2-be60-1c9eec337903,0.06732854433357716,4.1527449041499836e-08,6.198258992891465e-07,360.0,198.69175397301933,10.0,6.676163617521606e-06,3.6855585037187666e-06,1.8531993134982051e-07,1.0547042052590216e-05,0.0,Canada,CAN,quebec,,,Linux-5.15.0-144-generic-x86_64-with-glibc2.35,3.14.2,3.1.0,4,AMD EPYC 9474F 48-Core Processor,1,1 x NVIDIA RTX 5000 Ada Generation,,,4,machine,N
Backward pass #44,2026-02-21T19:54:08,energy-efficiency,09cce248-eba0-43d2-be60-1c9eec337903,0.11696265731006861,6.818133191720685e-08,5.862657837085477e-07,360.0,167.60307009537667,10.0,1.1595414206385648e-05,5.3991709876299865e-06,3.219461973963496e-07,1.731653139141207e-05,0.0,Canada,CAN,quebec,,,Linux-5.15.0-144-generic-x86_64-with-glibc2.35,3.14.2,3.1.0,4,AMD EPYC 9474F 48-Core Processor,1,1 x NVIDIA RTX 5000 Ada Generation,,,4,machine,N
Optimisation step #44,2026-02-21T19:54:08,energy-efficiency,09cce248-eba0-43d2-be60-1c9eec337903,0.0583172207698226,4.3276943591539834e-08,7.471364864205339e-07,360.0,316.8516214988564,10.0,5.76037988066669e-06,5.071115165122819e-06,1.5987944271829465e-07,1.0991374488507821e-05,0.0,Canada,CAN,quebec,,,Linux-5.15.0-144-generic-x86_64-with-glibc2.35,3.14.2,3.1.0,4,AMD EPYC 9474F 48-Core Processor,1,1 x NVIDIA RTX 5000 Ada Generation,,,4,machine,N
Forward pass #45,2026-02-21T19:54:08,energy-efficiency,09cce248-eba0-43d2-be60-1c9eec337903,0.06687239743769169,4.5815466437497216e-08,6.893539768350839e-07,360.0,223.67918715548734,10.0,7.055520638823455e-06,4.384725730943728e-06,1.9585607159468965e-07,1.1636102441361798e-05,0.0,Canada,CAN,quebec,,,Linux-5.15.0-144-generic-x86_64-with-glibc2.35,3.14.2,3.1.0,4,AMD EPYC 9474F 48-Core Processor,1,1 x NVIDIA RTX 5000 Ada Generation,,,4,machine,N
Backward pass #45,2026-02-21T19:54:08,energy-efficiency,09cce248-eba0-43d2-be60-1c9eec337903,0.11761501897126436,6.814191100016551e-08,5.846069052656059e-07,360.0,165.98171393690086,10.0,1.1623613722622304e-05,5.360282067101707e-06,3.2262357158793504e-07,1.7306519361311905e-05,0.0,Canada,CAN,quebec,,,Linux-5.15.0-144-generic-x86_64-with-glibc2.35,3.14.2,3.1.0,4,AMD EPYC 9474F 48-Core Processor,1,1 x NVIDIA RTX 5000 Ada Generation,,,4,machine,N
Optimisation step #45,2026-02-21T19:54:08,energy-efficiency,09cce248-eba0-43d2-be60-1c9eec337903,0.05878412816673517,2.352827254458197e-08,4.028098285997714e-07,360.0,0.0,10.0,5.8142617344856835e-06,0.0,1.6139257802731747e-07,5.975654312513103e-06,0.0,Canada,CAN,quebec,,,Linux-5.15.0-144-generic-x86_64-with-glibc2.35,3.14.2,3.1.0,4,AMD EPYC 9474F 48-Core Processor,1,1 x NVIDIA RTX 5000 Ada Generation,,,4,machine,N
Forward pass #46,2026-02-21T19:54:08,energy-efficiency,09cce248-eba0-43d2-be60-1c9eec337903,0.06932600680738688,4.0714856234906785e-08,5.902615555178094e-07,360.0,181.60507165016256,10.0,6.74832882359617e-06,3.4050027224452606e-06,1.87330131625965e-07,1.0340661677667477e-05,0.0,Canada,CAN,quebec,,,Linux-5.15.0-144-generic-x86_64-with-glibc2.35,3.14.2,3.1.0,4,AMD EPYC 9474F 48-Core Processor,1,1 x NVIDIA RTX 5000 Ada Generation,,,4,machine,N
Backward pass #46,2026-02-21T19:54:08,energy-efficiency,09cce248-eba0-43d2-be60-1c9eec337903,0.11912950221449137,7.110184912187224e-08,6.000807687096706e-07,360.0,190.75573604813044,10.0,1.159278610721225e-05,6.143616026577092e-06,3.2187522285514705e-07,1.805827735664443e-05,0.0,Canada,CAN,quebec,,,Linux-5.15.0-144-generic-x86_64-with-glibc2.35,3.14.2,3.1.0,4,AMD EPYC 9474F 48-Core Processor,1,1 x NVIDIA RTX 5000 Ada Generation,,,4,machine,N
Optimisation step #46,2026-02-21T19:54:08,energy-efficiency,09cce248-eba0-43d2-be60-1c9eec337903,0.059409708715975285,4.66431700128675e-08,7.907979373794784e-07,360.0,364.0870828010658,10.0,5.808730702847346e-06,5.876393590398266e-06,1.6119631990376142e-07,1.1846320613149346e-05,0.0,Canada,CAN,quebec,,,Linux-5.15.0-144-generic-x86_64-with-glibc2.35,3.14.2,3.1.0,4,AMD EPYC 9474F 48-Core Processor,1,1 x NVIDIA RTX 5000 Ada Generation,,,4,machine,N
Forward pass #47,2026-02-21T19:54:08,energy-efficiency,09cce248-eba0-43d2-be60-1c9eec337903,0.06739380769431591,4.556390656164486e-08,6.793753704547611e-07,360.0,253.33891056479413,10.0,6.682815775275281e-06,4.7038926531683956e-06,1.855034381151221e-07,1.157221186655886e-05,0.0,Canada,CAN,quebec,,,Linux-5.15.0-144-generic-x86_64-with-glibc2.35,3.14.2,3.1.0,4,AMD EPYC 9474F 48-Core Processor,1,1 x NVIDIA RTX 5000 Ada Generation,,,4,machine,N
Backward pass #47,2026-02-21T19:54:08,energy-efficiency,09cce248-eba0-43d2-be60-1c9eec337903,0.12076553981751204,6.6332095607856e-08,5.520158929859369e-07,360.0,136.19873939986323,10.0,1.1980874370783653e-05,4.533336959156031e-06,3.3265545239878733e-07,1.6846866782338444e-05,0.0,Canada,CAN,quebec,,,Linux-5.15.0-144-generic-x86_64-with-glibc2.35,3.14.2,3.1.0,4,AMD EPYC 9474F 48-Core Processor,1,1 x NVIDIA RTX 5000 Ada Generation,,,4,machine,N
Optimisation step #47,2026-02-21T19:54:08,energy-efficiency,09cce248-eba0-43d2-be60-1c9eec337903,0.05853066500276327,4.149946178361728e-08,7.146435299182523e-07,360.0,282.5560582105385,10.0,5.814101826399562e-06,4.564448097710283e-06,1.613839917505812e-07,1.0539933915860392e-05,0.0,Canada,CAN,quebec,,,Linux-5.15.0-144-generic-x86_64-with-glibc2.35,3.14.2,3.1.0,4,AMD EPYC 9474F 48-Core Processor,1,1 x NVIDIA RTX 5000 Ada Generation,,,4,machine,N
Forward pass #48,2026-02-21T19:54:08,energy-efficiency,09cce248-eba0-43d2-be60-1c9eec337903,0.06736080534756184,2.7033778803232282e-08,4.033353555028235e-07,360.0,0.0,10.0,6.680530682206089e-06,0.0,1.8544371446801273e-07,6.86597439667402e-06,0.0,Canada,CAN,quebec,,,Linux-5.15.0-144-generic-x86_64-with-glibc2.35,3.14.2,3.1.0,4,AMD EPYC 9474F 48-Core Processor,1,1 x NVIDIA RTX 5000 Ada Generation,,,4,machine,N
Backward pass #48,2026-02-21T19:54:09,energy-efficiency,09cce248-eba0-43d2-be60-1c9eec337903,0.14341932069510221,9.055964262013099e-08,6.3480326714577e-07,360.0,323.3383627037137,10.0,1.1941602826118572e-05,1.0726953025397279e-05,3.3156529793309164e-07,2.3000121149448997e-05,0.0,Canada,CAN,quebec,,,Linux-5.15.0-144-generic-x86_64-with-glibc2.35,3.14.2,3.1.0,4,AMD EPYC 9474F 48-Core Processor,1,1 x NVIDIA RTX 5000 Ada Generation,,,4,machine,N
Optimisation step #48,2026-02-21T19:54:09,energy-efficiency,09cce248-eba0-43d2-be60-1c9eec337903,0.05833767261356115,2.3629134454816977e-08,4.0853689625156714e-07,360.0,0.0,10.0,5.839230306446544e-06,0.0,1.6204067247195113e-07,6.001270978918394e-06,0.0,Canada,CAN,quebec,,,Linux-5.15.0-144-generic-x86_64-with-glibc2.35,3.14.2,3.1.0,4,AMD EPYC 9474F 48-Core Processor,1,1 x NVIDIA RTX 5000 Ada Generation,,,4,machine,N
Forward pass #49,2026-02-21T19:54:09,energy-efficiency,09cce248-eba0-43d2-be60-1c9eec337903,0.07218744326382875,3.816457633136029e-08,5.33104231164743e-07,360.0,149.8456970179839,10.0,6.712183263152781e-06,2.7944466793883294e-06,1.8631775294326885e-07,9.692947695484318e-06,0.0,Canada,CAN,quebec,,,Linux-5.15.0-144-generic-x86_64-with-glibc2.35,3.14.2,3.1.0,4,AMD EPYC 9474F 48-Core Processor,1,1 x NVIDIA RTX 5000 Ada Generation,,,4,machine,N
Backward pass #49,2026-02-21T19:54:09,energy-efficiency,09cce248-eba0-43d2-be60-1c9eec337903,0.14015600737184286,7.039886659915565e-08,5.054615842239959e-07,360.0,185.8815872018632,10.0,1.157880090177062e-05,5.9794492273113065e-06,3.2148541003051566e-07,1.7879735539112415e-05,0.0,Canada,CAN,quebec,,,Linux-5.15.0-144-generic-x86_64-with-glibc2.35,3.14.2,3.1.0,4,AMD EPYC 9474F 48-Core Processor,1,1 x NVIDIA RTX 5000 Ada Generation,,,4,machine,N
Optimisation step #49,2026-02-21T19:54:09,energy-efficiency,09cce248-eba0-43d2-be60-1c9eec337903,0.06918794382363558,2.344963676781982e-08,3.428768516561312e-07,360.0,0.0,10.0,5.794839654117874e-06,0.0,1.6084293213983127e-07,5.955682586257678e-06,0.0,Canada,CAN,quebec,,,Linux-5.15.0-144-generic-x86_64-with-glibc2.35,3.14.2,3.1.0,4,AMD EPYC 9474F 48-Core Processor,1,1 x NVIDIA RTX 5000 Ada Generation,,,4,machine,N
Forward pass #50,2026-02-21T19:54:09,energy-efficiency,09cce248-eba0-43d2-be60-1c9eec337903,0.06863545626401901,3.688301629472663e-08,5.399053887807367e-07,360.0,123.4075828705743,10.0,6.834408082067971e-06,2.343335204102459e-06,1.897168604450089e-07,9.367460146615398e-06,0.0,Canada,CAN,quebec,,,Linux-5.15.0-144-generic-x86_64-with-glibc2.35,3.14.2,3.1.0,4,AMD EPYC 9474F 48-Core Processor,1,1 x NVIDIA RTX 5000 Ada Generation,,,4,machine,N
Backward pass #50,2026-02-21T19:54:09,energy-efficiency,09cce248-eba0-43d2-be60-1c9eec337903,0.12022359110414982,7.184238564161624e-08,6.019287598504002e-07,360.0,179.29735776965884,10.0,1.195794194936762e-05,5.956393657413628e-06,3.320214416210849e-07,1.824635704840232e-05,0.0,Canada,CAN,quebec,,,Linux-5.15.0-144-generic-x86_64-with-glibc2.35,3.14.2,3.1.0,4,AMD EPYC 9474F 48-Core Processor,1,1 x NVIDIA RTX 5000 Ada Generation,,,4,machine,N
Optimisation step #50,2026-02-21T19:54:09,energy-efficiency,09cce248-eba0-43d2-be60-1c9eec337903,0.06900844164192677,4.453492711984449e-08,6.525156885345606e-07,360.0,334.75724290303316,10.0,5.777179356664499e-06,5.373337629066555e-06,1.603571465238945e-07,1.1310874132254914e-05,0.0,Canada,CAN,quebec,,,Linux-5.15.0-144-generic-x86_64-with-glibc2.35,3.14.2,3.1.0,4,AMD EPYC 9474F 48-Core Processor,1,1 x NVIDIA RTX 5000 Ada Generation,,,4,machine,N
Forward pass #51,2026-02-21T19:54:09,energy-efficiency,09cce248-eba0-43d2-be60-1c9eec337903,0.06911265384405851,3.8372702172101636e-08,5.597247848173293e-07,360.0,143.5953560586745,10.0,6.830914039164873e-06,2.7252799590371524e-06,1.8961299986889073e-07,9.745806998070821e-06,0.0,Canada,CAN,quebec,,,Linux-5.15.0-144-generic-x86_64-with-glibc2.35,3.14.2,3.1.0,4,AMD EPYC 9474F 48-Core Processor,1,1 x NVIDIA RTX 5000 Ada Generation,,,4,machine,N
Backward pass #51,2026-02-21T19:54:09,energy-efficiency,09cce248-eba0-43d2-be60-1c9eec337903,0.12026232946664095,6.993903548087606e-08,5.857305864175773e-07,360.0,166.14121284848002,10.0,1.192679153755316e-05,5.505004406103353e-06,3.3115278929471924e-07,1.77629487329513e-05,0.0,Canada,CAN,quebec,,,Linux-5.15.0-144-generic-x86_64-with-glibc2.35,3.14.2,3.1.0,4,AMD EPYC 9474F 48-Core Processor,1,1 x NVIDIA RTX 5000 Ada Generation,,,4,machine,N
Optimisation step #51,2026-02-21T19:54:09,energy-efficiency,09cce248-eba0-43d2-be60-1c9eec337903,0.06821464002132416,4.3442153867311973e-08,6.416119465425487e-07,360.0,321.9680026748667,10.0,5.7395717129112185e-06,5.134448549881654e-06,1.5931393588996878e-07,1.1033334198682753e-05,0.0,Canada,CAN,quebec,,,Linux-5.15.0-144-generic-x86_64-with-glibc2.35,3.14.2,3.1.0,4,AMD EPYC 9474F 48-Core Processor,1,1 x NVIDIA RTX 5000 Ada Generation,,,4,machine,N
Forward pass #52,2026-02-21T19:54:10,energy-efficiency,09cce248-eba0-43d2-be60-1c9eec337903,0.06909344345331192,4.2136617264312544e-08,6.152221554279714e-07,360.0,194.22253296069553,10.0,6.827781163156127e-06,3.6844473925157217e-06,1.8952858323852074e-07,1.0701757138910275e-05,0.0,Canada,CAN,quebec,,,Linux-5.15.0-144-generic-x86_64-with-glibc2.35,3.14.2,3.1.0,4,AMD EPYC 9474F 48-Core Processor,1,1 x NVIDIA RTX 5000 Ada Generation,,,4,machine,N
Backward pass #52,2026-02-21T19:54:10,energy-efficiency,09cce248-eba0-43d2-be60-1c9eec337903,0.11992891598492861,6.875021751110076e-08,5.764250396340407e-07,360.0,158.21329758319555,10.0,1.1900043021887503e-05,5.2305597399993076e-06,3.304128302261252e-07,1.746101559211297e-05,0.0,Canada,CAN,quebec,,,Linux-5.15.0-144-generic-x86_64-with-glibc2.35,3.14.2,3.1.0,4,AMD EPYC 9474F 48-Core Processor,1,1 x NVIDIA RTX 5000 Ada Generation,,,4,machine,N
Optimisation step #52,2026-02-21T19:54:10,energy-efficiency,09cce248-eba0-43d2-be60-1c9eec337903,0.07026050239801407,4.1779849851690175e-08,6.01356331249569e-07,360.0,293.52157543236706,10.0,5.756635032594208e-06,4.694725980414205e-06,1.5978519287374265e-07,1.061114620588225e-05,0.0,Canada,CAN,quebec,,,Linux-5.15.0-144-generic-x86_64-with-glibc2.35,3.14.2,3.1.0,4,AMD EPYC 9474F 48-Core Processor,1,1 x NVIDIA RTX 5000 Ada Generation,,,4,machine,N
Forward pass #53,2026-02-21T19:54:10,energy-efficiency,09cce248-eba0-43d2-be60-1c9eec337903,0.0696703428402543,4.5049682275489003e-08,6.522300517954102e-07,360.0,235.41444147257855,10.0,6.803037784993554e-06,4.4497257789544165e-06,1.8884684993988957e-07,1.1441610413887894e-05,0.0,Canada,CAN,quebec,,,Linux-5.15.0-144-generic-x86_64-with-glibc2.35,3.14.2,3.1.0,4,AMD EPYC 9474F 48-Core Processor,1,1 x NVIDIA RTX 5000 Ada Generation,,,4,machine,N
Backward pass #53,2026-02-21T19:54:10,energy-efficiency,09cce248-eba0-43d2-be60-1c9eec337903,0.12023477163165808,6.823308984270345e-08,5.708293254352685e-07,360.0,153.00309468418544,10.0,1.1928201559931097e-05,5.070281837049606e-06,3.3119334839284574e-07,1.7329676745373454e-05,0.0,Canada,CAN,quebec,,,Linux-5.15.0-144-generic-x86_64-with-glibc2.35,3.14.2,3.1.0,4,AMD EPYC 9474F 48-Core Processor,1,1 x NVIDIA RTX 5000 Ada Generation,,,4,machine,N
Optimisation step #53,2026-02-21T19:54:10,energy-efficiency,09cce248-eba0-43d2-be60-1c9eec337903,0.06972004380077124,2.3482614004652436e-08,3.40228225428524e-07,360.0,0.0,10.0,5.802983604371627e-06,0.0,1.6107446151888776e-07,5.964058065890433e-06,0.0,Canada,CAN,quebec,,,Linux-5.15.0-144-generic-x86_64-with-glibc2.35,3.14.2,3.1.0,4,AMD EPYC 9474F 48-Core Processor,1,1 x NVIDIA RTX 5000 Ada Generation,,,4,machine,N
Forward pass #54,2026-02-21T19:54:10,energy-efficiency,09cce248-eba0-43d2-be60-1c9eec337903,0.06883803941309452,2.758135635007711e-08,4.029248030274021e-07,360.0,0.0,10.0,6.815852783620272e-06,0.0,1.8919404699570377e-07,7.00504683061624e-06,0.0,Canada,CAN,quebec,,,Linux-5.15.0-144-generic-x86_64-with-glibc2.35,3.14.2,3.1.0,4,AMD EPYC 9474F 48-Core Processor,1,1 x NVIDIA RTX 5000 Ada Generation,,,4,machine,N
Backward pass #54,2026-02-21T19:54:10,energy-efficiency,09cce248-eba0-43d2-be60-1c9eec337903,0.12011619936674833,9.002099624884168e-08,7.53410570944463e-07,360.0,319.474094805519,10.0,1.1937148682773183e-05,1.0594730696311672e-05,3.3143765500022004e-07,2.2863317034084885e-05,0.0,Canada,CAN,quebec,,,Linux-5.15.0-144-generic-x86_64-with-glibc2.35,3.14.2,3.1.0,4,AMD EPYC 9474F 48-Core Processor,1,1 x NVIDIA RTX 5000 Ada Generation,,,4,machine,N
Optimisation step #54,2026-02-21T19:54:10,energy-efficiency,09cce248-eba0-43d2-be60-1c9eec337903,0.06863418687134981,2.337564500705845e-08,3.4407833594327843e-07,360.0,0.0,10.0,5.776550248265226e-06,0.0,1.603400877987345e-07,5.936890336063778e-06,0.0,Canada,CAN,quebec,,,Linux-5.15.0-144-generic-x86_64-with-glibc2.35,3.14.2,3.1.0,4,AMD EPYC 9474F 48-Core Processor,1,1 x NVIDIA RTX 5000 Ada Generation,,,4,machine,N
Forward pass #55,2026-02-21T19:54:10,energy-efficiency,09cce248-eba0-43d2-be60-1c9eec337903,0.06845279317349195,2.7863039735773104e-08,4.09044573205603e-07,360.0,0.0,10.0,6.885453965514796e-06,0.0,1.9113413679102873e-07,7.0765881023059606e-06,0.0,Canada,CAN,quebec,,,Linux-5.15.0-144-generic-x86_64-with-glibc2.35,3.14.2,3.1.0,4,AMD EPYC 9474F 48-Core Processor,1,1 x NVIDIA RTX 5000 Ada Generation,,,4,machine,N
Backward pass #55,2026-02-21T19:54:11,energy-efficiency,09cce248-eba0-43d2-be60-1c9eec337903,0.11992922518402338,7.1535864312582e-08,6.008484012797724e-07,360.0,179.26468393991456,10.0,1.1907607223838506e-05,5.930282519273078e-06,3.3061775223662445e-07,1.8168507495348526e-05,0.0,Canada,CAN,quebec,,,Linux-5.15.0-144-generic-x86_64-with-glibc2.35,3.14.2,3.1.0,4,AMD EPYC 9474F 48-Core Processor,1,1 x NVIDIA RTX 5000 Ada Generation,,,4,machine,N
Optimisation step #55,2026-02-21T19:54:11,energy-efficiency,09cce248-eba0-43d2-be60-1c9eec337903,0.0682156989350915,4.4576502813887763e-08,6.601440529394129e-07,360.0,337.36972839254844,10.0,5.7612350210546615e-06,5.400282098833031e-06,1.599163075702081e-07,1.1321433427457887e-05,0.0,Canada,CAN,quebec,,,Linux-5.15.0-144-generic-x86_64-with-glibc2.35,3.14.2,3.1.0,4,AMD EPYC 9474F 48-Core Processor,1,1 x NVIDIA RTX 5000 Ada Generation,,,4,machine,N
Forward pass #56,2026-02-21T19:54:11,energy-efficiency,09cce248-eba0-43d2-be60-1c9eec337903,0.06891983281821012,3.860524281956377e-08,5.648442710042836e-07,360.0,143.2641546469198,10.0,6.876750849187357e-06,2.737224409798955e-06,1.9089185581024878e-07,9.804867114796608e-06,0.0,Canada,CAN,quebec,,,Linux-5.15.0-144-generic-x86_64-with-glibc2.35,3.14.2,3.1.0,4,AMD EPYC 9474F 48-Core Processor,1,1 x NVIDIA RTX 5000 Ada Generation,,,4,machine,N
Backward pass #56,2026-02-21T19:54:11,energy-efficiency,09cce248-eba0-43d2-be60-1c9eec337903,0.12039036396890879,7.037151821961152e-08,5.889706829452438e-07,360.0,167.19983272997547,10.0,1.1976903397589939e-05,5.563337783343059e-06,3.325484822400772e-07,1.78727896631729e-05,0.0,Canada,CAN,quebec,,,Linux-5.15.0-144-generic-x86_64-with-glibc2.35,3.14.2,3.1.0,4,AMD EPYC 9474F 48-Core Processor,1,1 x NVIDIA RTX 5000 Ada Generation,,,4,machine,N
Optimisation step #56,2026-02-21T19:54:11,energy-efficiency,09cce248-eba0-43d2-be60-1c9eec337903,0.06938903778791428,4.353304378894109e-08,6.339035262413675e-07,360.0,321.1054549256035,10.0,5.758788064122227e-06,5.137781890596216e-06,1.598482485860598e-07,1.1056418203304191e-05,0.0,Canada,CAN,quebec,,,Linux-5.15.0-144-generic-x86_64-with-glibc2.35,3.14.2,3.1.0,4,AMD EPYC 9474F 48-Core Processor,1,1 x NVIDIA RTX 5000 Ada Generation,,,4,machine,N
Forward pass #57,2026-02-21T19:54:11,energy-efficiency,09cce248-eba0-43d2-be60-1c9eec337903,0.06871678773313761,4.2270410782360737e-08,6.181323125370842e-07,360.0,195.7155724708968,10.0,6.831385195255361e-06,3.7147251923386193e-06,1.8962730860544582e-07,1.0735737696199264e-05,0.0,Canada,CAN,quebec,,,Linux-5.15.0-144-generic-x86_64-with-glibc2.35,3.14.2,3.1.0,4,AMD EPYC 9474F 48-Core Processor,1,1 x NVIDIA RTX 5000 Ada Generation,,,4,machine,N
Backward pass #57,2026-02-21T19:54:11,energy-efficiency,09cce248-eba0-43d2-be60-1c9eec337903,0.12041563354432583,6.595109969242365e-08,5.515114804294298e-07,360.0,131.7570247793522,10.0,1.2017542030662342e-05,4.398892407664334e-06,3.3366791386571325e-07,1.6750102352192098e-05,0.0,Canada,CAN,quebec,,,Linux-5.15.0-144-generic-x86_64-with-glibc2.35,3.14.2,3.1.0,4,AMD EPYC 9474F 48-Core Processor,1,1 x NVIDIA RTX 5000 Ada Generation,,,4,machine,N
Optimisation step #57,2026-02-21T19:54:11,energy-efficiency,09cce248-eba0-43d2-be60-1c9eec337903,0.059412398375570774,4.1734960732369816e-08,7.104149823631596e-07,360.0,291.5729556834245,10.0,5.767428129911352e-06,4.672225962565335e-06,1.6009128238591826e-07,1.0599745374862985e-05,0.0,Canada,CAN,quebec,,,Linux-5.15.0-144-generic-x86_64-with-glibc2.35,3.14.2,3.1.0,4,AMD EPYC 9474F 48-Core Processor,1,1 x NVIDIA RTX 5000 Ada Generation,,,4,machine,N
Forward pass #58,2026-02-21T19:54:11,energy-efficiency,09cce248-eba0-43d2-be60-1c9eec337903,0.07154594361782074,2.7160614080346148e-08,3.8272879196970057e-07,360.0,0.0,10.0,6.711880210787027e-06,0.0,1.8630750580794135e-07,6.898187716594846e-06,0.0,Canada,CAN,quebec,,,Linux-5.15.0-144-generic-x86_64-with-glibc2.35,3.14.2,3.1.0,4,AMD EPYC 9474F 48-Core Processor,1,1 x NVIDIA RTX 5000 Ada Generation,,,4,machine,N
Backward pass #58,2026-02-21T19:54:11,energy-efficiency,09cce248-eba0-43d2-be60-1c9eec337903,0.11945613846182823,9.2581625007688e-08,7.795228987966877e-07,360.0,363.52466193765383,10.0,1.1539371311664656e-05,1.1653898212671265e-05,3.2038986941592274e-07,2.351365939375202e-05,0.0,Canada,CAN,quebec,,,Linux-5.15.0-144-generic-x86_64-with-glibc2.35,3.14.2,3.1.0,4,AMD EPYC 9474F 48-Core Processor,1,1 x NVIDIA RTX 5000 Ada Generation,,,4,machine,N
Optimisation step #58,2026-02-21T19:54:11,energy-efficiency,09cce248-eba0-43d2-be60-1c9eec337903,0.0589386411011219,2.3392938637614285e-08,3.998826078297724e-07,360.0,0.0,10.0,5.7808224111794565e-06,0.0,1.604601197565574e-07,5.9412825309359055e-06,0.0,Canada,CAN,quebec,,,Linux-5.15.0-144-generic-x86_64-with-glibc2.35,3.14.2,3.1.0,4,AMD EPYC 9474F 48-Core Processor,1,1 x NVIDIA RTX 5000 Ada Generation,,,4,machine,N
Forward pass #59,2026-02-21T19:54:11,energy-efficiency,09cce248-eba0-43d2-be60-1c9eec337903,0.06752285826951265,4.0013250989714836e-08,5.958674423205772e-07,360.0,176.9304502226905,10.0,6.688745785504669e-06,3.288058184836018e-06,1.8566568744265467e-07,1.0162469657782908e-05,0.0,Canada,CAN,quebec,,,Linux-5.15.0-144-generic-x86_64-with-glibc2.35,3.14.2,3.1.0,4,AMD EPYC 9474F 48-Core Processor,1,1 x NVIDIA RTX 5000 Ada Generation,,,4,machine,N
Backward pass #59,2026-02-21T19:54:12,energy-efficiency,09cce248-eba0-43d2-be60-1c9eec337903,0.12086485978215933,6.646237689454474e-08,5.538449862019135e-07,360.0,139.91571643186285,10.0,1.191688040271411e-05,4.632225927281297e-06,3.308489815228514e-07,1.6879955311518285e-05,0.0,Canada,CAN,quebec,,,Linux-5.15.0-144-generic-x86_64-with-glibc2.35,3.14.2,3.1.0,4,AMD EPYC 9474F 48-Core Processor,1,1 x NVIDIA RTX 5000 Ada Generation,,,4,machine,N
Optimisation step #59,2026-02-21T19:54:12,energy-efficiency,09cce248-eba0-43d2-be60-1c9eec337903,0.058688707649707794,4.3771313627508185e-08,7.50892515073168e-07,360.0,315.37284343114584,10.0,5.838750302791665e-06,5.116115207925986e-06,1.6206789554820884e-07,1.1116933406265725e-05,0.0,Canada,CAN,quebec,,,Linux-5.15.0-144-generic-x86_64-with-glibc2.35,3.14.2,3.1.0,4,AMD EPYC 9474F 48-Core Processor,1,1 x NVIDIA RTX 5000 Ada Generation,,,4,machine,N
Forward pass #60,2026-02-21T19:54:12,energy-efficiency,09cce248-eba0-43d2-be60-1c9eec337903,0.06734972633421421,4.8428969530056896e-08,7.231082761221701e-07,360.0,292.597138148306,10.0,6.682161614298809e-06,5.432226565460496e-06,1.8548551791658033e-07,1.2299873697675743e-05,0.0,Canada,CAN,quebec,,,Linux-5.15.0-144-generic-x86_64-with-glibc2.35,3.14.2,3.1.0,4,AMD EPYC 9474F 48-Core Processor,1,1 x NVIDIA RTX 5000 Ada Generation,,,4,machine,N
Backward pass #60,2026-02-21T19:54:12,energy-efficiency,09cce248-eba0-43d2-be60-1c9eec337903,0.12020635977387428,7.054855571320222e-08,5.910946343866083e-07,360.0,166.1690032013196,10.0,1.2030115164816382e-05,5.553615554987346e-06,3.340225020009616e-07,1.791775322180448e-05,0.0,Canada,CAN,quebec,,,Linux-5.15.0-144-generic-x86_64-with-glibc2.35,3.14.2,3.1.0,4,AMD EPYC 9474F 48-Core Processor,1,1 x NVIDIA RTX 5000 Ada Generation,,,4,machine,N
Optimisation step #60,2026-02-21T19:54:12,energy-efficiency,09cce248-eba0-43d2-be60-1c9eec337903,0.05854603461921215,2.3269730511556598e-08,4.004060085039398e-07,360.0,0.0,10.0,5.750377848744376e-06,0.0,1.5961257740855397e-07,5.909990426153106e-06,0.0,Canada,CAN,quebec,,,Linux-5.15.0-144-generic-x86_64-with-glibc2.35,3.14.2,3.1.0,4,AMD EPYC 9474F 48-Core Processor,1,1 x NVIDIA RTX 5000 Ada Generation,,,4,machine,N
Forward pass #61,2026-02-21T19:54:12,energy-efficiency,09cce248-eba0-43d2-be60-1c9eec337903,0.06733626592904329,4.138668502317908e-08,6.177298707350468e-07,360.0,196.7158819968784,10.0,6.676781736314301e-06,3.649169585173695e-06,1.8533982284781177e-07,1.0511291144336011e-05,0.0,Canada,CAN,quebec,,,Linux-5.15.0-144-generic-x86_64-with-glibc2.35,3.14.2,3.1.0,4,AMD EPYC 9474F 48-Core Processor,1,1 x NVIDIA RTX 5000 Ada Generation,,,4,machine,N
Backward pass #61,2026-02-21T19:54:12,energy-efficiency,09cce248-eba0-43d2-be60-1c9eec337903,0.1206815680488944,6.814149123088518e-08,5.686119906296196e-07,360.0,148.2594504877302,10.0,1.2021243013441481e-05,4.9513928495059645e-06,3.337768863679658e-07,1.7306412749315547e-05,0.0,Canada,CAN,quebec,,,Linux-5.15.0-144-generic-x86_64-with-glibc2.35,3.14.2,3.1.0,4,AMD EPYC 9474F 48-Core Processor,1,1 x NVIDIA RTX 5000 Ada Generation,,,4,machine,N
Optimisation step #61,2026-02-21T19:54:12,energy-efficiency,09cce248-eba0-43d2-be60-1c9eec337903,0.05880844872444868,4.642202753366004e-08,7.94480445109525e-07,360.0,360.3981056239959,10.0,5.810532812029062e-06,5.818337985630251e-06,1.612845782397512e-07,1.1790155375899017e-05,0.0,Canada,CAN,quebec,,,Linux-5.15.0-144-generic-x86_64-with-glibc2.35,3.14.2,3.1.0,4,AMD EPYC 9474F 48-Core Processor,1,1 x NVIDIA RTX 5000 Ada Generation,,,4,machine,N
Forward pass #62,2026-02-21T19:54:12,energy-efficiency,09cce248-eba0-43d2-be60-1c9eec337903,0.06736024562269449,4.5535704056691654e-08,6.790345286684133e-07,360.0,253.2034156759571,10.0,6.680165696889163e-06,4.699448208356216e-06,1.8543515664835798e-07,1.156504906189371e-05,0.0,Canada,CAN,quebec,,,Linux-5.15.0-144-generic-x86_64-with-glibc2.35,3.14.2,3.1.0,4,AMD EPYC 9474F 48-Core Processor,1,1 x NVIDIA RTX 5000 Ada Generation,,,4,machine,N
Backward pass #62,2026-02-21T19:54:12,energy-efficiency,09cce248-eba0-43d2-be60-1c9eec337903,0.1209208220243454,6.637592694498811e-08,5.527830072806436e-07,360.0,136.15585460663283,10.0,1.1989809572696651e-05,4.535281401985003e-06,3.329079856889108e-07,1.6857998960370484e-05,0.0,Canada,CAN,quebec,,,Linux-5.15.0-144-generic-x86_64-with-glibc2.35,3.14.2,3.1.0,4,AMD EPYC 9474F 48-Core Processor,1,1 x NVIDIA RTX 5000 Ada Generation,,,4,machine,N
Optimisation step #62,2026-02-21T19:54:12,energy-efficiency,09cce248-eba0-43d2-be60-1c9eec337903,0.05894122086465359,4.156523599052366e-08,7.103447437881399e-07,360.0,280.23185629888576,10.0,5.844140332192122e-06,4.550281417436963e-06,1.622173417773501e-07,1.0556639091406639e-05,0.0,Canada,CAN,quebec,,,Linux-5.15.0-144-generic-x86_64-with-glibc2.35,3.14.2,3.1.0,4,AMD EPYC 9474F 48-Core Processor,1,1 x NVIDIA RTX 5000 Ada Generation,,,4,machine,N
Forward pass #63,2026-02-21T19:54:13,energy-efficiency,09cce248-eba0-43d2-be60-1c9eec337903,0.06747157778590918,2.707330954773616e-08,4.0315990794424686e-07,360.0,0.0,10.0,6.690305937081609e-06,0.0,1.8570838340868683e-07,6.87601432048995e-06,0.0,Canada,CAN,quebec,,,Linux-5.15.0-144-generic-x86_64-with-glibc2.35,3.14.2,3.1.0,4,AMD EPYC 9474F 48-Core Processor,1,1 x NVIDIA RTX 5000 Ada Generation,,,4,machine,N
Backward pass #63,2026-02-21T19:54:13,energy-efficiency,09cce248-eba0-43d2-be60-1c9eec337903,0.12119041662663221,9.012687085632538e-08,7.48674333106731e-07,360.0,319.9265242096064,10.0,1.194332577288148e-05,1.061528627133157e-05,3.3159476911855953e-07,2.2890206813331888e-05,0.0,Canada,CAN,quebec,,,Linux-5.15.0-144-generic-x86_64-with-glibc2.35,3.14.2,3.1.0,4,AMD EPYC 9474F 48-Core Processor,1,1 x NVIDIA RTX 5000 Ada Generation,,,4,machine,N
Optimisation step #63,2026-02-21T19:54:13,energy-efficiency,09cce248-eba0-43d2-be60-1c9eec337903,0.058621255680918694,2.334235905398001e-08,4.007268496723292e-07,360.0,0.0,10.0,5.768325086683013e-06,0.0,1.6011136273543115e-07,5.928436449418369e-06,0.0,Canada,CAN,quebec,,,Linux-5.15.0-144-generic-x86_64-with-glibc2.35,3.14.2,3.1.0,4,AMD EPYC 9474F 48-Core Processor,1,1 x NVIDIA RTX 5000 Ada Generation,,,4,machine,N
Forward pass #64,2026-02-21T19:54:13,energy-efficiency,09cce248-eba0-43d2-be60-1c9eec337903,0.06745409686118364,4.000639973172684e-08,5.961332241169592e-07,360.0,177.41794802508963,10.0,6.681645661592468e-06,3.2936137479566696e-06,1.854701821381839e-07,1.0160729591687356e-05,0.0,Canada,CAN,quebec,,,Linux-5.15.0-144-generic-x86_64-with-glibc2.35,3.14.2,3.1.0,4,AMD EPYC 9474F 48-Core Processor,1,1 x NVIDIA RTX 5000 Ada Generation,,,4,machine,N
Backward pass #64,2026-02-21T19:54:13,energy-efficiency,09cce248-eba0-43d2-be60-1c9eec337903,0.12098240200430155,6.71608281079685e-08,5.589396392247225e-07,360.0,141.65946127114387,10.0,1.200106870383015e-05,4.723059333855417e-06,3.3321824028260125e-07,1.7057346277968115e-05,0.0,Canada,CAN,quebec,,,Linux-5.15.0-144-generic-x86_64-with-glibc2.35,3.14.2,3.1.0,4,AMD EPYC 9474F 48-Core Processor,1,1 x NVIDIA RTX 5000 Ada Generation,,,4,machine,N
Optimisation step #64,2026-02-21T19:54:13,energy-efficiency,09cce248-eba0-43d2-be60-1c9eec337903,0.058999523520469666,4.381625594094402e-08,7.471965972872846e-07,360.0,313.4127897189779,10.0,5.861476622521849e-06,5.104170750058756e-06,1.6270037481768074e-07,1.1128347747398591e-05,0.0,Canada,CAN,quebec,,,Linux-5.15.0-144-generic-x86_64-with-glibc2.35,3.14.2,3.1.0,4,AMD EPYC 9474F 48-Core Processor,1,1 x NVIDIA RTX 5000 Ada Generation,,,4,machine,N
Forward pass #65,2026-02-21T19:54:13,energy-efficiency,09cce248-eba0-43d2-be60-1c9eec337903,0.06738411635160446,4.8408565243167784e-08,7.222412233557432e-07,360.0,291.9596089335553,10.0,6.685768719762522e-06,5.423337672283424e-06,1.8558507371279763e-07,1.2294691465758716e-05,0.0,Canada,CAN,quebec,,,Linux-5.15.0-144-generic-x86_64-with-glibc2.35,3.14.2,3.1.0,4,AMD EPYC 9474F 48-Core Processor,1,1 x NVIDIA RTX 5000 Ada Generation,,,4,machine,N
Backward pass #65,2026-02-21T19:54:13,energy-efficiency,09cce248-eba0-43d2-be60-1c9eec337903,0.12065591756254435,7.048772567936515e-08,5.882413268695519e-07,360.0,168.0830161729836,10.0,1.1976972222328165e-05,5.592782251540029e-06,3.3254928162528664e-07,1.790230375549361e-05,0.0,Canada,CAN,quebec,,,Linux-5.15.0-144-generic-x86_64-with-glibc2.35,3.14.2,3.1.0,4,AMD EPYC 9474F 48-Core Processor,1,1 x NVIDIA RTX 5000 Ada Generation,,,4,machine,N
Optimisation step #65,2026-02-21T19:54:13,energy-efficiency,09cce248-eba0-43d2-be60-1c9eec337903,0.059201705269515514,2.3742712168015143e-08,4.0347527791241206e-07,360.0,0.0,10.0,5.8672587387263025e-06,0.0,1.628584357806398e-07,6.030117174506827e-06,0.0,Canada,CAN,quebec,,,Linux-5.15.0-144-generic-x86_64-with-glibc2.35,3.14.2,3.1.0,4,AMD EPYC 9474F 48-Core Processor,1,1 x NVIDIA RTX 5000 Ada Generation,,,4,machine,N
Forward pass #66,2026-02-21T19:54:13,energy-efficiency,09cce248-eba0-43d2-be60-1c9eec337903,0.06744572706520557,4.116581979223872e-08,6.134402934747504e-07,360.0,192.93782327373137,10.0,6.6857198253273634e-06,3.583891754033175e-06,1.855847425758853e-07,1.0455196321936498e-05,0.0,Canada,CAN,quebec,,,Linux-5.15.0-144-generic-x86_64-with-glibc2.35,3.14.2,3.1.0,4,AMD EPYC 9474F 48-Core Processor,1,1 x NVIDIA RTX 5000 Ada Generation,,,4,machine,N
Backward pass #66,2026-02-21T19:54:13,energy-efficiency,09cce248-eba0-43d2-be60-1c9eec337903,0.12097441125661135,6.754282905487844e-08,5.621220300930678e-07,360.0,148.55033828373288,10.0,1.1908988188952252e-05,4.914726158489202e-06,3.3065161616023904e-07,1.7154365963601564e-05,0.0,Canada,CAN,quebec,,,Linux-5.15.0-144-generic-x86_64-with-glibc2.35,3.14.2,3.1.0,4,AMD EPYC 9474F 48-Core Processor,1,1 x NVIDIA RTX 5000 Ada Generation,,,4,machine,N
Optimisation step #66,2026-02-21T19:54:13,energy-efficiency,09cce248-eba0-43d2-be60-1c9eec337903,0.058919561095535755,4.6452181462372806e-08,7.934298819069557e-07,360.0,359.59686340811805,10.0,5.820690933614923e-06,5.815560204069925e-06,1.6156266081250104e-07,1.1797813798497363e-05,0.0,Canada,CAN,quebec,,,Linux-5.15.0-144-generic-x86_64-with-glibc2.35,3.14.2,3.1.0,4,AMD EPYC 9474F 48-Core Processor,1,1 x NVIDIA RTX 5000 Ada Generation,,,4,machine,N
Forward pass #67,2026-02-21T19:54:14,energy-efficiency,09cce248-eba0-43d2-be60-1c9eec337903,0.06748092826455832,4.547832810061394e-08,6.768091465624351e-07,360.0,249.79541978388153,10.0,6.708423234522316e-06,4.6558370598859256e-06,1.862165595715258e-07,1.1550476853979842e-05,0.0,Canada,CAN,quebec,,,Linux-5.15.0-144-generic-x86_64-with-glibc2.35,3.14.2,3.1.0,4,AMD EPYC 9474F 48-Core Processor,1,1 x NVIDIA RTX 5000 Ada Generation,,,4,machine,N
Backward pass #67,2026-02-21T19:54:14,energy-efficiency,09cce248-eba0-43d2-be60-1c9eec337903,0.1210826737806201,6.591316436164027e-08,5.479860340460635e-07,360.0,135.30495094236528,10.0,1.192626953124996e-05,4.483059139914758e-06,3.311389565674786e-07,1.6740467627732007e-05,0.0,Canada,CAN,quebec,,,Linux-5.15.0-144-generic-x86_64-with-glibc2.35,3.14.2,3.1.0,4,AMD EPYC 9474F 48-Core Processor,1,1 x NVIDIA RTX 5000 Ada Generation,,,4,machine,N
Optimisation step #67,2026-02-21T19:54:14,energy-efficiency,09cce248-eba0-43d2-be60-1c9eec337903,0.05892499070614576,4.1572891158296667e-08,7.105570535933384e-07,360.0,279.7785957272541,10.0,5.849274434149279e-06,4.546948083827829e-06,1.623608146069752e-07,1.0558583332583981e-05,0.0,Canada,CAN,quebec,,,Linux-5.15.0-144-generic-x86_64-with-glibc2.35,3.14.2,3.1.0,4,AMD EPYC 9474F 48-Core Processor,1,1 x NVIDIA RTX 5000 Ada Generation,,,4,machine,N
Forward pass #68,2026-02-21T19:54:14,energy-efficiency,09cce248-eba0-43d2-be60-1c9eec337903,0.06746023707091808,2.706690259573916e-08,4.0299410578946287e-07,360.0,0.0,10.0,6.688719801604742e-06,0.0,1.856672965610989e-07,6.874387098166051e-06,0.0,Canada,CAN,quebec,,,Linux-5.15.0-144-generic-x86_64-with-glibc2.35,3.14.2,3.1.0,4,AMD EPYC 9474F 48-Core Processor,1,1 x NVIDIA RTX 5000 Ada Generation,,,4,machine,N
Backward pass #68,2026-02-21T19:54:14,energy-efficiency,09cce248-eba0-43d2-be60-1c9eec337903,0.12161203380674124,8.999306546319544e-08,7.44943644941788e-07,360.0,319.8278863408607,10.0,1.192727247253055e-05,1.0597786253896402e-05,3.31164513611129e-07,2.2856223240038352e-05,0.0,Canada,CAN,quebec,,,Linux-5.15.0-144-generic-x86_64-with-glibc2.35,3.14.2,3.1.0,4,AMD EPYC 9474F 48-Core Processor,1,1 x NVIDIA RTX 5000 Ada Generation,,,4,machine,N
Optimisation step #68,2026-02-21T19:54:14,energy-efficiency,09cce248-eba0-43d2-be60-1c9eec337903,0.05893231090158224,2.3392890804322053e-08,4.000330634389314e-07,360.0,0.0,10.0,5.780808348208617e-06,0.0,1.60462034141854e-07,5.9412703823503825e-06,0.0,Canada,CAN,quebec,,,Linux-5.15.0-144-generic-x86_64-with-glibc2.35,3.14.2,3.1.0,4,AMD EPYC 9474F 48-Core Processor,1,1 x NVIDIA RTX 5000 Ada Generation,,,4,machine,N
Forward pass #69,2026-02-21T19:54:14,energy-efficiency,09cce248-eba0-43d2-be60-1c9eec337903,0.06764715071767569,3.98194500800955e-08,5.922231232288173e-07,360.0,174.1003097788561,10.0,6.690902821719679e-06,3.2366692543916997e-06,1.8567649078451835e-07,1.0113248566895761e-05,0.0,Canada,CAN,quebec,,,Linux-5.15.0-144-generic-x86_64-with-glibc2.35,3.14.2,3.1.0,4,AMD EPYC 9474F 48-Core Processor,1,1 x NVIDIA RTX 5000 Ada Generation,,,4,machine,N
Backward pass #69,2026-02-21T19:54:14,energy-efficiency,09cce248-eba0-43d2-be60-1c9eec337903,0.12097903247922659,6.65386588226608e-08,5.537456077979714e-07,360.0,139.13147042136958,10.0,1.1948943883180723e-05,4.618614809714927e-06,3.3177052003642045e-07,1.6899329212931996e-05,0.0,Canada,CAN,quebec,,,Linux-5.15.0-144-generic-x86_64-with-glibc2.35,3.14.2,3.1.0,4,AMD EPYC 9474F 48-Core Processor,1,1 x NVIDIA RTX 5000 Ada Generation,,,4,machine,N
Optimisation step #69,2026-02-21T19:54:14,energy-efficiency,09cce248-eba0-43d2-be60-1c9eec337903,0.0590768838301301,4.3670176936443545e-08,7.476033608623464e-07,360.0,320.70752492716224,10.0,5.780243407934801e-06,5.150559672983945e-06,1.6044387076463896e-07,1.109124695168346e-05,0.0,Canada,CAN,quebec,,,Linux-5.15.0-144-generic-x86_64-with-glibc2.35,3.14.2,3.1.0,4,AMD EPYC 9474F 48-Core Processor,1,1 x NVIDIA RTX 5000 Ada Generation,,,4,machine,N
Forward pass #70,2026-02-21T19:54:14,energy-efficiency,09cce248-eba0-43d2-be60-1c9eec337903,0.06757473945617676,4.847891598224514e-08,7.216040691020111e-07,360.0,291.2840493830777,10.0,6.702337972819793e-06,5.424171007462064e-06,1.8604999770306825e-07,1.2312558977984993e-05,0.0,Canada,CAN,quebec,,,Linux-5.15.0-144-generic-x86_64-with-glibc2.35,3.14.2,3.1.0,4,AMD EPYC 9474F 48-Core Processor,1,1 x NVIDIA RTX 5000 Ada Generation,,,4,machine,N
Backward pass #70,2026-02-21T19:54:14,energy-efficiency,09cce248-eba0-43d2-be60-1c9eec337903,0.12042682245373726,7.034434900732412e-08,5.88300492444971e-07,360.0,165.9611199692037,10.0,1.199992373585707e-05,5.532782203943043e-06,3.3318335190415336e-07,1.7865889291704233e-05,0.0,Canada,CAN,quebec,,,Linux-5.15.0-144-generic-x86_64-with-glibc2.35,3.14.2,3.1.0,4,AMD EPYC 9474F 48-Core Processor,1,1 x NVIDIA RTX 5000 Ada Generation,,,4,machine,N
Optimisation step #70,2026-02-21T19:54:15,energy-efficiency,09cce248-eba0-43d2-be60-1c9eec337903,0.0587922390550375,2.330676066261716e-08,4.0011990922051783e-07,360.0,0.0,10.0,5.759530980139994e-06,0.0,1.598642750953624e-07,5.919395255235289e-06,0.0,Canada,CAN,quebec,,,Linux-5.15.0-144-generic-x86_64-with-glibc2.35,3.14.2,3.1.0,4,AMD EPYC 9474F 48-Core Processor,1,1 x NVIDIA RTX 5000 Ada Generation,,,4,machine,N
Forward pass #71,2026-02-21T19:54:15,energy-efficiency,09cce248-eba0-43d2-be60-1c9eec337903,0.06748572830110788,4.135422990674117e-08,6.166581235307213e-07,360.0,195.73451724349226,10.0,6.683088839054118e-06,3.63444735640428e-06,1.8551207613199858e-07,1.0503048271590532e-05,0.0,Canada,CAN,quebec,,,Linux-5.15.0-144-generic-x86_64-with-glibc2.35,3.14.2,3.1.0,4,AMD EPYC 9474F 48-Core Processor,1,1 x NVIDIA RTX 5000 Ada Generation,,,4,machine,N
Backward pass #71,2026-02-21T19:54:15,energy-efficiency,09cce248-eba0-43d2-be60-1c9eec337903,0.12099500373005867,6.794891226759062e-08,5.654277572810082e-07,360.0,148.96620012246487,10.0,1.1970952153205925e-05,4.954170627513577e-06,3.323792247101698e-07,1.7257502005429536e-05,0.0,Canada,CAN,quebec,,,Linux-5.15.0-144-generic-x86_64-with-glibc2.35,3.14.2,3.1.0,4,AMD EPYC 9474F 48-Core Processor,1,1 x NVIDIA RTX 5000 Ada Generation,,,4,machine,N
Optimisation step #71,2026-02-21T19:54:15,energy-efficiency,09cce248-eba0-43d2-be60-1c9eec337903,0.05909092351794243,4.650159750997998e-08,7.952810533009238e-07,360.0,358.1375750413199,10.0,5.838575214147561e-06,5.809726872030296e-06,1.6206228174269328e-07,1.1810364367920937e-05,0.0,Canada,CAN,quebec,,,Linux-5.15.0-144-generic-x86_64-with-glibc2.35,3.14.2,3.1.0,4,AMD EPYC 9474F 48-Core Processor,1,1 x NVIDIA RTX 5000 Ada Generation,,,4,machine,N
Forward pass #72,2026-02-21T19:54:15,energy-efficiency,09cce248-eba0-43d2-be60-1c9eec337903,0.06756814941763878,4.548841631238251e-08,6.766298938516846e-07,360.0,251.10551511434292,10.0,6.695785000920308e-06,4.671392620281267e-06,1.8586141264273324e-07,1.1553039033844383e-05,0.0,Canada,CAN,quebec,,,Linux-5.15.0-144-generic-x86_64-with-glibc2.35,3.14.2,3.1.0,4,AMD EPYC 9474F 48-Core Processor,1,1 x NVIDIA RTX 5000 Ada Generation,,,4,machine,N
Backward pass #72,2026-02-21T19:54:15,energy-efficiency,09cce248-eba0-43d2-be60-1c9eec337903,0.12112422473728657,6.58365059533407e-08,5.473880419472141e-07,360.0,135.54276573127058,10.0,1.1906785238534248e-05,4.483614699068994e-06,3.3059817117949146e-07,1.6720998108782706e-05,0.0,Canada,CAN,quebec,,,Linux-5.15.0-144-generic-x86_64-with-glibc2.35,3.14.2,3.1.0,4,AMD EPYC 9474F 48-Core Processor,1,1 x NVIDIA RTX 5000 Ada Generation,,,4,machine,N
Optimisation step #72,2026-02-21T19:54:15,energy-efficiency,09cce248-eba0-43d2-be60-1c9eec337903,0.05882551893591881,4.157578117622677e-08,7.117932338108735e-07,360.0,281.57719384833445,10.0,5.8335111476480895e-06,4.563892542108761e-06,1.6191364265978554e-07,1.0559317332416683e-05,0.0,Canada,CAN,quebec,,,Linux-5.15.0-144-generic-x86_64-with-glibc2.35,3.14.2,3.1.0,4,AMD EPYC 9474F 48-Core Processor,1,1 x NVIDIA RTX 5000 Ada Generation,,,4,machine,N
Forward pass #73,2026-02-21T19:54:15,energy-efficiency,09cce248-eba0-43d2-be60-1c9eec337903,0.0673811063170433,2.6968115760231103e-08,4.0294546516185805e-07,360.0,0.0,10.0,6.664312444627221e-06,0.0,1.8498500964293958e-07,6.84929745427016e-06,0.0,Canada,CAN,quebec,,,Linux-5.15.0-144-generic-x86_64-with-glibc2.35,3.14.2,3.1.0,4,AMD EPYC 9474F 48-Core Processor,1,1 x NVIDIA RTX 5000 Ada Generation,,,4,machine,N
Backward pass #73,2026-02-21T19:54:15,energy-efficiency,09cce248-eba0-43d2-be60-1c9eec337903,0.12117168493568897,9.048237681961771e-08,7.521609591140229e-07,360.0,321.00609872432955,10.0,1.1971703264862304e-05,1.0676397430131601e-05,3.323966714863984e-07,2.2980497366480168e-05,0.0,Canada,CAN,quebec,,,Linux-5.15.0-144-generic-x86_64-with-glibc2.35,3.14.2,3.1.0,4,AMD EPYC 9474F 48-Core Processor,1,1 x NVIDIA RTX 5000 Ada Generation,,,4,machine,N
Optimisation step #73,2026-02-21T19:54:15,energy-efficiency,09cce248-eba0-43d2-be60-1c9eec337903,0.05893717147409916,2.3391718104286152e-08,4.0007963890106526e-07,360.0,0.0,10.0,5.780515260994396e-06,0.0,1.6045728180971345e-07,5.940972542803954e-06,0.0,Canada,CAN,quebec,,,Linux-5.15.0-144-generic-x86_64-with-glibc2.35,3.14.2,3.1.0,4,AMD EPYC 9474F 48-Core Processor,1,1 x NVIDIA RTX 5000 Ada Generation,,,4,machine,N
Forward pass #74,2026-02-21T19:54:15,energy-efficiency,09cce248-eba0-43d2-be60-1c9eec337903,0.06731589511036873,3.991028351384191e-08,5.956213804611407e-07,360.0,176.56408144528797,10.0,6.6760025918483415e-06,3.2750026193184567e-06,1.8531301369269617e-07,1.0136318224859657e-05,0.0,Canada,CAN,quebec,,,Linux-5.15.0-144-generic-x86_64-with-glibc2.35,3.14.2,3.1.0,4,AMD EPYC 9474F 48-Core Processor,1,1 x NVIDIA RTX 5000 Ada Generation,,,4,machine,N
Backward pass #74,2026-02-21T19:54:15,energy-efficiency,09cce248-eba0-43d2-be60-1c9eec337903,0.12072400748729706,6.708591223701199e-08,5.583695514791162e-07,360.0,141.50870204548107,10.0,1.1991208512335911e-05,4.714170437125631e-06,3.329403750184512e-07,1.703831932448009e-05,0.0,Canada,CAN,quebec,,,Linux-5.15.0-144-generic-x86_64-with-glibc2.35,3.14.2,3.1.0,4,AMD EPYC 9474F 48-Core Processor,1,1 x NVIDIA RTX 5000 Ada Generation,,,4,machine,N
Optimisation step #74,2026-02-21T19:54:16,energy-efficiency,09cce248-eba0-43d2-be60-1c9eec337903,0.059026213362812996,4.376373703214275e-08,7.505539727416811e-07,360.0,316.20270029793153,10.0,5.830659158527745e-06,5.122504099119851e-06,1.6184586307240936e-07,1.1115009120720148e-05,0.0,Canada,CAN,quebec,,,Linux-5.15.0-144-generic-x86_64-with-glibc2.35,3.14.2,3.1.0,4,AMD EPYC 9474F 48-Core Processor,1,1 x NVIDIA RTX 5000 Ada Generation,,,4,machine,N
Forward pass #75,2026-02-21T19:54:16,energy-efficiency,09cce248-eba0-43d2-be60-1c9eec337903,0.06729872431606054,4.8420989269302314e-08,7.235169777508937e-07,360.0,292.8426791633792,10.0,6.6785626113413914e-06,5.433893235817777e-06,1.8539104300240787e-07,1.229784689016182e-05,0.0,Canada,CAN,quebec,,,Linux-5.15.0-144-generic-x86_64-with-glibc2.35,3.14.2,3.1.0,4,AMD EPYC 9474F 48-Core Processor,1,1 x NVIDIA RTX 5000 Ada Generation,,,4,machine,N
Backward pass #75,2026-02-21T19:54:16,energy-efficiency,09cce248-eba0-43d2-be60-1c9eec337903,0.12061118613928556,7.070502209753735e-08,5.903042600896538e-07,360.0,168.76137772426455,10.0,1.1998775694519294e-05,5.625560053346135e-06,3.331564315077332e-07,1.795749217937308e-05,0.0,Canada,CAN,quebec,,,Linux-5.15.0-144-generic-x86_64-with-glibc2.35,3.14.2,3.1.0,4,AMD EPYC 9474F 48-Core Processor,1,1 x NVIDIA RTX 5000 Ada Generation,,,4,machine,N
Optimisation step #75,2026-02-21T19:54:16,energy-efficiency,09cce248-eba0-43d2-be60-1c9eec337903,0.05887180007994175,2.3616612592641624e-08,4.0534508143091955e-07,360.0,0.0,10.0,5.836097337305482e-06,0.0,1.619933690461873e-07,5.998090706351832e-06,0.0,Canada,CAN,quebec,,,Linux-5.15.0-144-generic-x86_64-with-glibc2.35,3.14.2,3.1.0,4,AMD EPYC 9474F 48-Core Processor,1,1 x NVIDIA RTX 5000 Ada Generation,,,4,machine,N
Forward pass #76,2026-02-21T19:54:16,energy-efficiency,09cce248-eba0-43d2-be60-1c9eec337903,0.06749928742647171,4.120431490843003e-08,6.137704635285868e-07,360.0,192.95712859829894,10.0,6.691715959459546e-06,3.587502874324855e-06,1.8575438556986005e-07,1.0464973219354023e-05,0.0,Canada,CAN,quebec,,,Linux-5.15.0-144-generic-x86_64-with-glibc2.35,3.14.2,3.1.0,4,AMD EPYC 9474F 48-Core Processor,1,1 x NVIDIA RTX 5000 Ada Generation,,,4,machine,N
Backward pass #76,2026-02-21T19:54:16,energy-efficiency,09cce248-eba0-43d2-be60-1c9eec337903,0.121242705732584,6.772044468666023e-08,5.630876779593067e-07,360.0,148.56583801629114,10.0,1.1939899623394099e-05,4.928059496478454e-06,3.315172365142265e-07,1.7199476356386488e-05,0.0,Canada,CAN,quebec,,,Linux-5.15.0-144-generic-x86_64-with-glibc2.35,3.14.2,3.1.0,4,AMD EPYC 9474F 48-Core Processor,1,1 x NVIDIA RTX 5000 Ada Generation,,,4,machine,N
Optimisation step #76,2026-02-21T19:54:16,energy-efficiency,09cce248-eba0-43d2-be60-1c9eec337903,0.05943125858902931,4.660969113966918e-08,7.930173904849658e-07,360.0,357.30649894186155,10.0,5.858805589377836e-06,5.816393542801279e-06,1.6261859693461112e-07,1.1837817729113808e-05,0.0,Canada,CAN,quebec,,,Linux-5.15.0-144-generic-x86_64-with-glibc2.35,3.14.2,3.1.0,4,AMD EPYC 9474F 48-Core Processor,1,1 x NVIDIA RTX 5000 Ada Generation,,,4,machine,N
Forward pass #77,2026-02-21T19:54:16,energy-efficiency,09cce248-eba0-43d2-be60-1c9eec337903,0.06746517773717642,4.541323975493069e-08,6.762100295806796e-07,360.0,250.41963483227946,10.0,6.6920639015734685e-06,4.65611483591033e-06,1.8576713434110311e-07,1.1533945871824644e-05,0.0,Canada,CAN,quebec,,,Linux-5.15.0-144-generic-x86_64-with-glibc2.35,3.14.2,3.1.0,4,AMD EPYC 9474F 48-Core Processor,1,1 x NVIDIA RTX 5000 Ada Generation,,,4,machine,N
Backward pass #77,2026-02-21T19:54:16,energy-efficiency,09cce248-eba0-43d2-be60-1c9eec337903,0.1210600333288312,6.598500095605423e-08,5.502831511126818e-07,360.0,134.9086638250591,10.0,1.1948612798005388e-05,4.4783369155254604e-06,3.3176280040707524e-07,1.6758712513938005e-05,0.0,Canada,CAN,quebec,,,Linux-5.15.0-144-generic-x86_64-with-glibc2.35,3.14.2,3.1.0,4,AMD EPYC 9474F 48-Core Processor,1,1 x NVIDIA RTX 5000 Ada Generation,,,4,machine,N
Optimisation step #77,2026-02-21T19:54:16,energy-efficiency,09cce248-eba0-43d2-be60-1c9eec337903,0.05922143440693617,4.150273432617747e-08,7.080630018079757e-07,360.0,285.0667461842511,10.0,5.792323499917949e-06,4.58778144718508e-06,1.606601212794553e-07,1.0540765068382633e-05,0.0,Canada,CAN,quebec,,,Linux-5.15.0-144-generic-x86_64-with-glibc2.35,3.14.2,3.1.0,4,AMD EPYC 9474F 48-Core Processor,1,1 x NVIDIA RTX 5000 Ada Generation,,,4,machine,N
Forward pass #78,2026-02-21T19:54:16,energy-efficiency,09cce248-eba0-43d2-be60-1c9eec337903,0.06755956914275885,2.711076419891616e-08,4.0322503719936857e-07,360.0,0.0,10.0,6.6995549947023066e-06,0.0,1.8597196839335655e-07,6.885526963095866e-06,0.0,Canada,CAN,quebec,,,Linux-5.15.0-144-generic-x86_64-with-glibc2.35,3.14.2,3.1.0,4,AMD EPYC 9474F 48-Core Processor,1,1 x NVIDIA RTX 5000 Ada Generation,,,4,machine,N
Backward pass #78,2026-02-21T19:54:17,energy-efficiency,09cce248-eba0-43d2-be60-1c9eec337903,0.12126804701983929,9.011571634143563e-08,7.467777017533364e-07,360.0,319.92432863436403,10.0,1.1941902805119847e-05,1.0613897380551407e-05,3.315736306831225e-07,2.2887373816354254e-05,0.0,Canada,CAN,quebec,,,Linux-5.15.0-144-generic-x86_64-with-glibc2.35,3.14.2,3.1.0,4,AMD EPYC 9474F 48-Core Processor,1,1 x NVIDIA RTX 5000 Ada Generation,,,4,machine,N
Optimisation step #78,2026-02-21T19:54:17,energy-efficiency,09cce248-eba0-43d2-be60-1c9eec337903,0.05902123264968395,2.3358765273028245e-08,4.0040132640759416e-07,360.0,0.0,10.0,5.7723721489310546e-06,0.0,1.602311127094739e-07,5.932603261640454e-06,0.0,Canada,CAN,quebec,,,Linux-5.15.0-144-generic-x86_64-with-glibc2.35,3.14.2,3.1.0,4,AMD EPYC 9474F 48-Core Processor,1,1 x NVIDIA RTX 5000 Ada Generation,,,4,machine,N
Forward pass #79,2026-02-21T19:54:17,energy-efficiency,09cce248-eba0-43d2-be60-1c9eec337903,0.06747268699109554,3.993343613717443e-08,5.943752546389683e-07,360.0,175.59354048456095,10.0,6.691720895469263e-06,3.2647248318085076e-06,1.8575274540732627e-07,1.0142198472685212e-05,0.0,Canada,CAN,quebec,,,Linux-5.15.0-144-generic-x86_64-with-glibc2.35,3.14.2,3.1.0,4,AMD EPYC 9474F 48-Core Processor,1,1 x NVIDIA RTX 5000 Ada Generation,,,4,machine,N
Backward pass #79,2026-02-21T19:54:17,energy-efficiency,09cce248-eba0-43d2-be60-1c9eec337903,0.11442899703979492,6.596366140558487e-08,5.806207232725426e-07,360.0,143.75618567623616,10.0,1.1739016510546162e-05,4.6883370856676265e-06,3.259391498027604e-07,1.6753292746016658e-05,0.0,Canada,CAN,quebec,,,Linux-5.15.0-144-generic-x86_64-with-glibc2.35,3.14.2,3.1.0,4,AMD EPYC 9474F 48-Core Processor,1,1 x NVIDIA RTX 5000 Ada Generation,,,4,machine,N
Optimisation step #79,2026-02-21T19:54:17,energy-efficiency,09cce248-eba0-43d2-be60-1c9eec337903,0.06096803490072489,4.1901574257971895e-08,6.922288686395891e-07,360.0,253.36739197216988,10.0,6.145357154309751e-06,4.326114574126905e-06,1.7058975063264043e-07,1.0642061479069174e-05,0.0,Canada,CAN,quebec,,,Linux-5.15.0-144-generic-x86_64-with-glibc2.35,3.14.2,3.1.0,4,AMD EPYC 9474F 48-Core Processor,1,1 x NVIDIA RTX 5000 Ada Generation,,,4,machine,N
Forward pass #80,2026-02-21T19:54:17,energy-efficiency,09cce248-eba0-43d2-be60-1c9eec337903,0.06687588803470135,4.8489211006608104e-08,7.284502068263621e-07,360.0,299.51229463564295,10.0,6.6213698126376015e-06,5.510004406517055e-06,1.8379946446253463e-07,1.2315173683617123e-05,0.0,Canada,CAN,quebec,,,Linux-5.15.0-144-generic-x86_64-with-glibc2.35,3.14.2,3.1.0,4,AMD EPYC 9474F 48-Core Processor,1,1 x NVIDIA RTX 5000 Ada Generation,,,4,machine,N
Backward pass #80,2026-02-21T19:54:17,energy-efficiency,09cce248-eba0-43d2-be60-1c9eec337903,0.11869923584163189,7.059944696092215e-08,5.97936030611029e-07,360.0,175.20740709999765,10.0,1.1839179042726642e-05,5.762782389950871e-06,3.287170263421171e-07,1.7930678459019637e-05,0.0,Canada,CAN,quebec,,,Linux-5.15.0-144-generic-x86_64-with-glibc2.35,3.14.2,3.1.0,4,AMD EPYC 9474F 48-Core Processor,1,1 x NVIDIA RTX 5000 Ada Generation,,,4,machine,N
Optimisation step #80,2026-02-21T19:54:17,energy-efficiency,09cce248-eba0-43d2-be60-1c9eec337903,0.06134072970598936,2.5195549236917697e-08,4.1471335348557643e-07,360.0,0.0,10.0,6.22627446427923e-06,0.0,1.7283078955693184e-07,6.399105253836277e-06,0.0,Canada,CAN,quebec,,,Linux-5.15.0-144-generic-x86_64-with-glibc2.35,3.14.2,3.1.0,4,AMD EPYC 9474F 48-Core Processor,1,1 x NVIDIA RTX 5000 Ada Generation,,,4,machine,N
Forward pass #81,2026-02-21T19:54:17,energy-efficiency,09cce248-eba0-43d2-be60-1c9eec337903,0.06760917045176029,3.6101004137709136e-08,5.387245450084483e-07,360.0,124.32204619561978,10.0,6.677106767892776e-06,2.306390729955865e-06,1.853490739853875e-07,9.168846571833839e-06,0.0,Canada,CAN,quebec,,,Linux-5.15.0-144-generic-x86_64-with-glibc2.35,3.14.2,3.1.0,4,AMD EPYC 9474F 48-Core Processor,1,1 x NVIDIA RTX 5000 Ada Generation,,,4,machine,N
Backward pass #81,2026-02-21T19:54:17,energy-efficiency,09cce248-eba0-43d2-be60-1c9eec337903,0.12952379882335663,6.811399772755989e-08,5.294262427001289e-07,360.0,148.90312270304227,10.0,1.2001477740704834e-05,4.9647261981533575e-06,3.3322607632726704e-07,1.7299430015185486e-05,0.0,Canada,CAN,quebec,,,Linux-5.15.0-144-generic-x86_64-with-glibc2.35,3.14.2,3.1.0,4,AMD EPYC 9474F 48-Core Processor,1,1 x NVIDIA RTX 5000 Ada Generation,,,4,machine,N
Optimisation step #81,2026-02-21T19:54:17,energy-efficiency,09cce248-eba0-43d2-be60-1c9eec337903,0.05976772494614124,4.516368275221288e-08,7.687939320288181e-07,360.0,327.0350493148884,10.0,5.923632718622847e-06,5.382504301820745e-06,1.6442696149978622e-07,1.1470563981943582e-05,0.0,Canada,CAN,quebec,,,Linux-5.15.0-144-generic-x86_64-with-glibc2.35,3.14.2,3.1.0,4,AMD EPYC 9474F 48-Core Processor,1,1 x NVIDIA RTX 5000 Ada Generation,,,4,machine,N
Forward pass #82,2026-02-21T19:54:17,energy-efficiency,09cce248-eba0-43d2-be60-1c9eec337903,0.06764358002692461,3.81464378885455e-08,5.684591014110774e-07,360.0,165.45640911868313,10.0,6.5133750438688826e-06,2.9941690620205463e-06,1.807968313288335e-07,9.688340937218445e-06,0.0,Canada,CAN,quebec,,,Linux-5.15.0-144-generic-x86_64-with-glibc2.35,3.14.2,3.1.0,4,AMD EPYC 9474F 48-Core Processor,1,1 x NVIDIA RTX 5000 Ada Generation,,,4,machine,N
Backward pass #82,2026-02-21T19:54:18,energy-efficiency,09cce248-eba0-43d2-be60-1c9eec337903,0.11599516216665506,6.973320922569365e-08,6.04535666938554e-07,360.0,179.5188553729967,10.0,1.16021403111519e-05,5.786393519002786e-06,3.2213964344312505e-07,1.7710673473597845e-05,0.0,Canada,CAN,quebec,,,Linux-5.15.0-144-generic-x86_64-with-glibc2.35,3.14.2,3.1.0,4,AMD EPYC 9474F 48-Core Processor,1,1 x NVIDIA RTX 5000 Ada Generation,,,4,machine,N
Optimisation step #82,2026-02-21T19:54:18,energy-efficiency,09cce248-eba0-43d2-be60-1c9eec337903,0.058024827390909195,4.131115292720349e-08,7.157374941312352e-07,360.0,287.11268959755444,10.0,5.7475648820399725e-06,4.585003669177468e-06,1.5953913227551524e-07,1.0492107683493165e-05,0.0,Canada,CAN,quebec,,,Linux-5.15.0-144-generic-x86_64-with-glibc2.35,3.14.2,3.1.0,4,AMD EPYC 9474F 48-Core Processor,1,1 x NVIDIA RTX 5000 Ada Generation,,,4,machine,N
Forward pass #83,2026-02-21T19:54:18,energy-efficiency,09cce248-eba0-43d2-be60-1c9eec337903,0.06856917589902878,2.728703724347626e-08,3.9972127839948897e-07,360.0,0.0,10.0,6.743119657039512e-06,0.0,1.8717671175384195e-07,6.930296368793266e-06,0.0,Canada,CAN,quebec,,,Linux-5.15.0-144-generic-x86_64-with-glibc2.35,3.14.2,3.1.0,4,AMD EPYC 9474F 48-Core Processor,1,1 x NVIDIA RTX 5000 Ada Generation,,,4,machine,N
Backward pass #83,2026-02-21T19:54:18,energy-efficiency,09cce248-eba0-43d2-be60-1c9eec337903,0.11872458551079035,9.214825329813522e-08,7.820313235653501e-07,360.0,357.094477462642,10.0,1.158687407150881e-05,1.1495009196949013e-05,3.2170941639277605e-07,2.3403592684850816e-05,0.0,Canada,CAN,quebec,,,Linux-5.15.0-144-generic-x86_64-with-glibc2.35,3.14.2,3.1.0,4,AMD EPYC 9474F 48-Core Processor,1,1 x NVIDIA RTX 5000 Ada Generation,,,4,machine,N
Optimisation step #83,2026-02-21T19:54:18,energy-efficiency,09cce248-eba0-43d2-be60-1c9eec337903,0.05887516122311354,2.323796484440303e-08,3.994808574863325e-07,360.0,0.0,10.0,5.742519721388742e-06,0.0,1.5940293669700496e-07,5.901922658085781e-06,0.0,Canada,CAN,quebec,,,Linux-5.15.0-144-generic-x86_64-with-glibc2.35,3.14.2,3.1.0,4,AMD EPYC 9474F 48-Core Processor,1,1 x NVIDIA RTX 5000 Ada Generation,,,4,machine,N
Forward pass #84,2026-02-21T19:54:18,energy-efficiency,09cce248-eba0-43d2-be60-1c9eec337903,0.06524038221687078,4.3283120614781426e-08,6.665272878501667e-07,360.0,242.97635175901559,10.0,6.455703079700625e-06,4.3580590407543696e-06,1.7918119362244955e-07,1.0992943314077491e-05,0.0,Canada,CAN,quebec,,,Linux-5.15.0-144-generic-x86_64-with-glibc2.35,3.14.2,3.1.0,4,AMD EPYC 9474F 48-Core Processor,1,1 x NVIDIA RTX 5000 Ada Generation,,,4,machine,N
Backward pass #84,2026-02-21T19:54:18,energy-efficiency,09cce248-eba0-43d2-be60-1c9eec337903,0.11793022509664297,6.53625894232708e-08,5.584408780818586e-07,360.0,144.69975245464354,10.0,1.1610755510628023e-05,4.667503734623324e-06,3.2237467821687296e-07,1.6600633923468267e-05,0.0,Canada,CAN,quebec,,,Linux-5.15.0-144-generic-x86_64-with-glibc2.35,3.14.2,3.1.0,4,AMD EPYC 9474F 48-Core Processor,1,1 x NVIDIA RTX 5000 Ada Generation,,,4,machine,N
Optimisation step #84,2026-02-21T19:54:18,energy-efficiency,09cce248-eba0-43d2-be60-1c9eec337903,0.06286260392516851,4.0353429491911855e-08,6.488967320523593e-07,360.0,260.8060177670264,10.0,5.848469398915708e-06,4.238058945560397e-06,1.6233903459376422e-07,1.0248867379070072e-05,0.0,Canada,CAN,quebec,,,Linux-5.15.0-144-generic-x86_64-with-glibc2.35,3.14.2,3.1.0,4,AMD EPYC 9474F 48-Core Processor,1,1 x NVIDIA RTX 5000 Ada Generation,,,4,machine,N
Forward pass #85,2026-02-21T19:54:18,energy-efficiency,09cce248-eba0-43d2-be60-1c9eec337903,0.06905930303037167,4.515307579179723e-08,6.574530182977553e-07,360.0,234.65661381858683,10.0,6.827242020517391e-06,4.451114669734579e-06,1.8951336128844365e-07,1.146787005154061e-05,0.0,Canada,CAN,quebec,,,Linux-5.15.0-144-generic-x86_64-with-glibc2.35,3.14.2,3.1.0,4,AMD EPYC 9474F 48-Core Processor,1,1 x NVIDIA RTX 5000 Ada Generation,,,4,machine,N
Backward pass #85,2026-02-21T19:54:18,energy-efficiency,09cce248-eba0-43d2-be60-1c9eec337903,0.12109547387808561,6.8493957114398e-08,5.698956475560756e-07,360.0,154.32123019760974,10.0,1.1943746823817568e-05,5.120559652738166e-06,3.316247137263406e-07,1.739593119028191e-05,0.0,Canada,CAN,quebec,,,Linux-5.15.0-144-generic-x86_64-with-glibc2.35,3.14.2,3.1.0,4,AMD EPYC 9474F 48-Core Processor,1,1 x NVIDIA RTX 5000 Ada Generation,,,4,machine,N
Optimisation step #85,2026-02-21T19:54:18,energy-efficiency,09cce248-eba0-43d2-be60-1c9eec337903,0.06869521643966436,2.3298128199364705e-08,3.4248809467987826e-07,360.0,0.0,10.0,5.757397972047142e-06,0.0,1.5980483084503192e-07,5.91720280289235e-06,0.0,Canada,CAN,quebec,,,Linux-5.15.0-144-generic-x86_64-with-glibc2.35,3.14.2,3.1.0,4,AMD EPYC 9474F 48-Core Processor,1,1 x NVIDIA RTX 5000 Ada Generation,,,4,machine,N
Forward pass #86,2026-02-21T19:54:19,energy-efficiency,09cce248-eba0-43d2-be60-1c9eec337903,0.06896206084638834,2.7650714036339734e-08,4.023741147269208e-07,360.0,0.0,10.0,6.8329910747708805e-06,0.0,1.89671054896378e-07,7.0226621296672585e-06,0.0,Canada,CAN,quebec,,,Linux-5.15.0-144-generic-x86_64-with-glibc2.35,3.14.2,3.1.0,4,AMD EPYC 9474F 48-Core Processor,1,1 x NVIDIA RTX 5000 Ada Generation,,,4,machine,N
Backward pass #86,2026-02-21T19:54:19,energy-efficiency,09cce248-eba0-43d2-be60-1c9eec337903,0.12093587126582861,9.403497672893548e-08,7.815870041648094e-07,360.0,366.7597675601968,10.0,1.1669055465608844e-05,1.1889731734271436e-05,3.239909833711044e-07,2.3882778183251588e-05,0.0,Canada,CAN,quebec,,,Linux-5.15.0-144-generic-x86_64-with-glibc2.35,3.14.2,3.1.0,4,AMD EPYC 9474F 48-Core Processor,1,1 x NVIDIA RTX 5000 Ada Generation,,,4,machine,N
Optimisation step #86,2026-02-21T19:54:19,energy-efficiency,09cce248-eba0-43d2-be60-1c9eec337903,0.06847389321774244,2.351435351424444e-08,3.4707976851115115e-07,360.0,0.0,10.0,5.810824781656357e-06,0.0,1.6129440886692857e-07,5.972119190523258e-06,0.0,Canada,CAN,quebec,,,Linux-5.15.0-144-generic-x86_64-with-glibc2.35,3.14.2,3.1.0,4,AMD EPYC 9474F 48-Core Processor,1,1 x NVIDIA RTX 5000 Ada Generation,,,4,machine,N
Forward pass #87,2026-02-21T19:54:19,energy-efficiency,09cce248-eba0-43d2-be60-1c9eec337903,0.06920621637254953,2.7877382583766307e-08,4.060108042152354e-07,360.0,0.0,10.0,6.889003142714328e-06,0.0,1.9122772177474466e-07,7.0802308644890045e-06,0.0,Canada,CAN,quebec,,,Linux-5.15.0-144-generic-x86_64-with-glibc2.35,3.14.2,3.1.0,4,AMD EPYC 9474F 48-Core Processor,1,1 x NVIDIA RTX 5000 Ada Generation,,,4,machine,N
Backward pass #87,2026-02-21T19:54:19,energy-efficiency,09cce248-eba0-43d2-be60-1c9eec337903,0.12025943957269192,7.155151404517011e-08,5.983640675882476e-07,360.0,177.8642880779639,10.0,1.1940660607069695e-05,5.900282499027298e-06,3.315390708545857e-07,1.817248217695147e-05,0.0,Canada,CAN,quebec,,,Linux-5.15.0-144-generic-x86_64-with-glibc2.35,3.14.2,3.1.0,4,AMD EPYC 9474F 48-Core Processor,1,1 x NVIDIA RTX 5000 Ada Generation,,,4,machine,N
Optimisation step #87,2026-02-21T19:54:19,energy-efficiency,09cce248-eba0-43d2-be60-1c9eec337903,0.06793650519102812,4.42922474393205e-08,6.587052755223651e-07,360.0,334.07832375275035,10.0,5.751261860132122e-06,5.338337601301646e-06,1.5963946676088455e-07,1.1249238928194571e-05,0.0,Canada,CAN,quebec,,,Linux-5.15.0-144-generic-x86_64-with-glibc2.35,3.14.2,3.1.0,4,AMD EPYC 9474F 48-Core Processor,1,1 x NVIDIA RTX 5000 Ada Generation,,,4,machine,N
Forward pass #88,2026-02-21T19:54:19,energy-efficiency,09cce248-eba0-43d2-be60-1c9eec337903,0.06938661821186543,3.8527976846476e-08,5.595349574216678e-07,360.0,144.41132030730495,10.0,6.847662385553021e-06,2.7475021973089042e-06,1.9007870513532138e-07,9.785243287997389e-06,0.0,Canada,CAN,quebec,,,Linux-5.15.0-144-generic-x86_64-with-glibc2.35,3.14.2,3.1.0,4,AMD EPYC 9474F 48-Core Processor,1,1 x NVIDIA RTX 5000 Ada Generation,,,4,machine,N
Backward pass #88,2026-02-21T19:54:19,energy-efficiency,09cce248-eba0-43d2-be60-1c9eec337903,0.11792185436934233,6.953871784599838e-08,5.931513022469863e-07,360.0,176.90222811411587,10.0,1.1625165678560631e-05,5.713337905888238e-06,3.2277343432522644e-07,1.7661277018774218e-05,0.0,Canada,CAN,quebec,,,Linux-5.15.0-144-generic-x86_64-with-glibc2.35,3.14.2,3.1.0,4,AMD EPYC 9474F 48-Core Processor,1,1 x NVIDIA RTX 5000 Ada Generation,,,4,machine,N
Optimisation step #88,2026-02-21T19:54:19,energy-efficiency,09cce248-eba0-43d2-be60-1c9eec337903,0.06982732471078634,4.370621520572259e-08,6.320002674449437e-07,360.0,319.82961444129967,10.0,5.792392510920591e-06,5.147226339374811e-06,1.6078101471066674e-07,1.1100399865006123e-05,0.0,Canada,CAN,quebec,,,Linux-5.15.0-144-generic-x86_64-with-glibc2.35,3.14.2,3.1.0,4,AMD EPYC 9474F 48-Core Processor,1,1 x NVIDIA RTX 5000 Ada Generation,,,4,machine,N
Forward pass #89,2026-02-21T19:54:19,energy-efficiency,09cce248-eba0-43d2-be60-1c9eec337903,0.06886123865842819,4.218390440481933e-08,6.147510240188714e-07,360.0,192.93722373388104,10.0,6.851085368543824e-06,3.672502941753919e-06,1.901787033097623e-07,1.0713767013607444e-05,0.0,Canada,CAN,quebec,,,Linux-5.15.0-144-generic-x86_64-with-glibc2.35,3.14.2,3.1.0,4,AMD EPYC 9474F 48-Core Processor,1,1 x NVIDIA RTX 5000 Ada Generation,,,4,machine,N
Backward pass #89,2026-02-21T19:54:19,energy-efficiency,09cce248-eba0-43d2-be60-1c9eec337903,0.1189200896769762,6.90349453015968e-08,5.836867738248135e-07,360.0,174.51925663772712,10.0,1.1591488216072202e-05,5.620004493778197e-06,3.2183736459248647e-07,1.7533330074442736e-05,0.0,Canada,CAN,quebec,,,Linux-5.15.0-144-generic-x86_64-with-glibc2.35,3.14.2,3.1.0,4,AMD EPYC 9474F 48-Core Processor,1,1 x NVIDIA RTX 5000 Ada Generation,,,4,machine,N
Optimisation step #89,2026-02-21T19:54:20,energy-efficiency,09cce248-eba0-43d2-be60-1c9eec337903,0.07054963707923889,4.1360705660302215e-08,5.934280866822841e-07,360.0,280.6591957468796,10.0,5.811471771448827e-06,4.531948068375868e-06,1.612731281460975e-07,1.0504692967970922e-05,0.0,Canada,CAN,quebec,,,Linux-5.15.0-144-generic-x86_64-with-glibc2.35,3.14.2,3.1.0,4,AMD EPYC 9474F 48-Core Processor,1,1 x NVIDIA RTX 5000 Ada Generation,,,4,machine,N
Forward pass #90,2026-02-21T19:54:20,energy-efficiency,09cce248-eba0-43d2-be60-1c9eec337903,0.06952557992190123,4.535142877571871e-08,6.556747953013841e-07,360.0,232.9634394776287,10.0,6.876521743834178e-06,4.450836893710175e-06,1.9088862981233624e-07,1.1518247267356622e-05,0.0,Canada,CAN,quebec,,,Linux-5.15.0-144-generic-x86_64-with-glibc2.35,3.14.2,3.1.0,4,AMD EPYC 9474F 48-Core Processor,1,1 x NVIDIA RTX 5000 Ada Generation,,,4,machine,N
Backward pass #90,2026-02-21T19:54:20,energy-efficiency,09cce248-eba0-43d2-be60-1c9eec337903,0.12059819605201483,6.931935967792953e-08,5.778764668385243e-07,360.0,172.4727817049102,10.0,1.1683121602982204e-05,5.598060035083563e-06,3.243833185277088e-07,1.7605564956593624e-05,0.0,Canada,CAN,quebec,,,Linux-5.15.0-144-generic-x86_64-with-glibc2.35,3.14.2,3.1.0,4,AMD EPYC 9474F 48-Core Processor,1,1 x NVIDIA RTX 5000 Ada Generation,,,4,machine,N
Optimisation step #90,2026-02-21T19:54:20,energy-efficiency,09cce248-eba0-43d2-be60-1c9eec337903,0.06775134243071079,2.3690621139872296e-08,3.519266188764196e-07,360.0,0.0,10.0,5.854388512670835e-06,0.0,1.6249870726217554e-07,6.016887219933119e-06,0.0,Canada,CAN,quebec,,,Linux-5.15.0-144-generic-x86_64-with-glibc2.35,3.14.2,3.1.0,4,AMD EPYC 9474F 48-Core Processor,1,1 x NVIDIA RTX 5000 Ada Generation,,,4,machine,N
Forward pass #91,2026-02-21T19:54:20,energy-efficiency,09cce248-eba0-43d2-be60-1c9eec337903,0.06886832974851131,2.7768157506836115e-08,4.049204314582073e-07,360.0,0.0,10.0,6.862013600766621e-06,0.0,1.9047654026912878e-07,7.052490141035844e-06,0.0,Canada,CAN,quebec,,,Linux-5.15.0-144-generic-x86_64-with-glibc2.35,3.14.2,3.1.0,4,AMD EPYC 9474F 48-Core Processor,1,1 x NVIDIA RTX 5000 Ada Generation,,,4,machine,N
Backward pass #91,2026-02-21T19:54:20,energy-efficiency,09cce248-eba0-43d2-be60-1c9eec337903,0.12049781531095505,9.376255148305363e-08,7.824287135074576e-07,360.0,363.58554501746227,10.0,1.168552264571186e-05,1.1803620555639327e-05,3.2444507038841377e-07,2.3813588271739614e-05,0.0,Canada,CAN,quebec,,,Linux-5.15.0-144-generic-x86_64-with-glibc2.35,3.14.2,3.1.0,4,AMD EPYC 9474F 48-Core Processor,1,1 x NVIDIA RTX 5000 Ada Generation,,,4,machine,N
Optimisation step #91,2026-02-21T19:54:20,energy-efficiency,09cce248-eba0-43d2-be60-1c9eec337903,0.06817507743835449,2.348563694459659e-08,3.466606676998907e-07,360.0,0.0,10.0,5.8037326671183526e-06,0.0,1.6109315781958028e-07,5.964825824937743e-06,0.0,Canada,CAN,quebec,,,Linux-5.15.0-144-generic-x86_64-with-glibc2.35,3.14.2,3.1.0,4,AMD EPYC 9474F 48-Core Processor,1,1 x NVIDIA RTX 5000 Ada Generation,,,4,machine,N
Forward pass #92,2026-02-21T19:54:20,energy-efficiency,09cce248-eba0-43d2-be60-1c9eec337903,0.06863565556704998,3.6686076351250904e-08,5.371350404431311e-07,360.0,121.66939639976633,10.0,6.8219590000809065e-06,2.3061129539314607e-06,1.8936985741473578e-07,9.317441811427293e-06,0.0,Canada,CAN,quebec,,,Linux-5.15.0-144-generic-x86_64-with-glibc2.35,3.14.2,3.1.0,4,AMD EPYC 9474F 48-Core Processor,1,1 x NVIDIA RTX 5000 Ada Generation,,,4,machine,N
Backward pass #92,2026-02-21T19:54:20,energy-efficiency,09cce248-eba0-43d2-be60-1c9eec337903,0.12041325401514769,7.212282556283456e-08,6.022376961498268e-07,360.0,181.6230727419513,10.0,1.1954001989215434e-05,6.031671492934265e-06,3.3190902581231325e-07,1.8317582507961904e-05,0.0,Canada,CAN,quebec,,,Linux-5.15.0-144-generic-x86_64-with-glibc2.35,3.14.2,3.1.0,4,AMD EPYC 9474F 48-Core Processor,1,1 x NVIDIA RTX 5000 Ada Generation,,,4,machine,N
Optimisation step #92,2026-02-21T19:54:20,energy-efficiency,09cce248-eba0-43d2-be60-1c9eec337903,0.05886652134358883,4.465965727671238e-08,7.643174227910162e-07,360.0,339.0455312727281,10.0,5.758272018283571e-06,5.4244487834864685e-06,1.5983199700713335e-07,1.1342552798777362e-05,0.0,Canada,CAN,quebec,,,Linux-5.15.0-144-generic-x86_64-with-glibc2.35,3.14.2,3.1.0,4,AMD EPYC 9474F 48-Core Processor,1,1 x NVIDIA RTX 5000 Ada Generation,,,4,machine,N
Forward pass #93,2026-02-21T19:54:20,energy-efficiency,09cce248-eba0-43d2-be60-1c9eec337903,0.06744884792715311,4.549163093969428e-08,6.774059283681628e-07,360.0,251.24931914161513,10.0,6.694685854017907e-06,4.67333707376838e-06,1.8583254940394175e-07,1.155385547719004e-05,0.0,Canada,CAN,quebec,,,Linux-5.15.0-144-generic-x86_64-with-glibc2.35,3.14.2,3.1.0,4,AMD EPYC 9474F 48-Core Processor,1,1 x NVIDIA RTX 5000 Ada Generation,,,4,machine,N
Backward pass #93,2026-02-21T19:54:21,energy-efficiency,09cce248-eba0-43d2-be60-1c9eec337903,0.1207056688144803,6.602444880212288e-08,5.495987752975005e-07,360.0,134.81058317043573,10.0,1.195809710770844e-05,4.478614691549865e-06,3.320195841499446e-07,1.676873138340817e-05,0.0,Canada,CAN,quebec,,,Linux-5.15.0-144-generic-x86_64-with-glibc2.35,3.14.2,3.1.0,4,AMD EPYC 9474F 48-Core Processor,1,1 x NVIDIA RTX 5000 Ada Generation,,,4,machine,N
Optimisation step #93,2026-02-21T19:54:21,energy-efficiency,09cce248-eba0-43d2-be60-1c9eec337903,0.05904131289571524,4.1577254840067396e-08,7.108017285763956e-07,360.0,288.00931105170173,10.0,5.776400212198322e-06,4.62305925807982e-06,1.6023213975130846e-07,1.0559691610029492e-05,0.0,Canada,CAN,quebec,,,Linux-5.15.0-144-generic-x86_64-with-glibc2.35,3.14.2,3.1.0,4,AMD EPYC 9474F 48-Core Processor,1,1 x NVIDIA RTX 5000 Ada Generation,,,4,machine,N
Forward pass #94,2026-02-21T19:54:21,energy-efficiency,09cce248-eba0-43d2-be60-1c9eec337903,0.06777658220380545,2.7191853499770104e-08,4.031519690071628e-07,360.0,0.0,10.0,6.719596404582053e-06,0.0,1.8652542494237978e-07,6.906121829524433e-06,0.0,Canada,CAN,quebec,,,Linux-5.15.0-144-generic-x86_64-with-glibc2.35,3.14.2,3.1.0,4,AMD EPYC 9474F 48-Core Processor,1,1 x NVIDIA RTX 5000 Ada Generation,,,4,machine,N
Backward pass #94,2026-02-21T19:54:21,energy-efficiency,09cce248-eba0-43d2-be60-1c9eec337903,0.12094631232321262,9.037936264606454e-08,7.507998221609797e-07,360.0,320.8938050282039,10.0,1.196002513170237e-05,1.0662230746305568e-05,3.320781953839748e-07,2.2954334073391723e-05,0.0,Canada,CAN,quebec,,,Linux-5.15.0-144-generic-x86_64-with-glibc2.35,3.14.2,3.1.0,4,AMD EPYC 9474F 48-Core Processor,1,1 x NVIDIA RTX 5000 Ada Generation,,,4,machine,N
Optimisation step #94,2026-02-21T19:54:21,energy-efficiency,09cce248-eba0-43d2-be60-1c9eec337903,0.05910204350948334,2.351456654352873e-08,4.0058478164972947e-07,360.0,0.0,10.0,5.810883827507465e-06,0.0,1.61289467683263e-07,5.972173295190619e-06,0.0,Canada,CAN,quebec,,,Linux-5.15.0-144-generic-x86_64-with-glibc2.35,3.14.2,3.1.0,4,AMD EPYC 9474F 48-Core Processor,1,1 x NVIDIA RTX 5000 Ada Generation,,,4,machine,N
Forward pass #95,2026-02-21T19:54:21,energy-efficiency,09cce248-eba0-43d2-be60-1c9eec337903,0.06732176430523396,4.007500543945394e-08,5.985667246590916e-07,360.0,179.44944434800533,10.0,6.668321508914148e-06,3.3247248865109214e-06,1.8510750960558722e-07,1.0178153905030657e-05,0.0,Canada,CAN,quebec,,,Linux-5.15.0-144-generic-x86_64-with-glibc2.35,3.14.2,3.1.0,4,AMD EPYC 9474F 48-Core Processor,1,1 x NVIDIA RTX 5000 Ada Generation,,,4,machine,N
Backward pass #95,2026-02-21T19:54:21,energy-efficiency,09cce248-eba0-43d2-be60-1c9eec337903,0.12060344591736794,6.734059621863748e-08,5.615859736086032e-07,360.0,142.78335760155704,10.0,1.2006847746670341e-05,4.7627815860096234e-06,3.3337401950525255e-07,1.7103003352185366e-05,0.0,Canada,CAN,quebec,,,Linux-5.15.0-144-generic-x86_64-with-glibc2.35,3.14.2,3.1.0,4,AMD EPYC 9474F 48-Core Processor,1,1 x NVIDIA RTX 5000 Ada Generation,,,4,machine,N
Optimisation step #95,2026-02-21T19:54:21,energy-efficiency,09cce248-eba0-43d2-be60-1c9eec337903,0.05885874014347792,4.3902014577726885e-08,7.509506787490006e-07,360.0,316.69999782540276,10.0,5.84482736885536e-06,5.143059670587036e-06,1.6224148114108935e-07,1.1150128520583634e-05,0.0,Canada,CAN,quebec,,,Linux-5.15.0-144-generic-x86_64-with-glibc2.35,3.14.2,3.1.0,4,AMD EPYC 9474F 48-Core Processor,1,1 x NVIDIA RTX 5000 Ada Generation,,,4,machine,N
Forward pass #96,2026-02-21T19:54:21,energy-efficiency,09cce248-eba0-43d2-be60-1c9eec337903,0.06745646800845861,4.863382371947172e-08,7.247754215139628e-07,360.0,294.13158766094807,10.0,6.6949410364031126e-06,5.471115485988776e-06,1.8584555170188342e-07,1.2351902074093663e-05,0.0,Canada,CAN,quebec,,,Linux-5.15.0-144-generic-x86_64-with-glibc2.35,3.14.2,3.1.0,4,AMD EPYC 9474F 48-Core Processor,1,1 x NVIDIA RTX 5000 Ada Generation,,,4,machine,N
Backward pass #96,2026-02-21T19:54:21,energy-efficiency,09cce248-eba0-43d2-be60-1c9eec337903,0.13337433990091085,7.060640788452841e-08,5.319341550835777e-07,360.0,167.7692748821665,10.0,1.2004140578210452e-05,5.595004477498833e-06,3.333013220172763e-07,1.7932446377726466e-05,0.0,Canada,CAN,quebec,,,Linux-5.15.0-144-generic-x86_64-with-glibc2.35,3.14.2,3.1.0,4,AMD EPYC 9474F 48-Core Processor,1,1 x NVIDIA RTX 5000 Ada Generation,,,4,machine,N
Optimisation step #96,2026-02-21T19:54:21,energy-efficiency,09cce248-eba0-43d2-be60-1c9eec337903,0.05870765633881092,4.3841484676414714e-08,7.535981557286487e-07,360.0,198.38577761984507,10.0,7.052042707800851e-06,3.8869475567082645e-06,1.9576501670396404e-07,1.113475528121289e-05,0.0,Canada,CAN,quebec,,,Linux-5.15.0-144-generic-x86_64-with-glibc2.35,3.14.2,3.1.0,4,AMD EPYC 9474F 48-Core Processor,1,1 x NVIDIA RTX 5000 Ada Generation,,,4,machine,N
Forward pass #97,2026-02-21T19:54:22,energy-efficiency,09cce248-eba0-43d2-be60-1c9eec337903,0.07497638836503029,2.6212481003962124e-08,3.512554114552793e-07,360.0,0.0,10.0,6.477574445307253e-06,0.0,1.798087032511879e-07,6.657383148558644e-06,0.0,Canada,CAN,quebec,,,Linux-5.15.0-144-generic-x86_64-with-glibc2.35,3.14.2,3.1.0,4,AMD EPYC 9474F 48-Core Processor,1,1 x NVIDIA RTX 5000 Ada Generation,,,4,machine,N
Backward pass #97,2026-02-21T19:54:22,energy-efficiency,09cce248-eba0-43d2-be60-1c9eec337903,0.11662732250988483,9.153981318622802e-08,7.891469810517994e-07,360.0,345.3612561722776,10.0,1.1699216719716823e-05,1.122500897920986e-05,3.248368234684085e-07,2.3249062522395173e-05,0.0,Canada,CAN,quebec,,,Linux-5.15.0-144-generic-x86_64-with-glibc2.35,3.14.2,3.1.0,4,AMD EPYC 9474F 48-Core Processor,1,1 x NVIDIA RTX 5000 Ada Generation,,,4,machine,N
Optimisation step #97,2026-02-21T19:54:22,energy-efficiency,09cce248-eba0-43d2-be60-1c9eec337903,0.07215804141014814,2.3387149607034983e-08,3.266626160031947e-07,360.0,0.0,10.0,5.779393296688647e-06,0.0,1.6041895012475324e-07,5.9398122468135896e-06,0.0,Canada,CAN,quebec,,,Linux-5.15.0-144-generic-x86_64-with-glibc2.35,3.14.2,3.1.0,4,AMD EPYC 9474F 48-Core Processor,1,1 x NVIDIA RTX 5000 Ada Generation,,,4,machine,N
Forward pass #98,2026-02-21T19:54:22,energy-efficiency,09cce248-eba0-43d2-be60-1c9eec337903,0.07690410781651735,3.7563037344025746e-08,4.904191985453924e-07,360.0,145.80192388687328,10.0,6.65814243257061e-06,2.697224378067631e-06,1.8480345348103006e-07,9.540170264119366e-06,0.0,Canada,CAN,quebec,,,Linux-5.15.0-144-generic-x86_64-with-glibc2.35,3.14.2,3.1.0,4,AMD EPYC 9474F 48-Core Processor,1,1 x NVIDIA RTX 5000 Ada Generation,,,4,machine,N
Backward pass #98,2026-02-21T19:54:22,energy-efficiency,09cce248-eba0-43d2-be60-1c9eec337903,0.11599761340767145,7.126301777776223e-08,6.176951116831469e-07,360.0,189.76517588456838,10.0,1.1639636848121901e-05,6.136393796651873e-06,3.231799411070079e-07,1.8099210585880918e-05,0.0,Canada,CAN,quebec,,,Linux-5.15.0-144-generic-x86_64-with-glibc2.35,3.14.2,3.1.0,4,AMD EPYC 9474F 48-Core Processor,1,1 x NVIDIA RTX 5000 Ada Generation,,,4,machine,N
Optimisation step #98,2026-02-21T19:54:22,energy-efficiency,09cce248-eba0-43d2-be60-1c9eec337903,0.07455543149262667,4.5321154556297877e-08,6.120073656749386e-07,360.0,346.5634728018479,10.0,5.782274249941082e-06,5.567782231707952e-06,1.6050181196382047e-07,1.1510558293612895e-05,0.0,Canada,CAN,quebec,,,Linux-5.15.0-144-generic-x86_64-with-glibc2.35,3.14.2,3.1.0,4,AMD EPYC 9474F 48-Core Processor,1,1 x NVIDIA RTX 5000 Ada Generation,,,4,machine,N
Forward pass #99,2026-02-21T19:54:22,energy-efficiency,09cce248-eba0-43d2-be60-1c9eec337903,0.06527325231581926,3.920728915684684e-08,6.040504782774255e-07,360.0,183.62647707420976,10.0,6.474705412983905e-06,3.3033359798650963e-06,1.7973200883715762e-07,9.957773401686118e-06,0.0,Canada,CAN,quebec,,,Linux-5.15.0-144-generic-x86_64-with-glibc2.35,3.14.2,3.1.0,4,AMD EPYC 9474F 48-Core Processor,1,1 x NVIDIA RTX 5000 Ada Generation,,,4,machine,N
Backward pass #99,2026-02-21T19:54:22,energy-efficiency,09cce248-eba0-43d2-be60-1c9eec337903,0.11598569341003895,7.353390254547626e-08,6.374747706893818e-07,360.0,152.19158414423063,10.0,1.2874855566769733e-05,5.44361546417349e-06,3.574934296516946e-07,1.8675964460594836e-05,0.0,Canada,CAN,quebec,,,Linux-5.15.0-144-generic-x86_64-with-glibc2.35,3.14.2,3.1.0,4,AMD EPYC 9474F 48-Core Processor,1,1 x NVIDIA RTX 5000 Ada Generation,,,4,machine,N
Optimisation step #99,2026-02-21T19:54:22,energy-efficiency,09cce248-eba0-43d2-be60-1c9eec337903,0.07634282950311899,4.377066757251456e-08,5.791454872344639e-07,360.0,327.44898961520533,10.0,5.737505573779472e-06,5.220004176464954e-06,1.5925957252167636e-07,1.11167693227659e-05,0.0,Canada,CAN,quebec,,,Linux-5.15.0-144-generic-x86_64-with-glibc2.35,3.14.2,3.1.0,4,AMD EPYC 9474F 48-Core Processor,1,1 x NVIDIA RTX 5000 Ada Generation,,,4,machine,N
Forward pass #100,2026-02-21T19:54:22,energy-efficiency,09cce248-eba0-43d2-be60-1c9eec337903,0.06555838696658611,4.3028120427564224e-08,6.620396516719827e-07,360.0,233.05053826623373,10.0,6.5232122316957915e-06,4.223892268839791e-06,1.8107447669738256e-07,1.09281789772331e-05,0.0,Canada,CAN,quebec,,,Linux-5.15.0-144-generic-x86_64-with-glibc2.35,3.14.2,3.1.0,4,AMD EPYC 9474F 48-Core Processor,1,1 x NVIDIA RTX 5000 Ada Generation,,,4,machine,N
Backward pass #100,2026-02-21T19:54:22,energy-efficiency,09cce248-eba0-43d2-be60-1c9eec337903,0.11573636904358864,7.100397627980702e-08,6.166110391397545e-07,360.0,150.48564686781776,10.0,1.247265525162241e-05,5.214448616897016e-06,3.463159780949394e-07,1.803341984661427e-05,0.0,Canada,CAN,quebec,,,Linux-5.15.0-144-generic-x86_64-with-glibc2.35,3.14.2,3.1.0,4,AMD EPYC 9474F 48-Core Processor,1,1 x NVIDIA RTX 5000 Ada Generation,,,4,machine,N
Optimisation step #100,2026-02-21T19:54:23,energy-efficiency,09cce248-eba0-43d2-be60-1c9eec337903,0.08039411343634129,4.211810230672652e-08,5.287383416000178e-07,360.0,299.0735600057423,10.0,5.7550849393009015e-06,4.7822260427210495e-06,1.5974377230223438e-07,1.0697054754324389e-05,0.0,Canada,CAN,quebec,,,Linux-5.15.0-144-generic-x86_64-with-glibc2.35,3.14.2,3.1.0,4,AMD EPYC 9474F 48-Core Processor,1,1 x NVIDIA RTX 5000 Ada Generation,,,4,machine,N
Forward pass #101,2026-02-21T19:54:23,energy-efficiency,09cce248-eba0-43d2-be60-1c9eec337903,0.07805164624005556,4.7477728972071596e-08,6.109663208588956e-07,360.0,289.66032864663026,10.0,6.580069102347062e-06,5.295559795115423e-06,1.8265100144263273e-07,1.2058279898904956e-05,0.0,Canada,CAN,quebec,,,Linux-5.15.0-144-generic-x86_64-with-glibc2.35,3.14.2,3.1.0,4,AMD EPYC 9474F 48-Core Processor,1,1 x NVIDIA RTX 5000 Ada Generation,,,4,machine,N
Backward pass #101,2026-02-21T19:54:23,energy-efficiency,09cce248-eba0-43d2-be60-1c9eec337903,0.11584911961108446,6.763925572964751e-08,5.878735658305048e-07,360.0,162.9813731846369,10.0,1.1602808441966896e-05,5.253893089474104e-06,3.2215464808460915e-07,1.7178856179525786e-05,0.0,Canada,CAN,quebec,,,Linux-5.15.0-144-generic-x86_64-with-glibc2.35,3.14.2,3.1.0,4,AMD EPYC 9474F 48-Core Processor,1,1 x NVIDIA RTX 5000 Ada Generation,,,4,machine,N
Optimisation step #101,2026-02-21T19:54:23,energy-efficiency,09cce248-eba0-43d2-be60-1c9eec337903,0.07371131610125303,2.3204420442819073e-08,3.1849291842550794e-07,360.0,0.0,10.0,5.734237562865074e-06,0.0,1.5916556844280906e-07,5.89340313130772e-06,0.0,Canada,CAN,quebec,,,Linux-5.15.0-144-generic-x86_64-with-glibc2.35,3.14.2,3.1.0,4,AMD EPYC 9474F 48-Core Processor,1,1 x NVIDIA RTX 5000 Ada Generation,,,4,machine,N
Forward pass #102,2026-02-21T19:54:23,energy-efficiency,09cce248-eba0-43d2-be60-1c9eec337903,0.06562408804893494,2.62578401172459e-08,4.035554661952921e-07,360.0,0.0,10.0,6.488781608641331e-06,0.0,1.80121738877566e-07,6.668903347518788e-06,0.0,Canada,CAN,quebec,,,Linux-5.15.0-144-generic-x86_64-with-glibc2.35,3.14.2,3.1.0,4,AMD EPYC 9474F 48-Core Processor,1,1 x NVIDIA RTX 5000 Ada Generation,,,4,machine,N
Backward pass #102,2026-02-21T19:54:23,energy-efficiency,09cce248-eba0-43d2-be60-1c9eec337903,0.11575904861092567,9.480881345258328e-08,8.234905560316256e-07,360.0,314.65360349762153,10.0,1.2660556379705604e-05,1.1067231078243367e-05,3.515279230972162e-07,2.4079315381046133e-05,0.0,Canada,CAN,quebec,,,Linux-5.15.0-144-generic-x86_64-with-glibc2.35,3.14.2,3.1.0,4,AMD EPYC 9474F 48-Core Processor,1,1 x NVIDIA RTX 5000 Ada Generation,,,4,machine,N
Optimisation step #102,2026-02-21T19:54:23,energy-efficiency,09cce248-eba0-43d2-be60-1c9eec337903,0.07727343495935202,2.327104203611668e-08,3.0325271756795923e-07,360.0,0.0,10.0,5.750702973455167e-06,0.0,1.5962055056459778e-07,5.91032352401967e-06,0.0,Canada,CAN,quebec,,,Linux-5.15.0-144-generic-x86_64-with-glibc2.35,3.14.2,3.1.0,4,AMD EPYC 9474F 48-Core Processor,1,1 x NVIDIA RTX 5000 Ada Generation,,,4,machine,N
Forward pass #103,2026-02-21T19:54:23,energy-efficiency,09cce248-eba0-43d2-be60-1c9eec337903,0.0654647359624505,3.7403275435592595e-08,5.752037865964404e-07,360.0,158.5763630116473,10.0,6.4695042558014434e-06,2.850557834221945e-06,1.795322272098675e-07,9.499594317233066e-06,0.0,Canada,CAN,quebec,,,Linux-5.15.0-144-generic-x86_64-with-glibc2.35,3.14.2,3.1.0,4,AMD EPYC 9474F 48-Core Processor,1,1 x NVIDIA RTX 5000 Ada Generation,,,4,machine,N
Backward pass #103,2026-02-21T19:54:23,energy-efficiency,09cce248-eba0-43d2-be60-1c9eec337903,0.11608196515589952,7.317570693728024e-08,6.347081527966155e-07,360.0,153.07952175248113,10.0,1.2790398299693945e-05,5.439448795385715e-06,3.551437027959388e-07,1.8584990797875477e-05,0.0,Canada,CAN,quebec,,,Linux-5.15.0-144-generic-x86_64-with-glibc2.35,3.14.2,3.1.0,4,AMD EPYC 9474F 48-Core Processor,1,1 x NVIDIA RTX 5000 Ada Generation,,,4,machine,N
Optimisation step #103,2026-02-21T19:54:23,energy-efficiency,09cce248-eba0-43d2-be60-1c9eec337903,0.07673352491110563,4.57577314410286e-08,6.009030501289785e-07,360.0,355.3252886834444,10.0,5.767460074275824e-06,5.693893442071385e-06,1.6008552888201666e-07,1.162143904522928e-05,0.0,Canada,CAN,quebec,,,Linux-5.15.0-144-generic-x86_64-with-glibc2.35,3.14.2,3.1.0,4,AMD EPYC 9474F 48-Core Processor,1,1 x NVIDIA RTX 5000 Ada Generation,,,4,machine,N
Forward pass #104,2026-02-21T19:54:23,energy-efficiency,09cce248-eba0-43d2-be60-1c9eec337903,0.06540032383054495,3.904496016769008e-08,5.998823213726324e-07,360.0,177.39404242688246,10.0,6.52135415002723e-06,3.21416923654283e-06,1.8102208721555105e-07,9.916545473785503e-06,0.0,Canada,CAN,quebec,,,Linux-5.15.0-144-generic-x86_64-with-glibc2.35,3.14.2,3.1.0,4,AMD EPYC 9474F 48-Core Processor,1,1 x NVIDIA RTX 5000 Ada Generation,,,4,machine,N
Backward pass #104,2026-02-21T19:54:24,energy-efficiency,09cce248-eba0-43d2-be60-1c9eec337903,0.11542543303221464,7.272315501584162e-08,6.330295116688945e-07,360.0,153.59276851327635,10.0,1.269883280619966e-05,5.418615447894126e-06,3.526044906013593e-07,1.8470052744694928e-05,0.0,Canada,CAN,quebec,,,Linux-5.15.0-144-generic-x86_64-with-glibc2.35,3.14.2,3.1.0,4,AMD EPYC 9474F 48-Core Processor,1,1 x NVIDIA RTX 5000 Ada Generation,,,4,machine,N
Optimisation step #104,2026-02-21T19:54:24,energy-efficiency,09cce248-eba0-43d2-be60-1c9eec337903,0.07787012401968241,4.42060770412296e-08,5.73509478215673e-07,360.0,331.81469515811864,10.0,5.758616887033014e-06,5.308893136657389e-06,1.598435531680823e-07,1.1227353576858268e-05,0.0,Canada,CAN,quebec,,,Linux-5.15.0-144-generic-x86_64-with-glibc2.35,3.14.2,3.1.0,4,AMD EPYC 9474F 48-Core Processor,1,1 x NVIDIA RTX 5000 Ada Generation,,,4,machine,N
Forward pass #105,2026-02-21T19:54:24,energy-efficiency,09cce248-eba0-43d2-be60-1c9eec337903,0.06550802756100893,4.2836531032741524e-08,6.608102308555518e-07,360.0,228.66339658345194,10.0,6.541812419891442e-06,4.156114435716063e-06,1.815927059700147e-07,1.0879519561577886e-05,0.0,Canada,CAN,quebec,,,Linux-5.15.0-144-generic-x86_64-with-glibc2.35,3.14.2,3.1.0,4,AMD EPYC 9474F 48-Core Processor,1,1 x NVIDIA RTX 5000 Ada Generation,,,4,machine,N
Backward pass #105,2026-02-21T19:54:24,energy-efficiency,09cce248-eba0-43d2-be60-1c9eec337903,0.11602495238184929,7.062545852591813e-08,6.131623810794985e-07,360.0,155.4425881826478,10.0,1.2289120256900755e-05,5.3069486902757035e-06,3.4121586682482456e-07,1.7937284814001364e-05,0.0,Canada,CAN,quebec,,,Linux-5.15.0-144-generic-x86_64-with-glibc2.35,3.14.2,3.1.0,4,AMD EPYC 9474F 48-Core Processor,1,1 x NVIDIA RTX 5000 Ada Generation,,,4,machine,N
Optimisation step #105,2026-02-21T19:54:24,energy-efficiency,09cce248-eba0-43d2-be60-1c9eec337903,0.0808202214539051,4.23846650897393e-08,5.29756410172643e-07,360.0,293.470301828463,10.0,5.840418301522772e-06,4.762226033960815e-06,1.621113960734665e-07,1.0764755731557107e-05,0.0,Canada,CAN,quebec,,,Linux-5.15.0-144-generic-x86_64-with-glibc2.35,3.14.2,3.1.0,4,AMD EPYC 9474F 48-Core Processor,1,1 x NVIDIA RTX 5000 Ada Generation,,,4,machine,N
Forward pass #106,2026-02-21T19:54:24,energy-efficiency,09cce248-eba0-43d2-be60-1c9eec337903,0.07842535153031349,4.757382568417858e-08,6.111469490917832e-07,360.0,291.5677169737575,10.0,6.574359163642046e-06,5.325837591385607e-06,1.8248955667432565e-07,1.2082686311701979e-05,0.0,Canada,CAN,quebec,,,Linux-5.15.0-144-generic-x86_64-with-glibc2.35,3.14.2,3.1.0,4,AMD EPYC 9474F 48-Core Processor,1,1 x NVIDIA RTX 5000 Ada Generation,,,4,machine,N
Backward pass #106,2026-02-21T19:54:24,energy-efficiency,09cce248-eba0-43d2-be60-1c9eec337903,0.11616169568151236,6.764238188860987e-08,5.866721783359542e-07,360.0,162.39906532309695,10.0,1.16160445846618e-05,5.241115303533661e-06,3.224902656964089e-07,1.717965015389164e-05,0.0,Canada,CAN,quebec,,,Linux-5.15.0-144-generic-x86_64-with-glibc2.35,3.14.2,3.1.0,4,AMD EPYC 9474F 48-Core Processor,1,1 x NVIDIA RTX 5000 Ada Generation,,,4,machine,N
Optimisation step #106,2026-02-21T19:54:24,energy-efficiency,09cce248-eba0-43d2-be60-1c9eec337903,0.07313201855868101,2.3421458954259883e-08,3.237307523732026e-07,360.0,0.0,10.0,5.787877459079074e-06,0.0,1.6064859357558788e-07,5.948526052654106e-06,0.0,Canada,CAN,quebec,,,Linux-5.15.0-144-generic-x86_64-with-glibc2.35,3.14.2,3.1.0,4,AMD EPYC 9474F 48-Core Processor,1,1 x NVIDIA RTX 5000 Ada Generation,,,4,machine,N
Forward pass #107,2026-02-21T19:54:24,energy-efficiency,09cce248-eba0-43d2-be60-1c9eec337903,0.06530297268182039,2.62258989357194e-08,4.0346935353635617e-07,360.0,0.0,10.0,6.480892654508151e-06,0.0,1.7989834822299932e-07,6.660791002731543e-06,0.0,Canada,CAN,quebec,,,Linux-5.15.0-144-generic-x86_64-with-glibc2.35,3.14.2,3.1.0,4,AMD EPYC 9474F 48-Core Processor,1,1 x NVIDIA RTX 5000 Ada Generation,,,4,machine,N
Backward pass #107,2026-02-21T19:54:24,energy-efficiency,09cce248-eba0-43d2-be60-1c9eec337903,0.11625026725232601,9.498316150816148e-08,8.209088030561986e-07,360.0,319.29377122129154,10.0,1.2598497327417045e-05,1.117528671557011e-05,3.4981183966414486e-07,2.4123595882651408e-05,0.0,Canada,CAN,quebec,,,Linux-5.15.0-144-generic-x86_64-with-glibc2.35,3.14.2,3.1.0,4,AMD EPYC 9474F 48-Core Processor,1,1 x NVIDIA RTX 5000 Ada Generation,,,4,machine,N
Optimisation step #107,2026-02-21T19:54:25,energy-efficiency,09cce248-eba0-43d2-be60-1c9eec337903,0.07783179357647896,2.333034712161564e-08,3.026360965626757e-07,360.0,0.0,10.0,5.765353050083116e-06,0.0,1.6003263752079045e-07,5.925385687603757e-06,0.0,Canada,CAN,quebec,,,Linux-5.15.0-144-generic-x86_64-with-glibc2.35,3.14.2,3.1.0,4,AMD EPYC 9474F 48-Core Processor,1,1 x NVIDIA RTX 5000 Ada Generation,,,4,machine,N
Forward pass #108,2026-02-21T19:54:25,energy-efficiency,09cce248-eba0-43d2-be60-1c9eec337903,0.06557572726160288,3.77124171834124e-08,5.805585974945828e-07,360.0,154.4641513809603,10.0,6.574230920523231e-06,2.8213911456020924e-06,1.8248733184818094e-07,9.578109397973857e-06,0.0,Canada,CAN,quebec,,,Linux-5.15.0-144-generic-x86_64-with-glibc2.35,3.14.2,3.1.0,4,AMD EPYC 9474F 48-Core Processor,1,1 x NVIDIA RTX 5000 Ada Generation,,,4,machine,N
Backward pass #108,2026-02-21T19:54:25,energy-efficiency,09cce248-eba0-43d2-be60-1c9eec337903,0.11637363769114017,7.267200558098175e-08,6.277784205360966e-07,360.0,149.2668833416229,10.0,1.2795655429363034e-05,5.306115355097063e-06,3.5529114926854564e-07,1.845706193372848e-05,0.0,Canada,CAN,quebec,,,Linux-5.15.0-144-generic-x86_64-with-glibc2.35,3.14.2,3.1.0,4,AMD EPYC 9474F 48-Core Processor,1,1 x NVIDIA RTX 5000 Ada Generation,,,4,machine,N
Optimisation step #108,2026-02-21T19:54:25,energy-efficiency,09cce248-eba0-43d2-be60-1c9eec337903,0.07569431886076927,4.5350373194698036e-08,6.033114478739288e-07,360.0,349.5250370313139,10.0,5.762199219316259e-06,5.595837812677473e-06,1.5994214142362937e-07,1.1517979173416779e-05,0.0,Canada,CAN,quebec,,,Linux-5.15.0-144-generic-x86_64-with-glibc2.35,3.14.2,3.1.0,4,AMD EPYC 9474F 48-Core Processor,1,1 x NVIDIA RTX 5000 Ada Generation,,,4,machine,N
Forward pass #109,2026-02-21T19:54:25,energy-efficiency,09cce248-eba0-43d2-be60-1c9eec337903,0.06534784380346537,3.920428971662394e-08,6.030280692434583e-07,360.0,177.09501676714436,10.0,6.551539711654314e-06,3.2236136888741385e-06,1.8185821051398354e-07,9.95701161104253e-06,0.0,Canada,CAN,quebec,,,Linux-5.15.0-144-generic-x86_64-with-glibc2.35,3.14.2,3.1.0,4,AMD EPYC 9474F 48-Core Processor,1,1 x NVIDIA RTX 5000 Ada Generation,,,4,machine,N
Backward pass #109,2026-02-21T19:54:25,energy-efficiency,09cce248-eba0-43d2-be60-1c9eec337903,0.11649086140096188,7.266068020988698e-08,6.281665804767823e-07,360.0,149.4305073725294,10.0,1.2789618317037791e-05,5.309448692258911e-06,3.5511853380335696e-07,1.8454185543100195e-05,0.0,Canada,CAN,quebec,,,Linux-5.15.0-144-generic-x86_64-with-glibc2.35,3.14.2,3.1.0,4,AMD EPYC 9474F 48-Core Processor,1,1 x NVIDIA RTX 5000 Ada Generation,,,4,machine,N
Optimisation step #109,2026-02-21T19:54:25,energy-efficiency,09cce248-eba0-43d2-be60-1c9eec337903,0.07548118475824594,4.380460241978516e-08,5.840845155563415e-07,360.0,326.81096377823036,10.0,5.747249815613031e-06,5.218615289237505e-06,1.5952290915366354e-07,1.1125388014004457e-05,0.0,Canada,CAN,quebec,,,Linux-5.15.0-144-generic-x86_64-with-glibc2.35,3.14.2,3.1.0,4,AMD EPYC 9474F 48-Core Processor,1,1 x NVIDIA RTX 5000 Ada Generation,,,4,machine,N
Forward pass #110,2026-02-21T19:54:25,energy-efficiency,09cce248-eba0-43d2-be60-1c9eec337903,0.06526526343077421,4.329482379028559e-08,6.66120144173229e-07,360.0,233.52153676853777,10.0,6.558578740805537e-06,4.255281176313019e-06,1.8205574144506223e-07,1.0995915658563483e-05,0.0,Canada,CAN,quebec,,,Linux-5.15.0-144-generic-x86_64-with-glibc2.35,3.14.2,3.1.0,4,AMD EPYC 9474F 48-Core Processor,1,1 x NVIDIA RTX 5000 Ada Generation,,,4,machine,N
Backward pass #110,2026-02-21T19:54:25,energy-efficiency,09cce248-eba0-43d2-be60-1c9eec337903,0.11627387814223766,7.101051279958455e-08,6.15392557277002e-07,360.0,152.31200603925882,10.0,1.2430216558277727e-05,5.259726432171874e-06,3.451369858036387e-07,1.803507997625263e-05,0.0,Canada,CAN,quebec,,,Linux-5.15.0-144-generic-x86_64-with-glibc2.35,3.14.2,3.1.0,4,AMD EPYC 9474F 48-Core Processor,1,1 x NVIDIA RTX 5000 Ada Generation,,,4,machine,N
Optimisation step #110,2026-02-21T19:54:25,energy-efficiency,09cce248-eba0-43d2-be60-1c9eec337903,0.07983740512281656,4.209645731149229e-08,5.319084870586494e-07,360.0,296.942037071755,10.0,5.770548153668717e-06,4.760837143180652e-06,1.601721134243683e-07,1.0691557410273493e-05,0.0,Canada,CAN,quebec,,,Linux-5.15.0-144-generic-x86_64-with-glibc2.35,3.14.2,3.1.0,4,AMD EPYC 9474F 48-Core Processor,1,1 x NVIDIA RTX 5000 Ada Generation,,,4,machine,N
Forward pass #111,2026-02-21T19:54:25,energy-efficiency,09cce248-eba0-43d2-be60-1c9eec337903,0.07830024044960737,4.764353145165302e-08,6.127187881140199e-07,360.0,289.9147280971645,10.0,6.60050036385652e-06,5.3166709186314165e-06,1.8321873309711347e-07,1.2100390015585064e-05,0.0,Canada,CAN,quebec,,,Linux-5.15.0-144-generic-x86_64-with-glibc2.35,3.14.2,3.1.0,4,AMD EPYC 9474F 48-Core Processor,1,1 x NVIDIA RTX 5000 Ada Generation,,,4,machine,N
Backward pass #111,2026-02-21T19:54:26,energy-efficiency,09cce248-eba0-43d2-be60-1c9eec337903,0.1157060181722045,6.760126230528562e-08,5.873582533975889e-07,360.0,162.94891867002448,10.0,1.1597206164151632e-05,5.250004200263447e-06,3.219963361819595e-07,1.716920670059678e-05,0.0,Canada,CAN,quebec,,,Linux-5.15.0-144-generic-x86_64-with-glibc2.35,3.14.2,3.1.0,4,AMD EPYC 9474F 48-Core Processor,1,1 x NVIDIA RTX 5000 Ada Generation,,,4,machine,N
Optimisation step #111,2026-02-21T19:54:26,energy-efficiency,09cce248-eba0-43d2-be60-1c9eec337903,0.07354043517261744,2.347448830337042e-08,3.224957368694796e-07,360.0,0.0,10.0,5.800981633365121e-06,0.0,1.6101268637511732e-07,5.9619943197398995e-06,0.0,Canada,CAN,quebec,,,Linux-5.15.0-144-generic-x86_64-with-glibc2.35,3.14.2,3.1.0,4,AMD EPYC 9474F 48-Core Processor,1,1 x NVIDIA RTX 5000 Ada Generation,,,4,machine,N
Forward pass #112,2026-02-21T19:54:26,energy-efficiency,09cce248-eba0-43d2-be60-1c9eec337903,0.06534157413989305,2.6210053005895986e-08,4.0315443817207587e-07,360.0,0.0,10.0,6.476977374404551e-06,0.0,1.797891170200321e-07,6.6567664914248675e-06,0.0,Canada,CAN,quebec,,,Linux-5.15.0-144-generic-x86_64-with-glibc2.35,3.14.2,3.1.0,4,AMD EPYC 9474F 48-Core Processor,1,1 x NVIDIA RTX 5000 Ada Generation,,,4,machine,N
Backward pass #112,2026-02-21T19:54:26,energy-efficiency,09cce248-eba0-43d2-be60-1c9eec337903,0.11661825329065323,9.4938311595827e-08,8.197580563374997e-07,360.0,303.19729755424044,10.0,1.2893631961196847e-05,1.0860564245263049e-05,3.5800880286842663e-07,2.4112205009328702e-05,0.0,Canada,CAN,quebec,,,Linux-5.15.0-144-generic-x86_64-with-glibc2.35,3.14.2,3.1.0,4,AMD EPYC 9474F 48-Core Processor,1,1 x NVIDIA RTX 5000 Ada Generation,,,4,machine,N
Optimisation step #112,2026-02-21T19:54:26,energy-efficiency,09cce248-eba0-43d2-be60-1c9eec337903,0.07499347720295191,2.3369497797186175e-08,3.1365275040957376e-07,360.0,0.0,10.0,5.7750281877815e-06,0.0,1.6030089464039252e-07,5.935329082422218e-06,0.0,Canada,CAN,quebec,,,Linux-5.15.0-144-generic-x86_64-with-glibc2.35,3.14.2,3.1.0,4,AMD EPYC 9474F 48-Core Processor,1,1 x NVIDIA RTX 5000 Ada Generation,,,4,machine,N
Forward pass #113,2026-02-21T19:54:26,energy-efficiency,09cce248-eba0-43d2-be60-1c9eec337903,0.06552992668002844,3.741452346669579e-08,5.756596991500968e-07,360.0,157.96880705759926,10.0,6.478993501513996e-06,2.843613387426558e-06,1.798441762932535e-07,9.502451065234417e-06,0.0,Canada,CAN,quebec,,,Linux-5.15.0-144-generic-x86_64-with-glibc2.35,3.14.2,3.1.0,4,AMD EPYC 9474F 48-Core Processor,1,1 x NVIDIA RTX 5000 Ada Generation,,,4,machine,N
Backward pass #113,2026-02-21T19:54:26,energy-efficiency,09cce248-eba0-43d2-be60-1c9eec337903,0.11599101219326258,7.010517112867679e-08,6.072997834994272e-07,360.0,129.16529627693123,10.0,1.2840828113257728e-05,4.607781463050742e-06,3.565338905900709e-07,1.780514346689816e-05,0.0,Canada,CAN,quebec,,,Linux-5.15.0-144-generic-x86_64-with-glibc2.35,3.14.2,3.1.0,4,AMD EPYC 9474F 48-Core Processor,1,1 x NVIDIA RTX 5000 Ada Generation,,,4,machine,N
Optimisation step #113,2026-02-21T19:54:26,energy-efficiency,09cce248-eba0-43d2-be60-1c9eec337903,0.07653156202286482,4.57165779700947e-08,6.01235637022406e-07,360.0,354.5929878972465,10.0,5.76809709891676e-06,5.682782326488223e-06,1.6010755983491144e-07,1.1610986985240504e-05,0.0,Canada,CAN,quebec,,,Linux-5.15.0-144-generic-x86_64-with-glibc2.35,3.14.2,3.1.0,4,AMD EPYC 9474F 48-Core Processor,1,1 x NVIDIA RTX 5000 Ada Generation,,,4,machine,N
Forward pass #114,2026-02-21T19:54:26,energy-efficiency,09cce248-eba0-43d2-be60-1c9eec337903,0.0653636334463954,3.911887206278127e-08,6.013100178127738e-07,360.0,176.85372521909304,10.0,6.540182419121233e-06,3.2136136773885937e-06,1.815213433777334e-07,9.935317439887723e-06,0.0,Canada,CAN,quebec,,,Linux-5.15.0-144-generic-x86_64-with-glibc2.35,3.14.2,3.1.0,4,AMD EPYC 9474F 48-Core Processor,1,1 x NVIDIA RTX 5000 Ada Generation,,,4,machine,N
Backward pass #114,2026-02-21T19:54:26,energy-efficiency,09cce248-eba0-43d2-be60-1c9eec337903,0.11587910074740648,7.257936714021292e-08,6.308573480605386e-07,360.0,150.87963375544837,10.0,1.273979544639571e-05,5.3400042752116406e-06,3.537341227961919e-07,1.843353384440357e-05,0.0,Canada,CAN,quebec,,,Linux-5.15.0-144-generic-x86_64-with-glibc2.35,3.14.2,3.1.0,4,AMD EPYC 9474F 48-Core Processor,1,1 x NVIDIA RTX 5000 Ada Generation,,,4,machine,N
Optimisation step #114,2026-02-21T19:54:26,energy-efficiency,09cce248-eba0-43d2-be60-1c9eec337903,0.07620935700833797,4.427401162351917e-08,5.846083795458626e-07,360.0,328.78533780890217,10.0,5.792432557791358e-06,5.291393119222221e-06,1.6078176235573597e-07,1.1244607439370169e-05,0.0,Canada,CAN,quebec,,,Linux-5.15.0-144-generic-x86_64-with-glibc2.35,3.14.2,3.1.0,4,AMD EPYC 9474F 48-Core Processor,1,1 x NVIDIA RTX 5000 Ada Generation,,,4,machine,N
Forward pass #115,2026-02-21T19:54:27,energy-efficiency,09cce248-eba0-43d2-be60-1c9eec337903,0.06554450653493404,4.3075441516704304e-08,6.603172573767131e-07,360.0,237.56096620602773,10.0,6.481935456395093e-06,4.278336756868839e-06,1.7992526085840893e-07,1.0940197474123073e-05,0.0,Canada,CAN,quebec,,,Linux-5.15.0-144-generic-x86_64-with-glibc2.35,3.14.2,3.1.0,4,AMD EPYC 9474F 48-Core Processor,1,1 x NVIDIA RTX 5000 Ada Generation,,,4,machine,N
Backward pass #115,2026-02-21T19:54:27,energy-efficiency,09cce248-eba0-43d2-be60-1c9eec337903,0.11600286141037941,7.149626662273934e-08,6.207962064792508e-07,360.0,152.6663031536857,10.0,1.2506741750985522e-05,5.304448688292496e-06,3.4726012963801967e-07,1.81584505689154e-05,0.0,Canada,CAN,quebec,,,Linux-5.15.0-144-generic-x86_64-with-glibc2.35,3.14.2,3.1.0,4,AMD EPYC 9474F 48-Core Processor,1,1 x NVIDIA RTX 5000 Ada Generation,,,4,machine,N
Optimisation step #115,2026-02-21T19:54:27,energy-efficiency,09cce248-eba0-43d2-be60-1c9eec337903,0.07993616815656424,4.2100024489976446e-08,5.301492280182499e-07,360.0,296.76671246426986,10.0,5.772512219846208e-06,4.759726031977607e-06,1.6022514189697253e-07,1.0692463393721478e-05,0.0,Canada,CAN,quebec,,,Linux-5.15.0-144-generic-x86_64-with-glibc2.35,3.14.2,3.1.0,4,AMD EPYC 9474F 48-Core Processor,1,1 x NVIDIA RTX 5000 Ada Generation,,,4,machine,N
Forward pass #116,2026-02-21T19:54:27,energy-efficiency,09cce248-eba0-43d2-be60-1c9eec337903,0.06546128634363413,4.7335023396721484e-08,7.290676804595105e-07,360.0,297.92526455268893,10.0,6.479126494377679e-06,5.363059845109319e-06,1.798495391590717e-07,1.2022035878645962e-05,0.0,Canada,CAN,quebec,,,Linux-5.15.0-144-generic-x86_64-with-glibc2.35,3.14.2,3.1.0,4,AMD EPYC 9474F 48-Core Processor,1,1 x NVIDIA RTX 5000 Ada Generation,,,4,machine,N
Backward pass #116,2026-02-21T19:54:27,energy-efficiency,09cce248-eba0-43d2-be60-1c9eec337903,0.1164538199082017,7.237673699712701e-08,6.25608099395603e-07,360.0,146.74227679308476,10.0,1.2805935554206435e-05,5.2205597320664765e-06,3.555750396723521e-07,1.8382070325945535e-05,0.0,Canada,CAN,quebec,,,Linux-5.15.0-144-generic-x86_64-with-glibc2.35,3.14.2,3.1.0,4,AMD EPYC 9474F 48-Core Processor,1,1 x NVIDIA RTX 5000 Ada Generation,,,4,machine,N
Optimisation step #116,2026-02-21T19:54:27,energy-efficiency,09cce248-eba0-43d2-be60-1c9eec337903,0.07491915579885244,2.3226976530279543e-08,3.1218585416403025e-07,360.0,0.0,10.0,5.739811714738658e-06,0.0,1.5932015764216073e-07,5.899131872380385e-06,0.0,Canada,CAN,quebec,,,Linux-5.15.0-144-generic-x86_64-with-glibc2.35,3.14.2,3.1.0,4,AMD EPYC 9474F 48-Core Processor,1,1 x NVIDIA RTX 5000 Ada Generation,,,4,machine,N
Forward pass #117,2026-02-21T19:54:27,energy-efficiency,09cce248-eba0-43d2-be60-1c9eec337903,0.06550316698849201,2.6201069900959534e-08,4.0346085463998365e-07,360.0,0.0,10.0,6.47475933656088e-06,0.0,1.797256473865796e-07,6.654484983947134e-06,0.0,Canada,CAN,quebec,,,Linux-5.15.0-144-generic-x86_64-with-glibc2.35,3.14.2,3.1.0,4,AMD EPYC 9474F 48-Core Processor,1,1 x NVIDIA RTX 5000 Ada Generation,,,4,machine,N
Backward pass #117,2026-02-21T19:54:27,energy-efficiency,09cce248-eba0-43d2-be60-1c9eec337903,0.1157171381637454,9.522212822069207e-08,8.271412468018918e-07,360.0,310.2216609672657,10.0,1.2798629514873018e-05,1.1030286604096773e-05,3.5537195702394376e-07,2.4184288075993626e-05,0.0,Canada,CAN,quebec,,,Linux-5.15.0-144-generic-x86_64-with-glibc2.35,3.14.2,3.1.0,4,AMD EPYC 9474F 48-Core Processor,1,1 x NVIDIA RTX 5000 Ada Generation,,,4,machine,N
Optimisation step #117,2026-02-21T19:54:27,energy-efficiency,09cce248-eba0-43d2-be60-1c9eec337903,0.07654205337166786,2.3214484217587168e-08,3.0627055481605663e-07,360.0,0.0,10.0,5.7367255911233185e-06,0.0,1.5923351359864479e-07,5.895959104721543e-06,0.0,Canada,CAN,quebec,,,Linux-5.15.0-144-generic-x86_64-with-glibc2.35,3.14.2,3.1.0,4,AMD EPYC 9474F 48-Core Processor,1,1 x NVIDIA RTX 5000 Ada Generation,,,4,machine,N
Forward pass #118,2026-02-21T19:54:27,energy-efficiency,09cce248-eba0-43d2-be60-1c9eec337903,0.06538770440965891,3.7779150798313146e-08,5.80255638382936e-07,360.0,154.89401551720144,10.0,6.580444145947838e-06,2.831946705583732e-06,1.826673901329372e-07,9.595058241664359e-06,0.0,Canada,CAN,quebec,,,Linux-5.15.0-144-generic-x86_64-with-glibc2.35,3.14.2,3.1.0,4,AMD EPYC 9474F 48-Core Processor,1,1 x NVIDIA RTX 5000 Ada Generation,,,4,machine,N
Backward pass #118,2026-02-21T19:54:28,energy-efficiency,09cce248-eba0-43d2-be60-1c9eec337903,0.1159856216982007,7.236097756000963e-08,6.269652569737264e-07,360.0,154.62716073074301,10.0,1.2610686384141503e-05,5.417226557113963e-06,3.5015484059436146e-07,1.8378067781849028e-05,0.0,Canada,CAN,quebec,,,Linux-5.15.0-144-generic-x86_64-with-glibc2.35,3.14.2,3.1.0,4,AMD EPYC 9474F 48-Core Processor,1,1 x NVIDIA RTX 5000 Ada Generation,,,4,machine,N
Optimisation step #118,2026-02-21T19:54:28,energy-efficiency,09cce248-eba0-43d2-be60-1c9eec337903,0.077371746301651,4.606291980108917e-08,5.993160328774713e-07,360.0,361.5640657465867,10.0,5.756386928260256e-06,5.782782405816533e-06,1.597807199383742e-07,1.1698950054015583e-05,0.0,Canada,CAN,quebec,,,Linux-5.15.0-144-generic-x86_64-with-glibc2.35,3.14.2,3.1.0,4,AMD EPYC 9474F 48-Core Processor,1,1 x NVIDIA RTX 5000 Ada Generation,,,4,machine,N
Forward pass #119,2026-02-21T19:54:28,energy-efficiency,09cce248-eba0-43d2-be60-1c9eec337903,0.06550186593085527,3.8927595789867543e-08,5.986660584358799e-07,360.0,178.91469935596047,10.0,6.4837035723031185e-06,3.223058133272616e-06,1.799758446092471e-07,9.886737550184738e-06,0.0,Canada,CAN,quebec,,,Linux-5.15.0-144-generic-x86_64-with-glibc2.35,3.14.2,3.1.0,4,AMD EPYC 9474F 48-Core Processor,1,1 x NVIDIA RTX 5000 Ada Generation,,,4,machine,N
Backward pass #119,2026-02-21T19:54:28,energy-efficiency,09cce248-eba0-43d2-be60-1c9eec337903,0.11601775325834751,7.33435861182434e-08,6.350875068830885e-07,360.0,153.26911233606097,10.0,1.2815129663795114e-05,5.456671033243765e-06,3.5582765315970413e-07,1.8627628350199356e-05,0.0,Canada,CAN,quebec,,,Linux-5.15.0-144-generic-x86_64-with-glibc2.35,3.14.2,3.1.0,4,AMD EPYC 9474F 48-Core Processor,1,1 x NVIDIA RTX 5000 Ada Generation,,,4,machine,N
Optimisation step #119,2026-02-21T19:54:28,energy-efficiency,09cce248-eba0-43d2-be60-1c9eec337903,0.0765669234097004,4.384941173216013e-08,5.784859946178199e-07,360.0,328.89914157198086,10.0,5.7358846999706024e-06,5.2416708591351835e-06,1.59213016740975e-07,1.1136768575846327e-05,0.0,Canada,CAN,quebec,,,Linux-5.15.0-144-generic-x86_64-with-glibc2.35,3.14.2,3.1.0,4,AMD EPYC 9474F 48-Core Processor,1,1 x NVIDIA RTX 5000 Ada Generation,,,4,machine,N
Forward pass #120,2026-02-21T19:54:28,energy-efficiency,09cce248-eba0-43d2-be60-1c9eec337903,0.06536688469350338,4.3149783841857066e-08,6.633995864475844e-07,360.0,231.21992823811678,10.0,6.561654806137244e-06,4.2152811516871225e-06,1.821428019967283e-07,1.0959078759820336e-05,0.0,Canada,CAN,quebec,,,Linux-5.15.0-144-generic-x86_64-with-glibc2.35,3.14.2,3.1.0,4,AMD EPYC 9474F 48-Core Processor,1,1 x NVIDIA RTX 5000 Ada Generation,,,4,machine,N
Backward pass #120,2026-02-21T19:54:28,energy-efficiency,09cce248-eba0-43d2-be60-1c9eec337903,0.11643022950738668,7.100457709242466e-08,6.131262662636642e-07,360.0,148.8986023742347,10.0,1.251091388985515e-05,5.175281916791619e-06,3.4737663291809244e-07,1.8033572439564265e-05,0.0,Canada,CAN,quebec,,,Linux-5.15.0-144-generic-x86_64-with-glibc2.35,3.14.2,3.1.0,4,AMD EPYC 9474F 48-Core Processor,1,1 x NVIDIA RTX 5000 Ada Generation,,,4,machine,N
Optimisation step #120,2026-02-21T19:54:28,energy-efficiency,09cce248-eba0-43d2-be60-1c9eec337903,0.07933342643082142,4.224305592974e-08,5.359987897147796e-07,360.0,294.83836827424693,10.0,5.808930657803801e-06,4.758614917221848e-06,1.6124460121824116e-07,1.072879017624366e-05,0.0,Canada,CAN,quebec,,,Linux-5.15.0-144-generic-x86_64-with-glibc2.35,3.14.2,3.1.0,4,AMD EPYC 9474F 48-Core Processor,1,1 x NVIDIA RTX 5000 Ada Generation,,,4,machine,N
Forward pass #121,2026-02-21T19:54:28,energy-efficiency,09cce248-eba0-43d2-be60-1c9eec337903,0.06538232415914536,4.75119650923004e-08,7.299826574766405e-07,360.0,298.50233370333035,10.0,6.497713830321949e-06,5.388893200120037e-06,1.803680762855575e-07,1.2066975106727815e-05,0.0,Canada,CAN,quebec,,,Linux-5.15.0-144-generic-x86_64-with-glibc2.35,3.14.2,3.1.0,4,AMD EPYC 9474F 48-Core Processor,1,1 x NVIDIA RTX 5000 Ada Generation,,,4,machine,N
Backward pass #121,2026-02-21T19:54:28,energy-efficiency,09cce248-eba0-43d2-be60-1c9eec337903,0.11640977952629328,7.256800635491457e-08,6.264743454779582e-07,360.0,145.80098811393444,10.0,1.2863202393055117e-05,5.210281944556527e-06,3.5716412175032584e-07,1.8430648459361564e-05,0.0,Canada,CAN,quebec,,,Linux-5.15.0-144-generic-x86_64-with-glibc2.35,3.14.2,3.1.0,4,AMD EPYC 9474F 48-Core Processor,1,1 x NVIDIA RTX 5000 Ada Generation,,,4,machine,N
Optimisation step #121,2026-02-21T19:54:28,energy-efficiency,09cce248-eba0-43d2-be60-1c9eec337903,0.07488309685140848,2.325060099311543e-08,3.1260842584950464e-07,360.0,0.0,10.0,5.745646823197576e-06,0.0,1.594851336752395e-07,5.905131956873005e-06,0.0,Canada,CAN,quebec,,,Linux-5.15.0-144-generic-x86_64-with-glibc2.35,3.14.2,3.1.0,4,AMD EPYC 9474F 48-Core Processor,1,1 x NVIDIA RTX 5000 Ada Generation,,,4,machine,N
Forward pass #122,2026-02-21T19:54:29,energy-efficiency,09cce248-eba0-43d2-be60-1c9eec337903,0.06563003826886415,2.6264611686067593e-08,4.031963816973954e-07,360.0,0.0,10.0,6.490455660969081e-06,0.0,1.8016751338210057e-07,6.670623174350951e-06,0.0,Canada,CAN,quebec,,,Linux-5.15.0-144-generic-x86_64-with-glibc2.35,3.14.2,3.1.0,4,AMD EPYC 9474F 48-Core Processor,1,1 x NVIDIA RTX 5000 Ada Generation,,,4,machine,N
Backward pass #122,2026-02-21T19:54:29,energy-efficiency,09cce248-eba0-43d2-be60-1c9eec337903,0.11636783834546804,9.495006762022057e-08,8.222064733499109e-07,360.0,310.52983046184244,10.0,1.2756263650953985e-05,1.1004731025110459e-05,3.541961001853153e-07,2.4115190776249733e-05,0.0,Canada,CAN,quebec,,,Linux-5.15.0-144-generic-x86_64-with-glibc2.35,3.14.2,3.1.0,4,AMD EPYC 9474F 48-Core Processor,1,1 x NVIDIA RTX 5000 Ada Generation,,,4,machine,N
Optimisation step #122,2026-02-21T19:54:29,energy-efficiency,09cce248-eba0-43d2-be60-1c9eec337903,0.07598132453858852,2.331666681975293e-08,3.0893679563681597e-07,360.0,0.0,10.0,5.761971976608101e-06,0.0,1.5993922069254887e-07,5.921911197299783e-06,0.0,Canada,CAN,quebec,,,Linux-5.15.0-144-generic-x86_64-with-glibc2.35,3.14.2,3.1.0,4,AMD EPYC 9474F 48-Core Processor,1,1 x NVIDIA RTX 5000 Ada Generation,,,4,machine,N
Forward pass #123,2026-02-21T19:54:29,energy-efficiency,09cce248-eba0-43d2-be60-1c9eec337903,0.06559996772557497,3.7723007543202016e-08,5.77864668140074e-07,360.0,157.28367124981946,10.0,6.540895532816497e-06,2.8583356233014e-06,1.8156795607258427e-07,9.580799112190834e-06,0.0,Canada,CAN,quebec,,,Linux-5.15.0-144-generic-x86_64-with-glibc2.35,3.14.2,3.1.0,4,AMD EPYC 9474F 48-Core Processor,1,1 x NVIDIA RTX 5000 Ada Generation,,,4,machine,N
Backward pass #123,2026-02-21T19:54:29,energy-efficiency,09cce248-eba0-43d2-be60-1c9eec337903,0.11639775987714529,7.302080990849829e-08,6.306235024082476e-07,360.0,148.8217440242917,10.0,1.286806743592021e-05,5.320282031817669e-06,3.5730095373259405e-07,1.8545650421471042e-05,0.0,Canada,CAN,quebec,,,Linux-5.15.0-144-generic-x86_64-with-glibc2.35,3.14.2,3.1.0,4,AMD EPYC 9474F 48-Core Processor,1,1 x NVIDIA RTX 5000 Ada Generation,,,4,machine,N
Optimisation step #123,2026-02-21T19:54:29,energy-efficiency,09cce248-eba0-43d2-be60-1c9eec337903,0.0757428603246808,4.5340303864576265e-08,6.026232745122847e-07,360.0,350.65316610201825,10.0,5.7518699206411845e-06,5.603893374228619e-06,1.5965849419848261e-07,1.1515421789068218e-05,0.0,Canada,CAN,quebec,,,Linux-5.15.0-144-generic-x86_64-with-glibc2.35,3.14.2,3.1.0,4,AMD EPYC 9474F 48-Core Processor,1,1 x NVIDIA RTX 5000 Ada Generation,,,4,machine,N
Forward pass #124,2026-02-21T19:54:29,energy-efficiency,09cce248-eba0-43d2-be60-1c9eec337903,0.06530626304447651,3.9030337956299566e-08,6.005034302209706e-07,360.0,181.03134520893352,10.0,6.475855503231334e-06,3.257224829411598e-06,1.7975142691283909e-07,9.912831759556137e-06,0.0,Canada,CAN,quebec,,,Linux-5.15.0-144-generic-x86_64-with-glibc2.35,3.14.2,3.1.0,4,AMD EPYC 9474F 48-Core Processor,1,1 x NVIDIA RTX 5000 Ada Generation,,,4,machine,N
Backward pass #124,2026-02-21T19:54:29,energy-efficiency,09cce248-eba0-43d2-be60-1c9eec337903,0.11596661247313023,7.333864674000822e-08,6.351600264394531e-07,360.0,154.46706942693726,10.0,1.2784984242170897e-05,5.48639327746514e-06,3.5499633910754814e-07,1.8626373858744195e-05,0.0,Canada,CAN,quebec,,,Linux-5.15.0-144-generic-x86_64-with-glibc2.35,3.14.2,3.1.0,4,AMD EPYC 9474F 48-Core Processor,1,1 x NVIDIA RTX 5000 Ada Generation,,,4,machine,N
Optimisation step #124,2026-02-21T19:54:29,energy-efficiency,09cce248-eba0-43d2-be60-1c9eec337903,0.0770722609013319,4.415746989597718e-08,5.770317324200976e-07,360.0,326.9298279699151,10.0,5.792553536593855e-06,5.261670875000846e-06,1.6078403892202768e-07,1.1215008450517379e-05,0.0,Canada,CAN,quebec,,,Linux-5.15.0-144-generic-x86_64-with-glibc2.35,3.14.2,3.1.0,4,AMD EPYC 9474F 48-Core Processor,1,1 x NVIDIA RTX 5000 Ada Generation,,,4,machine,N
Forward pass #125,2026-02-21T19:54:29,energy-efficiency,09cce248-eba0-43d2-be60-1c9eec337903,0.06551471538841724,4.298978643704979e-08,6.58741375445583e-07,360.0,236.665414452327,10.0,6.478606443852033e-06,4.260003407807744e-06,1.7983315046876723e-07,1.091844300212929e-05,0.0,Canada,CAN,quebec,,,Linux-5.15.0-144-generic-x86_64-with-glibc2.35,3.14.2,3.1.0,4,AMD EPYC 9474F 48-Core Processor,1,1 x NVIDIA RTX 5000 Ada Generation,,,4,machine,N
Backward pass #125,2026-02-21T19:54:29,energy-efficiency,09cce248-eba0-43d2-be60-1c9eec337903,0.11607525404542685,7.125821753140222e-08,6.168657398170103e-07,360.0,154.515964415777,10.0,1.2421151436865525e-05,5.3319487065550675e-06,3.4489128738641995e-07,1.809799143080628e-05,0.0,Canada,CAN,quebec,,,Linux-5.15.0-144-generic-x86_64-with-glibc2.35,3.14.2,3.1.0,4,AMD EPYC 9474F 48-Core Processor,1,1 x NVIDIA RTX 5000 Ada Generation,,,4,machine,N
Optimisation step #125,2026-02-21T19:54:30,energy-efficiency,09cce248-eba0-43d2-be60-1c9eec337903,0.08024632185697556,4.243145544926297e-08,5.325110404895142e-07,360.0,292.6135274302256,10.0,5.8544105850160885e-06,4.759726031977607e-06,1.6250281801654211e-07,1.0776639435009817e-05,0.0,Canada,CAN,quebec,,,Linux-5.15.0-144-generic-x86_64-with-glibc2.35,3.14.2,3.1.0,4,AMD EPYC 9474F 48-Core Processor,1,1 x NVIDIA RTX 5000 Ada Generation,,,4,machine,N
Forward pass #126,2026-02-21T19:54:30,energy-efficiency,09cce248-eba0-43d2-be60-1c9eec337903,0.06560500804334879,4.7464703982605166e-08,7.29695916781077e-07,360.0,299.736587857126,10.0,6.479283515363737e-06,5.395837650468138e-06,1.7985067744222434e-07,1.2054971843274316e-05,0.0,Canada,CAN,quebec,,,Linux-5.15.0-144-generic-x86_64-with-glibc2.35,3.14.2,3.1.0,4,AMD EPYC 9474F 48-Core Processor,1,1 x NVIDIA RTX 5000 Ada Generation,,,4,machine,N
Backward pass #126,2026-02-21T19:54:30,energy-efficiency,09cce248-eba0-43d2-be60-1c9eec337903,0.11653193179517984,7.20487832729724e-08,6.227396434441067e-07,360.0,155.193903082449,10.0,1.2542731314897464e-05,5.407782104782655e-06,3.4826400482820255e-07,1.8298777424508375e-05,0.0,Canada,CAN,quebec,,,Linux-5.15.0-144-generic-x86_64-with-glibc2.35,3.14.2,3.1.0,4,AMD EPYC 9474F 48-Core Processor,1,1 x NVIDIA RTX 5000 Ada Generation,,,4,machine,N
Optimisation step #126,2026-02-21T19:54:30,energy-efficiency,09cce248-eba0-43d2-be60-1c9eec337903,0.07773708086460829,2.3400648782057347e-08,3.029261798491279e-07,360.0,0.0,10.0,5.782726313918914e-06,0.0,1.6051442103667748e-07,5.943240734955849e-06,0.0,Canada,CAN,quebec,,,Linux-5.15.0-144-generic-x86_64-with-glibc2.35,3.14.2,3.1.0,4,AMD EPYC 9474F 48-Core Processor,1,1 x NVIDIA RTX 5000 Ada Generation,,,4,machine,N
Forward pass #127,2026-02-21T19:54:30,energy-efficiency,09cce248-eba0-43d2-be60-1c9eec337903,0.06570972967892885,2.6277950910866114e-08,4.03248936170348e-07,360.0,0.0,10.0,6.49375971406704e-06,0.0,1.802513246527954e-07,6.674011038719334e-06,0.0,Canada,CAN,quebec,,,Linux-5.15.0-144-generic-x86_64-with-glibc2.35,3.14.2,3.1.0,4,AMD EPYC 9474F 48-Core Processor,1,1 x NVIDIA RTX 5000 Ada Generation,,,4,machine,N
Backward pass #127,2026-02-21T19:54:30,energy-efficiency,09cce248-eba0-43d2-be60-1c9eec337903,0.11656994093209505,9.478396854428368e-08,8.186930040917212e-07,360.0,310.3741529290063,10.0,1.273684939369574e-05,1.0982508786838707e-05,3.536471502027581e-07,2.4073005330737043e-05,0.0,Canada,CAN,quebec,,,Linux-5.15.0-144-generic-x86_64-with-glibc2.35,3.14.2,3.1.0,4,AMD EPYC 9474F 48-Core Processor,1,1 x NVIDIA RTX 5000 Ada Generation,,,4,machine,N
Optimisation step #127,2026-02-21T19:54:30,energy-efficiency,09cce248-eba0-43d2-be60-1c9eec337903,0.07613566610962152,2.321518853636549e-08,3.0766811739806176e-07,360.0,0.0,10.0,5.736902635544543e-06,0.0,1.592353503737209e-07,5.896137985917857e-06,0.0,Canada,CAN,quebec,,,Linux-5.15.0-144-generic-x86_64-with-glibc2.35,3.14.2,3.1.0,4,AMD EPYC 9474F 48-Core Processor,1,1 x NVIDIA RTX 5000 Ada Generation,,,4,machine,N
Forward pass #128,2026-02-21T19:54:30,energy-efficiency,09cce248-eba0-43d2-be60-1c9eec337903,0.0653648441657424,3.78987614613214e-08,5.814653615259555e-07,360.0,154.07329633964358,10.0,6.6116275265811625e-06,2.8302800458845923e-06,1.835290989321152e-07,9.62543667139791e-06,0.0,Canada,CAN,quebec,,,Linux-5.15.0-144-generic-x86_64-with-glibc2.35,3.14.2,3.1.0,4,AMD EPYC 9474F 48-Core Processor,1,1 x NVIDIA RTX 5000 Ada Generation,,,4,machine,N
Backward pass #128,2026-02-21T19:54:30,energy-efficiency,09cce248-eba0-43d2-be60-1c9eec337903,0.11652328073978424,7.243599327658924e-08,6.244995078443687e-07,360.0,150.66766245425063,10.0,1.2719768192618903e-05,5.32417092458104e-06,3.531809766880371e-07,1.8397120093888684e-05,0.0,Canada,CAN,quebec,,,Linux-5.15.0-144-generic-x86_64-with-glibc2.35,3.14.2,3.1.0,4,AMD EPYC 9474F 48-Core Processor,1,1 x NVIDIA RTX 5000 Ada Generation,,,4,machine,N
Optimisation step #128,2026-02-21T19:54:30,energy-efficiency,09cce248-eba0-43d2-be60-1c9eec337903,0.0764141408726573,4.548174383109621e-08,6.01227292244414e-07,360.0,353.98749905606655,10.0,5.743306782096582e-06,5.648615626796527e-06,1.594219641346098e-07,1.155134437302776e-05,0.0,Canada,CAN,quebec,,,Linux-5.15.0-144-generic-x86_64-with-glibc2.35,3.14.2,3.1.0,4,AMD EPYC 9474F 48-Core Processor,1,1 x NVIDIA RTX 5000 Ada Generation,,,4,machine,N
Forward pass #129,2026-02-21T19:54:30,energy-efficiency,09cce248-eba0-43d2-be60-1c9eec337903,0.06548975594341755,3.922995158259042e-08,6.021315989641965e-07,360.0,176.8800022051574,10.0,6.558420695364654e-06,3.223058133272616e-06,1.8205032166508097e-07,9.963529150301687e-06,0.0,Canada,CAN,quebec,,,Linux-5.15.0-144-generic-x86_64-with-glibc2.35,3.14.2,3.1.0,4,AMD EPYC 9474F 48-Core Processor,1,1 x NVIDIA RTX 5000 Ada Generation,,,4,machine,N
Backward pass #129,2026-02-21T19:54:31,energy-efficiency,09cce248-eba0-43d2-be60-1c9eec337903,0.11633142922073603,7.279755085215175e-08,6.290384581578267e-07,360.0,152.1166120647293,10.0,1.2747766543179644e-05,5.387226536868184e-06,3.539545409795311e-07,1.8488947621028186e-05,0.0,Canada,CAN,quebec,,,Linux-5.15.0-144-generic-x86_64-with-glibc2.35,3.14.2,3.1.0,4,AMD EPYC 9474F 48-Core Processor,1,1 x NVIDIA RTX 5000 Ada Generation,,,4,machine,N
Optimisation step #129,2026-02-21T19:54:31,energy-efficiency,09cce248-eba0-43d2-be60-1c9eec337903,0.0764525318518281,4.395624007502382e-08,5.79105504432696e-07,360.0,328.0229581325417,10.0,5.757151916623276e-06,5.246948639126003e-06,1.5980002677274438e-07,1.116390058252155e-05,0.0,Canada,CAN,quebec,,,Linux-5.15.0-144-generic-x86_64-with-glibc2.35,3.14.2,3.1.0,4,AMD EPYC 9474F 48-Core Processor,1,1 x NVIDIA RTX 5000 Ada Generation,,,4,machine,N
Forward pass #130,2026-02-21T19:54:31,energy-efficiency,09cce248-eba0-43d2-be60-1c9eec337903,0.06569186877459288,4.3091326175435495e-08,6.611879645220171e-07,360.0,236.96034684507853,10.0,6.490724720060927e-06,4.2733367529024235e-06,1.8017034874193648e-07,1.0944231821704772e-05,0.0,Canada,CAN,quebec,,,Linux-5.15.0-144-generic-x86_64-with-glibc2.35,3.14.2,3.1.0,4,AMD EPYC 9474F 48-Core Processor,1,1 x NVIDIA RTX 5000 Ada Generation,,,4,machine,N
Backward pass #130,2026-02-21T19:54:31,energy-efficiency,09cce248-eba0-43d2-be60-1c9eec337903,0.11598257347941399,7.114253285367005e-08,6.177993289617325e-07,360.0,155.23825774171414,10.0,1.2383920792490358e-05,5.340837606837567e-06,3.438517140845476e-07,1.8068610113412473e-05,0.0,Canada,CAN,quebec,,,Linux-5.15.0-144-generic-x86_64-with-glibc2.35,3.14.2,3.1.0,4,AMD EPYC 9474F 48-Core Processor,1,1 x NVIDIA RTX 5000 Ada Generation,,,4,machine,N
Optimisation step #130,2026-02-21T19:54:31,energy-efficiency,09cce248-eba0-43d2-be60-1c9eec337903,0.0801562899723649,4.245856340975192e-08,5.349401663502131e-07,360.0,293.55694323935427,10.0,5.8481393381952e-06,4.7730593735195725e-06,1.623255381774587e-07,1.078352424989295e-05,0.0,Canada,CAN,quebec,,,Linux-5.15.0-144-generic-x86_64-with-glibc2.35,3.14.2,3.1.0,4,AMD EPYC 9474F 48-Core Processor,1,1 x NVIDIA RTX 5000 Ada Generation,,,4,machine,N
Forward pass #131,2026-02-21T19:54:31,energy-efficiency,09cce248-eba0-43d2-be60-1c9eec337903,0.07839063182473183,4.7748829925057786e-08,6.11748055911088e-07,360.0,291.2589405227997,10.0,6.601657439023103e-06,5.342226494065017e-06,1.832495365912683e-07,1.212713346967955e-05,0.0,Canada,CAN,quebec,,,Linux-5.15.0-144-generic-x86_64-with-glibc2.35,3.14.2,3.1.0,4,AMD EPYC 9474F 48-Core Processor,1,1 x NVIDIA RTX 5000 Ada Generation,,,4,machine,N
Backward pass #131,2026-02-21T19:54:31,energy-efficiency,09cce248-eba0-43d2-be60-1c9eec337903,0.11618922650814056,6.78302125870704e-08,5.873009817117575e-07,360.0,161.45444810544177,10.0,1.1669185385108048e-05,5.234170856738274e-06,3.2399870300044284e-07,1.722735494484682e-05,0.0,Canada,CAN,quebec,,,Linux-5.15.0-144-generic-x86_64-with-glibc2.35,3.14.2,3.1.0,4,AMD EPYC 9474F 48-Core Processor,1,1 x NVIDIA RTX 5000 Ada Generation,,,4,machine,N
Optimisation step #131,2026-02-21T19:54:31,energy-efficiency,09cce248-eba0-43d2-be60-1c9eec337903,0.07254683878272772,2.3224990603119925e-08,3.2221688295065944e-07,360.0,0.0,10.0,5.739318858831964e-06,0.0,1.593086325253081e-07,5.898627491357326e-06,0.0,Canada,CAN,quebec,,,Linux-5.15.0-144-generic-x86_64-with-glibc2.35,3.14.2,3.1.0,4,AMD EPYC 9474F 48-Core Processor,1,1 x NVIDIA RTX 5000 Ada Generation,,,4,machine,N
Forward pass #132,2026-02-21T19:54:31,energy-efficiency,09cce248-eba0-43d2-be60-1c9eec337903,0.06570157874375582,2.624380505857258e-08,4.0267483665720096e-07,360.0,0.0,10.0,6.4853185787797606e-06,0.0,1.80020178150805e-07,6.665338756929942e-06,0.0,Canada,CAN,quebec,,,Linux-5.15.0-144-generic-x86_64-with-glibc2.35,3.14.2,3.1.0,4,AMD EPYC 9474F 48-Core Processor,1,1 x NVIDIA RTX 5000 Ada Generation,,,4,machine,N
Backward pass #132,2026-02-21T19:54:31,energy-efficiency,09cce248-eba0-43d2-be60-1c9eec337903,0.11604826431721449,9.502773292668131e-08,8.231441548053486e-07,360.0,315.51706192934165,10.0,1.2673838436603503e-05,1.1109175552803663e-05,3.5190203537544126e-07,2.4134916024782377e-05,0.0,Canada,CAN,quebec,,,Linux-5.15.0-144-generic-x86_64-with-glibc2.35,3.14.2,3.1.0,4,AMD EPYC 9474F 48-Core Processor,1,1 x NVIDIA RTX 5000 Ada Generation,,,4,machine,N
Optimisation step #132,2026-02-21T19:54:32,energy-efficiency,09cce248-eba0-43d2-be60-1c9eec337903,0.07720563281327486,2.3240462483915505e-08,3.0403873275321353e-07,360.0,0.0,10.0,5.743136815726611e-06,0.0,1.59420186860698e-07,5.90255700258762e-06,0.0,Canada,CAN,quebec,,,Linux-5.15.0-144-generic-x86_64-with-glibc2.35,3.14.2,3.1.0,4,AMD EPYC 9474F 48-Core Processor,1,1 x NVIDIA RTX 5000 Ada Generation,,,4,machine,N
Forward pass #133,2026-02-21T19:54:32,energy-efficiency,09cce248-eba0-43d2-be60-1c9eec337903,0.06571504008024931,3.7916977810642033e-08,5.814959200630783e-07,360.0,156.22408168511836,10.0,6.587753258645735e-06,2.8594467309517313e-06,1.8286322657433385e-07,9.630063216171068e-06,0.0,Canada,CAN,quebec,,,Linux-5.15.0-144-generic-x86_64-with-glibc2.35,3.14.2,3.1.0,4,AMD EPYC 9474F 48-Core Processor,1,1 x NVIDIA RTX 5000 Ada Generation,,,4,machine,N
Backward pass #133,2026-02-21T19:54:32,energy-efficiency,09cce248-eba0-43d2-be60-1c9eec337903,0.11651281174272299,7.272230937768997e-08,6.271668785778679e-07,360.0,150.05477597562194,10.0,1.2785118259489407e-05,5.3297264877016914e-06,3.549932243509401e-07,1.8469837971542107e-05,0.0,Canada,CAN,quebec,,,Linux-5.15.0-144-generic-x86_64-with-glibc2.35,3.14.2,3.1.0,4,AMD EPYC 9474F 48-Core Processor,1,1 x NVIDIA RTX 5000 Ada Generation,,,4,machine,N
Optimisation step #133,2026-02-21T19:54:32,energy-efficiency,09cce248-eba0-43d2-be60-1c9eec337903,0.07597162388265133,4.551122190363992e-08,6.049683009105254e-07,360.0,352.48327000793563,10.0,5.758973024785549e-06,5.640004509643859e-06,1.5985360886487676e-07,1.1558831143294e-05,0.0,Canada,CAN,quebec,,,Linux-5.15.0-144-generic-x86_64-with-glibc2.35,3.14.2,3.1.0,4,AMD EPYC 9474F 48-Core Processor,1,1 x NVIDIA RTX 5000 Ada Generation,,,4,machine,N
Forward pass #134,2026-02-21T19:54:32,energy-efficiency,09cce248-eba0-43d2-be60-1c9eec337903,0.06568419001996517,3.929226682849001e-08,6.024136247194999e-07,360.0,174.9631334102996,10.0,6.59192828461521e-06,3.204447008187117e-06,1.8298053441362535e-07,9.97935582721602e-06,0.0,Canada,CAN,quebec,,,Linux-5.15.0-144-generic-x86_64-with-glibc2.35,3.14.2,3.1.0,4,AMD EPYC 9474F 48-Core Processor,1,1 x NVIDIA RTX 5000 Ada Generation,,,4,machine,N
Backward pass #134,2026-02-21T19:54:32,energy-efficiency,09cce248-eba0-43d2-be60-1c9eec337903,0.11666495352983475,7.287624756985973e-08,6.276246850613398e-07,360.0,148.41832335499976,10.0,1.2852614186704362e-05,5.299448687878794e-06,3.5687195033662193e-07,1.8508934824919276e-05,0.0,Canada,CAN,quebec,,,Linux-5.15.0-144-generic-x86_64-with-glibc2.35,3.14.2,3.1.0,4,AMD EPYC 9474F 48-Core Processor,1,1 x NVIDIA RTX 5000 Ada Generation,,,4,machine,N
Optimisation step #134,2026-02-21T19:54:32,energy-efficiency,09cce248-eba0-43d2-be60-1c9eec337903,0.07522022258490324,4.3949628575373116e-08,5.90000202298599e-07,360.0,323.0677892552932,10.0,5.797411594539795e-06,5.203893049809949e-06,1.6091676532394537e-07,1.1162221409673906e-05,0.0,Canada,CAN,quebec,,,Linux-5.15.0-144-generic-x86_64-with-glibc2.35,3.14.2,3.1.0,4,AMD EPYC 9474F 48-Core Processor,1,1 x NVIDIA RTX 5000 Ada Generation,,,4,machine,N
Forward pass #135,2026-02-21T19:54:32,energy-efficiency,09cce248-eba0-43d2-be60-1c9eec337903,0.06552028562873602,4.333154731100451e-08,6.64824628211846e-07,360.0,232.6047263609893,10.0,6.574138905853042e-06,4.248614512647464e-06,1.8248919190632252e-07,1.1005242610406286e-05,0.0,Canada,CAN,quebec,,,Linux-5.15.0-144-generic-x86_64-with-glibc2.35,3.14.2,3.1.0,4,AMD EPYC 9474F 48-Core Processor,1,1 x NVIDIA RTX 5000 Ada Generation,,,4,machine,N
Backward pass #135,2026-02-21T19:54:32,energy-efficiency,09cce248-eba0-43d2-be60-1c9eec337903,0.11660861317068338,7.145408466908653e-08,6.164200788212724e-07,360.0,142.37859889672262,10.0,1.2750372663140105e-05,5.0433373672831294e-06,3.5402726692457536e-07,1.814773729734865e-05,0.0,Canada,CAN,quebec,,,Linux-5.15.0-144-generic-x86_64-with-glibc2.35,3.14.2,3.1.0,4,AMD EPYC 9474F 48-Core Processor,1,1 x NVIDIA RTX 5000 Ada Generation,,,4,machine,N
Optimisation step #135,2026-02-21T19:54:32,energy-efficiency,09cce248-eba0-43d2-be60-1c9eec337903,0.07765685115009546,4.175766704706457e-08,5.433583965870582e-07,360.0,290.8861559066801,10.0,5.776560306548859e-06,4.668614845826369e-06,1.603371179145286e-07,1.0605512270289892e-05,0.0,Canada,CAN,quebec,,,Linux-5.15.0-144-generic-x86_64-with-glibc2.35,3.14.2,3.1.0,4,AMD EPYC 9474F 48-Core Processor,1,1 x NVIDIA RTX 5000 Ada Generation,,,4,machine,N
Forward pass #136,2026-02-21T19:54:32,energy-efficiency,09cce248-eba0-43d2-be60-1c9eec337903,0.07796036545187235,4.758777622927392e-08,6.154287953010699e-07,360.0,290.9812865124237,10.0,6.582129094749849e-06,5.321393146573428e-06,1.8270719641199197e-07,1.2086229437734998e-05,0.0,Canada,CAN,quebec,,,Linux-5.15.0-144-generic-x86_64-with-glibc2.35,3.14.2,3.1.0,4,AMD EPYC 9474F 48-Core Processor,1,1 x NVIDIA RTX 5000 Ada Generation,,,4,machine,N
Backward pass #136,2026-02-21T19:54:33,energy-efficiency,09cce248-eba0-43d2-be60-1c9eec337903,0.11632363870739937,6.787770560936538e-08,5.87177251019929e-07,360.0,162.167520932792,10.0,1.1661731265485281e-05,5.253893089474104e-06,3.2379275394810224e-07,1.72394171089078e-05,0.0,Canada,CAN,quebec,,,Linux-5.15.0-144-generic-x86_64-with-glibc2.35,3.14.2,3.1.0,4,AMD EPYC 9474F 48-Core Processor,1,1 x NVIDIA RTX 5000 Ada Generation,,,4,machine,N
Optimisation step #136,2026-02-21T19:54:33,energy-efficiency,09cce248-eba0-43d2-be60-1c9eec337903,0.07287210412323475,2.342505020997744e-08,3.2473452465422323e-07,360.0,0.0,10.0,5.78876044601221e-06,0.0,1.6067770516706192e-07,5.949438151179286e-06,0.0,Canada,CAN,quebec,,,Linux-5.15.0-144-generic-x86_64-with-glibc2.35,3.14.2,3.1.0,4,AMD EPYC 9474F 48-Core Processor,1,1 x NVIDIA RTX 5000 Ada Generation,,,4,machine,N
Forward pass #137,2026-02-21T19:54:33,energy-efficiency,09cce248-eba0-43d2-be60-1c9eec337903,0.06553801707923412,2.6472688584969114e-08,4.0558891724814096e-07,360.0,0.0,10.0,6.541889533400597e-06,0.0,1.8158051340530783e-07,6.723470046806311e-06,0.0,Canada,CAN,quebec,,,Linux-5.15.0-144-generic-x86_64-with-glibc2.35,3.14.2,3.1.0,4,AMD EPYC 9474F 48-Core Processor,1,1 x NVIDIA RTX 5000 Ada Generation,,,4,machine,N
Backward pass #137,2026-02-21T19:54:33,energy-efficiency,09cce248-eba0-43d2-be60-1c9eec337903,0.11680835485458374,9.467135859803723e-08,8.142858900943085e-07,360.0,305.5545047239249,10.0,1.2812528572976687e-05,1.0876119809211104e-05,3.5575654409411464e-07,2.4044404926281716e-05,0.0,Canada,CAN,quebec,,,Linux-5.15.0-144-generic-x86_64-with-glibc2.35,3.14.2,3.1.0,4,AMD EPYC 9474F 48-Core Processor,1,1 x NVIDIA RTX 5000 Ada Generation,,,4,machine,N
Optimisation step #137,2026-02-21T19:54:33,energy-efficiency,09cce248-eba0-43d2-be60-1c9eec337903,0.07576772943139076,2.3324194808568063e-08,3.1100917580465245e-07,360.0,0.0,10.0,5.763836111873522e-06,0.0,1.5998702599770063e-07,5.923823137870925e-06,0.0,Canada,CAN,quebec,,,Linux-5.15.0-144-generic-x86_64-with-glibc2.35,3.14.2,3.1.0,4,AMD EPYC 9474F 48-Core Processor,1,1 x NVIDIA RTX 5000 Ada Generation,,,4,machine,N
Forward pass #138,2026-02-21T19:54:33,energy-efficiency,09cce248-eba0-43d2-be60-1c9eec337903,0.06580415088683367,3.758891151168538e-08,5.765658519689683e-07,360.0,157.61221806351514,10.0,6.513487081974672e-06,2.8525022806036304e-06,1.8075236067590435e-07,9.546741723254898e-06,0.0,Canada,CAN,quebec,,,Linux-5.15.0-144-generic-x86_64-with-glibc2.35,3.14.2,3.1.0,4,AMD EPYC 9474F 48-Core Processor,1,1 x NVIDIA RTX 5000 Ada Generation,,,4,machine,N
Backward pass #138,2026-02-21T19:54:33,energy-efficiency,09cce248-eba0-43d2-be60-1c9eec337903,0.11628989782184362,7.29409050646822e-08,6.304870866127841e-07,360.0,150.4965708753071,10.0,1.281264768913373e-05,5.356948729939859e-06,3.5575996153056023e-07,1.8525356380604853e-05,0.0,Canada,CAN,quebec,,,Linux-5.15.0-144-generic-x86_64-with-glibc2.35,3.14.2,3.1.0,4,AMD EPYC 9474F 48-Core Processor,1,1 x NVIDIA RTX 5000 Ada Generation,,,4,machine,N
Optimisation step #138,2026-02-21T19:54:33,energy-efficiency,09cce248-eba0-43d2-be60-1c9eec337903,0.07599527388811111,4.5623449330017455e-08,6.062993262286307e-07,360.0,353.49203966458214,10.0,5.765083059668542e-06,5.662226755021038e-06,1.600245815805304e-07,1.1587334396269758e-05,0.0,Canada,CAN,quebec,,,Linux-5.15.0-144-generic-x86_64-with-glibc2.35,3.14.2,3.1.0,4,AMD EPYC 9474F 48-Core Processor,1,1 x NVIDIA RTX 5000 Ada Generation,,,4,machine,N
Forward pass #139,2026-02-21T19:54:33,energy-efficiency,09cce248-eba0-43d2-be60-1c9eec337903,0.06563547905534506,3.921835815496328e-08,6.021378514748e-07,360.0,177.15722818757524,10.0,6.553121749311875e-06,3.225558135255824e-06,1.8190479475176644e-07,9.96058467931868e-06,0.0,Canada,CAN,quebec,,,Linux-5.15.0-144-generic-x86_64-with-glibc2.35,3.14.2,3.1.0,4,AMD EPYC 9474F 48-Core Processor,1,1 x NVIDIA RTX 5000 Ada Generation,,,4,machine,N
Backward pass #139,2026-02-21T19:54:33,energy-efficiency,09cce248-eba0-43d2-be60-1c9eec337903,0.11643595062196255,7.264476566573615e-08,6.272750890719402e-07,360.0,150.85319735253069,10.0,1.2751903757453071e-05,5.344170940446702e-06,3.5406890739169143e-07,1.8450143605291437e-05,0.0,Canada,CAN,quebec,,,Linux-5.15.0-144-generic-x86_64-with-glibc2.35,3.14.2,3.1.0,4,AMD EPYC 9474F 48-Core Processor,1,1 x NVIDIA RTX 5000 Ada Generation,,,4,machine,N
Optimisation step #139,2026-02-21T19:54:33,energy-efficiency,09cce248-eba0-43d2-be60-1c9eec337903,0.07605762500315905,4.408198157021908e-08,5.835373036143805e-07,360.0,326.09784856043797,10.0,5.789573397487445e-06,5.245559751898554e-06,1.6070295694387352e-07,1.1195836106330306e-05,0.0,Canada,CAN,quebec,,,Linux-5.15.0-144-generic-x86_64-with-glibc2.35,3.14.2,3.1.0,4,AMD EPYC 9474F 48-Core Processor,1,1 x NVIDIA RTX 5000 Ada Generation,,,4,machine,N
Forward pass #140,2026-02-21T19:54:34,energy-efficiency,09cce248-eba0-43d2-be60-1c9eec337903,0.06559961754828691,4.3191018753138596e-08,6.640849881006168e-07,360.0,239.32666793191166,10.0,6.480493489652902e-06,4.309170112293259e-06,1.7988790188812147e-07,1.0969551503833483e-05,0.0,Canada,CAN,quebec,,,Linux-5.15.0-144-generic-x86_64-with-glibc2.35,3.14.2,3.1.0,4,AMD EPYC 9474F 48-Core Processor,1,1 x NVIDIA RTX 5000 Ada Generation,,,4,machine,N
Backward pass #140,2026-02-21T19:54:34,energy-efficiency,09cce248-eba0-43d2-be60-1c9eec337903,0.11648912075906992,7.156683665433195e-08,6.185689477299925e-07,360.0,152.14967819567968,10.0,1.2531473115086691e-05,5.296948685895586e-06,3.4795197554760157e-07,1.817637377652965e-05,0.0,Canada,CAN,quebec,,,Linux-5.15.0-144-generic-x86_64-with-glibc2.35,3.14.2,3.1.0,4,AMD EPYC 9474F 48-Core Processor,1,1 x NVIDIA RTX 5000 Ada Generation,,,4,machine,N
Optimisation step #140,2026-02-21T19:54:34,energy-efficiency,09cce248-eba0-43d2-be60-1c9eec337903,0.0806019576266408,4.2000195775064526e-08,5.261731510584297e-07,360.0,299.9345745945765,10.0,5.7316235266627324e-06,4.776392707128707e-06,1.590929019989291e-07,1.0667109135790477e-05,0.0,Canada,CAN,quebec,,,Linux-5.15.0-144-generic-x86_64-with-glibc2.35,3.14.2,3.1.0,4,AMD EPYC 9474F 48-Core Processor,1,1 x NVIDIA RTX 5000 Ada Generation,,,4,machine,N
Forward pass #141,2026-02-21T19:54:34,energy-efficiency,09cce248-eba0-43d2-be60-1c9eec337903,0.07877347804605961,4.7389760635673536e-08,6.0577486059739e-07,360.0,290.8379553709475,10.0,6.556166708469521e-06,5.297782017521513e-06,1.819891855120697e-07,1.203593791150332e-05,0.0,Canada,CAN,quebec,,,Linux-5.15.0-144-generic-x86_64-with-glibc2.35,3.14.2,3.1.0,4,AMD EPYC 9474F 48-Core Processor,1,1 x NVIDIA RTX 5000 Ada Generation,,,4,machine,N
Backward pass #141,2026-02-21T19:54:34,energy-efficiency,09cce248-eba0-43d2-be60-1c9eec337903,0.11620308551937342,6.770576805263374e-08,5.860624338225127e-07,360.0,161.80754940920437,10.0,1.1640057805925672e-05,5.232504186380993e-06,3.231868277200461e-07,1.7195748820026183e-05,0.0,Canada,CAN,quebec,,,Linux-5.15.0-144-generic-x86_64-with-glibc2.35,3.14.2,3.1.0,4,AMD EPYC 9474F 48-Core Processor,1,1 x NVIDIA RTX 5000 Ada Generation,,,4,machine,N
Optimisation step #141,2026-02-21T19:54:34,energy-efficiency,09cce248-eba0-43d2-be60-1c9eec337903,0.07277065329253674,2.331039441417419e-08,3.2348186290612987e-07,360.0,0.0,10.0,5.760425142943906e-06,0.0,1.598930038097839e-07,5.92031814675327e-06,0.0,Canada,CAN,quebec,,,Linux-5.15.0-144-generic-x86_64-with-glibc2.35,3.14.2,3.1.0,4,AMD EPYC 9474F 48-Core Processor,1,1 x NVIDIA RTX 5000 Ada Generation,,,4,machine,N
Forward pass #142,2026-02-21T19:54:34,energy-efficiency,09cce248-eba0-43d2-be60-1c9eec337903,0.06568038929253817,2.6250289454471772e-08,4.032192969511371e-07,360.0,0.0,10.0,6.4869245514271624e-06,0.0,1.8006109684291858e-07,6.666985648270257e-06,0.0,Canada,CAN,quebec,,,Linux-5.15.0-144-generic-x86_64-with-glibc2.35,3.14.2,3.1.0,4,AMD EPYC 9474F 48-Core Processor,1,1 x NVIDIA RTX 5000 Ada Generation,,,4,machine,N
Backward pass #142,2026-02-21T19:54:34,energy-efficiency,09cce248-eba0-43d2-be60-1c9eec337903,0.11616209521889687,9.526917924231312e-08,8.25688562114624e-07,360.0,315.4641191294228,10.0,1.2707015965133985e-05,1.1136397798594544e-05,3.5282421805377876e-07,2.4196237981781617e-05,0.0,Canada,CAN,quebec,,,Linux-5.15.0-144-generic-x86_64-with-glibc2.35,3.14.2,3.1.0,4,AMD EPYC 9474F 48-Core Processor,1,1 x NVIDIA RTX 5000 Ada Generation,,,4,machine,N
Optimisation step #142,2026-02-21T19:54:34,energy-efficiency,09cce248-eba0-43d2-be60-1c9eec337903,0.0767699358984828,2.318678557222483e-08,3.048934885546198e-07,360.0,0.0,10.0,5.7298785075543535e-06,0.0,1.5904576155460325e-07,5.888924269109065e-06,0.0,Canada,CAN,quebec,,,Linux-5.15.0-144-generic-x86_64-with-glibc2.35,3.14.2,3.1.0,4,AMD EPYC 9474F 48-Core Processor,1,1 x NVIDIA RTX 5000 Ada Generation,,,4,machine,N
Forward pass #143,2026-02-21T19:54:34,energy-efficiency,09cce248-eba0-43d2-be60-1c9eec337903,0.06593633256852627,3.803240906391248e-08,5.81939866890954e-07,360.0,155.48900569532574,10.0,6.616921722889073e-06,2.8588911789029225e-06,1.8356726763562388e-07,9.659380169427592e-06,0.0,Canada,CAN,quebec,,,Linux-5.15.0-144-generic-x86_64-with-glibc2.35,3.14.2,3.1.0,4,AMD EPYC 9474F 48-Core Processor,1,1 x NVIDIA RTX 5000 Ada Generation,,,4,machine,N
Backward pass #143,2026-02-21T19:54:35,energy-efficiency,09cce248-eba0-43d2-be60-1c9eec337903,0.11660263314843178,7.244239106941739e-08,6.243159551985724e-07,360.0,149.68776907683466,10.0,1.2744861654937368e-05,5.300004236374889e-06,3.5387909867697954e-07,1.839874498998917e-05,0.0,Canada,CAN,quebec,,,Linux-5.15.0-144-generic-x86_64-with-glibc2.35,3.14.2,3.1.0,4,AMD EPYC 9474F 48-Core Processor,1,1 x NVIDIA RTX 5000 Ada Generation,,,4,machine,N
Optimisation step #143,2026-02-21T19:54:35,energy-efficiency,09cce248-eba0-43d2-be60-1c9eec337903,0.07615452725440264,4.5468514189619925e-08,6.031241667976656e-07,360.0,350.88537760030306,10.0,5.766260065138192e-06,5.621671164135478e-06,1.6005311109539477e-07,1.1547984340369404e-05,0.0,Canada,CAN,quebec,,,Linux-5.15.0-144-generic-x86_64-with-glibc2.35,3.14.2,3.1.0,4,AMD EPYC 9474F 48-Core Processor,1,1 x NVIDIA RTX 5000 Ada Generation,,,4,machine,N
Forward pass #144,2026-02-21T19:54:35,energy-efficiency,09cce248-eba0-43d2-be60-1c9eec337903,0.06591915339231491,3.92848812025352e-08,6.008979089873463e-07,360.0,175.01234498877622,10.0,6.590097304433502e-06,3.2044470117398305e-06,1.8293572744975425e-07,9.977480043623331e-06,0.0,Canada,CAN,quebec,,,Linux-5.15.0-144-generic-x86_64-with-glibc2.35,3.14.2,3.1.0,4,AMD EPYC 9474F 48-Core Processor,1,1 x NVIDIA RTX 5000 Ada Generation,,,4,machine,N
Backward pass #144,2026-02-21T19:54:35,energy-efficiency,09cce248-eba0-43d2-be60-1c9eec337903,0.11629131808876991,7.192798894379925e-08,6.230619141737154e-07,360.0,153.8227447977327,10.0,1.255450854077949e-05,5.365004287938291e-06,3.485855413600859e-07,1.8268098370077812e-05,0.0,Canada,CAN,quebec,,,Linux-5.15.0-144-generic-x86_64-with-glibc2.35,3.14.2,3.1.0,4,AMD EPYC 9474F 48-Core Processor,1,1 x NVIDIA RTX 5000 Ada Generation,,,4,machine,N
Optimisation step #144,2026-02-21T19:54:35,energy-efficiency,09cce248-eba0-43d2-be60-1c9eec337903,0.07678360678255558,4.402173147750982e-08,5.78343902161156e-07,360.0,332.1334325101704,10.0,5.731983575969941e-06,5.289448676393249e-06,1.5910167971419165e-07,1.1180533932077762e-05,0.0,Canada,CAN,quebec,,,Linux-5.15.0-144-generic-x86_64-with-glibc2.35,3.14.2,3.1.0,4,AMD EPYC 9474F 48-Core Processor,1,1 x NVIDIA RTX 5000 Ada Generation,,,4,machine,N
Forward pass #145,2026-02-21T19:54:35,energy-efficiency,09cce248-eba0-43d2-be60-1c9eec337903,0.06555849593132734,4.3197731370786334e-08,6.647947765185075e-07,360.0,232.53712161579892,10.0,6.554589699953994e-06,4.234725611951262e-06,1.8194104648298405e-07,1.0971256358387887e-05,0.0,Canada,CAN,quebec,,,Linux-5.15.0-144-generic-x86_64-with-glibc2.35,3.14.2,3.1.0,4,AMD EPYC 9474F 48-Core Processor,1,1 x NVIDIA RTX 5000 Ada Generation,,,4,machine,N
Backward pass #145,2026-02-21T19:54:35,energy-efficiency,09cce248-eba0-43d2-be60-1c9eec337903,0.11683864612132311,7.123185253512596e-08,6.138438325519844e-07,360.0,149.41834824589802,10.0,1.2538430280983458e-05,5.204726384988589e-06,3.481386462226535e-07,1.809129531219443e-05,0.0,Canada,CAN,quebec,,,Linux-5.15.0-144-generic-x86_64-with-glibc2.35,3.14.2,3.1.0,4,AMD EPYC 9474F 48-Core Processor,1,1 x NVIDIA RTX 5000 Ada Generation,,,4,machine,N
Optimisation step #145,2026-02-21T19:54:35,energy-efficiency,09cce248-eba0-43d2-be60-1c9eec337903,0.07933737803250551,4.203903673517242e-08,5.342350767313808e-07,360.0,295.42275191724264,10.0,5.7758132927117865e-06,4.740837123762276e-06,1.6032345334274873e-07,1.0676973869817516e-05,0.0,Canada,CAN,quebec,,,Linux-5.15.0-144-generic-x86_64-with-glibc2.35,3.14.2,3.1.0,4,AMD EPYC 9474F 48-Core Processor,1,1 x NVIDIA RTX 5000 Ada Generation,,,4,machine,N
Forward pass #146,2026-02-21T19:54:35,energy-efficiency,09cce248-eba0-43d2-be60-1c9eec337903,0.07879279926419258,4.768869555620223e-08,6.080790223373656e-07,360.0,294.25542275293316,10.0,6.56355284154404e-06,5.366115406246763e-06,1.8219243890295366e-07,1.2111860686694204e-05,0.0,Canada,CAN,quebec,,,Linux-5.15.0-144-generic-x86_64-with-glibc2.35,3.14.2,3.1.0,4,AMD EPYC 9474F 48-Core Processor,1,1 x NVIDIA RTX 5000 Ada Generation,,,4,machine,N
Backward pass #146,2026-02-21T19:54:35,energy-efficiency,09cce248-eba0-43d2-be60-1c9eec337903,0.11630996689200401,6.763635043791088e-08,5.847626707244624e-07,360.0,160.17227995322366,10.0,1.1663988418876992e-05,5.190281928690865e-06,3.2384795291970294e-07,1.7178118300487967e-05,0.0,Canada,CAN,quebec,,,Linux-5.15.0-144-generic-x86_64-with-glibc2.35,3.14.2,3.1.0,4,AMD EPYC 9474F 48-Core Processor,1,1 x NVIDIA RTX 5000 Ada Generation,,,4,machine,N
Optimisation step #146,2026-02-21T19:54:35,energy-efficiency,09cce248-eba0-43d2-be60-1c9eec337903,0.0719411401078105,2.3218871455579635e-08,3.260914038660639e-07,360.0,0.0,10.0,5.7378086261452264e-06,0.0,1.592647387749658e-07,5.897073364919542e-06,0.0,Canada,CAN,quebec,,,Linux-5.15.0-144-generic-x86_64-with-glibc2.35,3.14.2,3.1.0,4,AMD EPYC 9474F 48-Core Processor,1,1 x NVIDIA RTX 5000 Ada Generation,,,4,machine,N
Forward pass #147,2026-02-21T19:54:36,energy-efficiency,09cce248-eba0-43d2-be60-1c9eec337903,0.0655564172193408,2.6356202473007357e-08,4.042520902416726e-07,360.0,0.0,10.0,6.513089127838448e-06,0.0,1.8079605522668954e-07,6.693885183065192e-06,0.0,Canada,CAN,quebec,,,Linux-5.15.0-144-generic-x86_64-with-glibc2.35,3.14.2,3.1.0,4,AMD EPYC 9474F 48-Core Processor,1,1 x NVIDIA RTX 5000 Ada Generation,,,4,machine,N
Backward pass #147,2026-02-21T19:54:36,energy-efficiency,09cce248-eba0-43d2-be60-1c9eec337903,0.11647144053131342,9.548645494330117e-08,8.237303007044377e-07,360.0,306.5284940207474,10.0,1.2904221098869895e-05,1.0988897681585286e-05,3.583023635049602e-07,2.425142114396029e-05,0.0,Canada,CAN,quebec,,,Linux-5.15.0-144-generic-x86_64-with-glibc2.35,3.14.2,3.1.0,4,AMD EPYC 9474F 48-Core Processor,1,1 x NVIDIA RTX 5000 Ada Generation,,,4,machine,N
Optimisation step #147,2026-02-21T19:54:36,energy-efficiency,09cce248-eba0-43d2-be60-1c9eec337903,0.0752576719969511,2.3226453969874087e-08,3.1176958800545694e-07,360.0,0.0,10.0,5.739681608974822e-06,0.0,1.5931754476494742e-07,5.898999153740488e-06,0.0,Canada,CAN,quebec,,,Linux-5.15.0-144-generic-x86_64-with-glibc2.35,3.14.2,3.1.0,4,AMD EPYC 9474F 48-Core Processor,1,1 x NVIDIA RTX 5000 Ada Generation,,,4,machine,N
Forward pass #148,2026-02-21T19:54:36,energy-efficiency,09cce248-eba0-43d2-be60-1c9eec337903,0.06573887914419174,3.788474010240142e-08,5.803235357156408e-07,360.0,155.36937784273948,10.0,6.592801306396813e-06,2.846113385857052e-06,1.8296086798525455e-07,9.62187556023935e-06,0.0,Canada,CAN,quebec,,,Linux-5.15.0-144-generic-x86_64-with-glibc2.35,3.14.2,3.1.0,4,AMD EPYC 9474F 48-Core Processor,1,1 x NVIDIA RTX 5000 Ada Generation,,,4,machine,N
Backward pass #148,2026-02-21T19:54:36,energy-efficiency,09cce248-eba0-43d2-be60-1c9eec337903,0.11667247302830219,7.287796028732486e-08,6.275054050877948e-07,360.0,149.38523043592608,10.0,1.2828983925283147e-05,5.32417092458104e-06,3.5621496693541443e-07,1.8509369816799466e-05,0.0,Canada,CAN,quebec,,,Linux-5.15.0-144-generic-x86_64-with-glibc2.35,3.14.2,3.1.0,4,AMD EPYC 9474F 48-Core Processor,1,1 x NVIDIA RTX 5000 Ada Generation,,,4,machine,N
Optimisation step #148,2026-02-21T19:54:36,energy-efficiency,09cce248-eba0-43d2-be60-1c9eec337903,0.07513813953846693,4.538488549760532e-08,6.083084599963708e-07,360.0,351.57141306357795,10.0,5.750184785574541e-06,5.61694893974618e-06,1.5961080013464216e-07,1.1526744525455594e-05,0.0,Canada,CAN,quebec,,,Linux-5.15.0-144-generic-x86_64-with-glibc2.35,3.14.2,3.1.0,4,AMD EPYC 9474F 48-Core Processor,1,1 x NVIDIA RTX 5000 Ada Generation,,,4,machine,N
Forward pass #149,2026-02-21T19:54:36,energy-efficiency,09cce248-eba0-43d2-be60-1c9eec337903,0.06580549106001854,3.9438258965895885e-08,6.036009987480468e-07,360.0,178.66325666450194,10.0,6.57178806141032e-06,3.2622248333780135e-06,1.8242166584565172e-07,1.001643456063385e-05,0.0,Canada,CAN,quebec,,,Linux-5.15.0-144-generic-x86_64-with-glibc2.35,3.14.2,3.1.0,4,AMD EPYC 9474F 48-Core Processor,1,1 x NVIDIA RTX 5000 Ada Generation,,,4,machine,N
Backward pass #149,2026-02-21T19:54:36,energy-efficiency,09cce248-eba0-43d2-be60-1c9eec337903,0.11702391970902681,7.308851864481087e-08,6.276947980538586e-07,360.0,149.37036658903614,10.0,1.2866423558443793e-05,5.339170936480286e-06,3.572524292394546e-07,1.8562846924163358e-05,0.0,Canada,CAN,quebec,,,Linux-5.15.0-144-generic-x86_64-with-glibc2.35,3.14.2,3.1.0,4,AMD EPYC 9474F 48-Core Processor,1,1 x NVIDIA RTX 5000 Ada Generation,,,4,machine,N
Optimisation step #149,2026-02-21T19:54:36,energy-efficiency,09cce248-eba0-43d2-be60-1c9eec337903,0.07512887008488178,4.373404980935973e-08,5.881646329816831e-07,360.0,319.321128501592,10.0,5.800349730998317e-06,5.14611523172448e-06,1.6100426825384185e-07,1.1107469230975907e-05,0.0,Canada,CAN,quebec,,,Linux-5.15.0-144-generic-x86_64-with-glibc2.35,3.14.2,3.1.0,4,AMD EPYC 9474F 48-Core Processor,1,1 x NVIDIA RTX 5000 Ada Generation,,,4,machine,N
Forward pass #150,2026-02-21T19:54:36,energy-efficiency,09cce248-eba0-43d2-be60-1c9eec337903,0.06572610139846802,4.3432424271160834e-08,6.666908713506449e-07,360.0,235.1675727715048,10.0,6.56149676069636e-06,4.287225650045912e-06,1.8214068841189489e-07,1.1030863099154194e-05,0.0,Canada,CAN,quebec,,,Linux-5.15.0-144-generic-x86_64-with-glibc2.35,3.14.2,3.1.0,4,AMD EPYC 9474F 48-Core Processor,1,1 x NVIDIA RTX 5000 Ada Generation,,,4,machine,N
Backward pass #150,2026-02-21T19:54:36,energy-efficiency,09cce248-eba0-43d2-be60-1c9eec337903,0.11680103652179241,7.076933504785446e-08,6.101825075816745e-07,360.0,153.30776901459046,10.0,1.236439561471325e-05,5.266115323365739e-06,3.4331529039061765e-07,1.797382622847031e-05,0.0,Canada,CAN,quebec,,,Linux-5.15.0-144-generic-x86_64-with-glibc2.35,3.14.2,3.1.0,4,AMD EPYC 9474F 48-Core Processor,1,1 x NVIDIA RTX 5000 Ada Generation,,,4,machine,N
Optimisation step #150,2026-02-21T19:54:37,energy-efficiency,09cce248-eba0-43d2-be60-1c9eec337903,0.08012476935982704,4.213490659893041e-08,5.309138849682943e-07,360.0,296.14029652912956,10.0,5.782752297818841e-06,4.758059361620326e-06,1.6051100877423439e-07,1.0701322668213442e-05,0.0,Canada,CAN,quebec,,,Linux-5.15.0-144-generic-x86_64-with-glibc2.35,3.14.2,3.1.0,4,AMD EPYC 9474F 48-Core Processor,1,1 x NVIDIA RTX 5000 Ada Generation,,,4,machine,N
Forward pass #151,2026-02-21T19:54:37,energy-efficiency,09cce248-eba0-43d2-be60-1c9eec337903,0.07892720028758049,4.7714578344895437e-08,6.087513667067421e-07,360.0,292.50168588563116,10.0,6.584545131772639e-06,5.3511153943475165e-06,1.82773809259134e-07,1.2118434335379492e-05,0.0,Canada,CAN,quebec,,,Linux-5.15.0-144-generic-x86_64-with-glibc2.35,3.14.2,3.1.0,4,AMD EPYC 9474F 48-Core Processor,1,1 x NVIDIA RTX 5000 Ada Generation,,,4,machine,N
Backward pass #151,2026-02-21T19:54:37,energy-efficiency,09cce248-eba0-43d2-be60-1c9eec337903,0.11626897752285004,6.767836209412598e-08,5.869907545758615e-07,360.0,161.3086194311405,10.0,1.1646260041743486e-05,5.2191708377336e-06,3.233574408416991e-07,1.718878832031919e-05,0.0,Canada,CAN,quebec,,,Linux-5.15.0-144-generic-x86_64-with-glibc2.35,3.14.2,3.1.0,4,AMD EPYC 9474F 48-Core Processor,1,1 x NVIDIA RTX 5000 Ada Generation,,,4,machine,N
Optimisation step #151,2026-02-21T19:54:37,energy-efficiency,09cce248-eba0-43d2-be60-1c9eec337903,0.07264576014131308,2.3312764454099004e-08,3.240104403402563e-07,360.0,0.0,10.0,5.761008057743235e-06,0.0,1.5991202607336592e-07,5.920920083816832e-06,0.0,Canada,CAN,quebec,,,Linux-5.15.0-144-generic-x86_64-with-glibc2.35,3.14.2,3.1.0,4,AMD EPYC 9474F 48-Core Processor,1,1 x NVIDIA RTX 5000 Ada Generation,,,4,machine,N
Forward pass #152,2026-02-21T19:54:37,energy-efficiency,09cce248-eba0-43d2-be60-1c9eec337903,0.06570843886584044,2.6596116004682166e-08,4.0791037721415587e-07,360.0,0.0,10.0,6.572379823774257e-06,0.0,1.8243802349185987e-07,6.7548178472659134e-06,0.0,Canada,CAN,quebec,,,Linux-5.15.0-144-generic-x86_64-with-glibc2.35,3.14.2,3.1.0,4,AMD EPYC 9474F 48-Core Processor,1,1 x NVIDIA RTX 5000 Ada Generation,,,4,machine,N
Backward pass #152,2026-02-21T19:54:37,energy-efficiency,09cce248-eba0-43d2-be60-1c9eec337903,0.11661817319691181,9.415603455344821e-08,8.116739063685301e-07,360.0,306.64376530043165,10.0,1.2722220178693587e-05,1.083806422741418e-05,3.532397534905269e-07,2.3913524159598076e-05,0.0,Canada,CAN,quebec,,,Linux-5.15.0-144-generic-x86_64-with-glibc2.35,3.14.2,3.1.0,4,AMD EPYC 9474F 48-Core Processor,1,1 x NVIDIA RTX 5000 Ada Generation,,,4,machine,N
Optimisation step #152,2026-02-21T19:54:37,energy-efficiency,09cce248-eba0-43d2-be60-1c9eec337903,0.07525267172604799,2.341494530427537e-08,3.132584509042526e-07,360.0,0.0,10.0,5.786262359470332e-06,0.0,1.606093719601576e-07,5.946871731429826e-06,0.0,Canada,CAN,quebec,,,Linux-5.15.0-144-generic-x86_64-with-glibc2.35,3.14.2,3.1.0,4,AMD EPYC 9474F 48-Core Processor,1,1 x NVIDIA RTX 5000 Ada Generation,,,4,machine,N
Forward pass #153,2026-02-21T19:54:37,energy-efficiency,09cce248-eba0-43d2-be60-1c9eec337903,0.06560626812279224,3.7590798444606897e-08,5.762285137850577e-07,360.0,158.70624399792825,10.0,6.500391848385332e-06,2.8663911777471185e-06,1.8043793582668305e-07,9.547220961959174e-06,0.0,Canada,CAN,quebec,,,Linux-5.15.0-144-generic-x86_64-with-glibc2.35,3.14.2,3.1.0,4,AMD EPYC 9474F 48-Core Processor,1,1 x NVIDIA RTX 5000 Ada Generation,,,4,machine,N
Backward pass #153,2026-02-21T19:54:37,energy-efficiency,09cce248-eba0-43d2-be60-1c9eec337903,0.11661143321543932,7.340387357972881e-08,6.341221482640294e-07,360.0,151.07093014005426,10.0,1.2879758700728473e-05,5.405559882376565e-06,3.576214321785533e-07,1.8642940015283632e-05,0.0,Canada,CAN,quebec,,,Linux-5.15.0-144-generic-x86_64-with-glibc2.35,3.14.2,3.1.0,4,AMD EPYC 9474F 48-Core Processor,1,1 x NVIDIA RTX 5000 Ada Generation,,,4,machine,N
Optimisation step #153,2026-02-21T19:54:37,energy-efficiency,09cce248-eba0-43d2-be60-1c9eec337903,0.07571711950004101,4.5441354963644294e-08,6.062197191013762e-07,360.0,353.5373343186262,10.0,5.7417097501458875e-06,5.640004513196573e-06,1.593722418571534e-07,1.1541086505200034e-05,0.0,Canada,CAN,quebec,,,Linux-5.15.0-144-generic-x86_64-with-glibc2.35,3.14.2,3.1.0,4,AMD EPYC 9474F 48-Core Processor,1,1 x NVIDIA RTX 5000 Ada Generation,,,4,machine,N
Forward pass #154,2026-02-21T19:54:37,energy-efficiency,09cce248-eba0-43d2-be60-1c9eec337903,0.06569835916161537,3.937717494707473e-08,6.034820564285573e-07,360.0,177.3817845348895,10.0,6.576962023973395e-06,3.241391482333711e-06,1.825670815176414e-07,1.000092058782518e-05,0.0,Canada,CAN,quebec,,,Linux-5.15.0-144-generic-x86_64-with-glibc2.35,3.14.2,3.1.0,4,AMD EPYC 9474F 48-Core Processor,1,1 x NVIDIA RTX 5000 Ada Generation,,,4,machine,N
Backward pass #154,2026-02-21T19:54:38,energy-efficiency,09cce248-eba0-43d2-be60-1c9eec337903,0.11671716347336769,7.290695532869167e-08,6.278237791394402e-07,360.0,149.3455172615435,10.0,1.2835069093853138e-05,5.325282035784085e-06,3.563827783283291e-07,1.851673390796532e-05,0.0,Canada,CAN,quebec,,,Linux-5.15.0-144-generic-x86_64-with-glibc2.35,3.14.2,3.1.0,4,AMD EPYC 9474F 48-Core Processor,1,1 x NVIDIA RTX 5000 Ada Generation,,,4,machine,N
Optimisation step #154,2026-02-21T19:54:38,energy-efficiency,09cce248-eba0-43d2-be60-1c9eec337903,0.07504080887883902,4.3972734629420344e-08,5.918949872599303e-07,360.0,322.36431223108093,10.0,5.806172732263949e-06,5.200837495777932e-06,1.610796019020969e-07,1.1168089829943599e-05,0.0,Canada,CAN,quebec,,,Linux-5.15.0-144-generic-x86_64-with-glibc2.35,3.14.2,3.1.0,4,AMD EPYC 9474F 48-Core Processor,1,1 x NVIDIA RTX 5000 Ada Generation,,,4,machine,N
Forward pass #155,2026-02-21T19:54:38,energy-efficiency,09cce248-eba0-43d2-be60-1c9eec337903,0.06617142725735903,4.351862592566873e-08,6.634471183531487e-07,360.0,231.69286274417075,10.0,6.6125336103139455e-06,4.256670070645896e-06,1.835527079593782e-07,1.105275638891949e-05,0.0,Canada,CAN,quebec,,,Linux-5.15.0-144-generic-x86_64-with-glibc2.35,3.14.2,3.1.0,4,AMD EPYC 9474F 48-Core Processor,1,1 x NVIDIA RTX 5000 Ada Generation,,,4,machine,N
Backward pass #155,2026-02-21T19:54:38,energy-efficiency,09cce248-eba0-43d2-be60-1c9eec337903,0.1168452175334096,7.128027954125468e-08,6.132389360593531e-07,360.0,138.42638232784853,10.0,1.2818231806158847e-05,4.929448387258617e-06,3.559144938157624e-07,1.8103594687232834e-05,0.0,Canada,CAN,quebec,,,Linux-5.15.0-144-generic-x86_64-with-glibc2.35,3.14.2,3.1.0,4,AMD EPYC 9474F 48-Core Processor,1,1 x NVIDIA RTX 5000 Ada Generation,,,4,machine,N
Optimisation step #155,2026-02-21T19:54:38,energy-efficiency,09cce248-eba0-43d2-be60-1c9eec337903,0.07579653989523649,4.168283539440358e-08,5.552147410165046e-07,360.0,289.3387104676632,10.0,5.779688339680421e-06,4.646392607554617e-06,1.6042575912756415e-07,1.0586506706362561e-05,0.0,Canada,CAN,quebec,,,Linux-5.15.0-144-generic-x86_64-with-glibc2.35,3.14.2,3.1.0,4,AMD EPYC 9474F 48-Core Processor,1,1 x NVIDIA RTX 5000 Ada Generation,,,4,machine,N
Forward pass #156,2026-02-21T19:54:38,energy-efficiency,09cce248-eba0-43d2-be60-1c9eec337903,0.07860078476369381,4.7779916079802555e-08,6.125413872246724e-07,360.0,295.3243144787401,10.0,6.5655488520862185e-06,5.387226529762756e-06,1.822532749631286e-07,1.213502865681209e-05,0.0,Canada,CAN,quebec,,,Linux-5.15.0-144-generic-x86_64-with-glibc2.35,3.14.2,3.1.0,4,AMD EPYC 9474F 48-Core Processor,1,1 x NVIDIA RTX 5000 Ada Generation,,,4,machine,N
Backward pass #156,2026-02-21T19:54:38,energy-efficiency,09cce248-eba0-43d2-be60-1c9eec337903,0.11617782525718212,6.78718626797537e-08,5.87391183827929e-07,360.0,163.0265712486863,10.0,1.164191197603956e-05,5.2727819941367216e-06,3.232391654617306e-07,1.723793313563801e-05,0.0,Canada,CAN,quebec,,,Linux-5.15.0-144-generic-x86_64-with-glibc2.35,3.14.2,3.1.0,4,AMD EPYC 9474F 48-Core Processor,1,1 x NVIDIA RTX 5000 Ada Generation,,,4,machine,N
Optimisation step #156,2026-02-21T19:54:38,energy-efficiency,09cce248-eba0-43d2-be60-1c9eec337903,0.07307998649775982,2.3384031856119757e-08,3.2225110509742647e-07,360.0,0.0,10.0,5.7786173187197e-06,0.0,1.6040308918389664e-07,5.9390204079027425e-06,0.0,Canada,CAN,quebec,,,Linux-5.15.0-144-generic-x86_64-with-glibc2.35,3.14.2,3.1.0,4,AMD EPYC 9474F 48-Core Processor,1,1 x NVIDIA RTX 5000 Ada Generation,,,4,machine,N
Forward pass #157,2026-02-21T19:54:38,energy-efficiency,09cce248-eba0-43d2-be60-1c9eec337903,0.06545182596892118,2.6297235755098843e-08,4.0327752100117875e-07,360.0,0.0,10.0,6.49851979687803e-06,0.0,1.8038916039383947e-07,6.678908957271842e-06,0.0,Canada,CAN,quebec,,,Linux-5.15.0-144-generic-x86_64-with-glibc2.35,3.14.2,3.1.0,4,AMD EPYC 9474F 48-Core Processor,1,1 x NVIDIA RTX 5000 Ada Generation,,,4,machine,N
Backward pass #157,2026-02-21T19:54:38,energy-efficiency,09cce248-eba0-43d2-be60-1c9eec337903,0.11694988701492548,9.530609783198557e-08,8.207973306890604e-07,360.0,308.54565837816284,10.0,1.284153908491124e-05,1.1007508806670785e-05,3.565665851864501e-07,2.420561447676918e-05,0.0,Canada,CAN,quebec,,,Linux-5.15.0-144-generic-x86_64-with-glibc2.35,3.14.2,3.1.0,4,AMD EPYC 9474F 48-Core Processor,1,1 x NVIDIA RTX 5000 Ada Generation,,,4,machine,N
Optimisation step #157,2026-02-21T19:54:39,energy-efficiency,09cce248-eba0-43d2-be60-1c9eec337903,0.0759162325412035,2.3327026028269562e-08,3.102979360776037e-07,360.0,0.0,10.0,5.764536093920674e-06,0.0,1.6000611034946175e-07,5.924542204269363e-06,0.0,Canada,CAN,quebec,,,Linux-5.15.0-144-generic-x86_64-with-glibc2.35,3.14.2,3.1.0,4,AMD EPYC 9474F 48-Core Processor,1,1 x NVIDIA RTX 5000 Ada Generation,,,4,machine,N
Forward pass #158,2026-02-21T19:54:39,energy-efficiency,09cce248-eba0-43d2-be60-1c9eec337903,0.06574865058064461,3.7839049204978973e-08,5.805180480514355e-07,360.0,153.90214698483558,10.0,6.603356357663855e-06,2.823613368008182e-06,1.8330136986655684e-07,9.610271095538553e-06,0.0,Canada,CAN,quebec,,,Linux-5.15.0-144-generic-x86_64-with-glibc2.35,3.14.2,3.1.0,4,AMD EPYC 9474F 48-Core Processor,1,1 x NVIDIA RTX 5000 Ada Generation,,,4,machine,N
Backward pass #158,2026-02-21T19:54:39,energy-efficiency,09cce248-eba0-43d2-be60-1c9eec337903,0.11675753444433212,7.252318882093288e-08,6.254749911058506e-07,360.0,150.87699555999666,10.0,1.2729964312166095e-05,5.335837602871152e-06,3.534638943771505e-07,1.841926580941483e-05,0.0,Canada,CAN,quebec,,,Linux-5.15.0-144-generic-x86_64-with-glibc2.35,3.14.2,3.1.0,4,AMD EPYC 9474F 48-Core Processor,1,1 x NVIDIA RTX 5000 Ada Generation,,,4,machine,N
Optimisation step #158,2026-02-21T19:54:39,energy-efficiency,09cce248-eba0-43d2-be60-1c9eec337903,0.07608160562813282,4.546088711136358e-08,6.0332510752726e-07,360.0,351.81460299289085,10.0,5.757885985076434e-06,5.6283378349064606e-06,1.5982341331739834e-07,1.1546047233300036e-05,0.0,Canada,CAN,quebec,,,Linux-5.15.0-144-generic-x86_64-with-glibc2.35,3.14.2,3.1.0,4,AMD EPYC 9474F 48-Core Processor,1,1 x NVIDIA RTX 5000 Ada Generation,,,4,machine,N
Forward pass #159,2026-02-21T19:54:39,energy-efficiency,09cce248-eba0-43d2-be60-1c9eec337903,0.06580578163266182,3.9330068753234217e-08,6.027444987217597e-07,360.0,175.25220504046743,10.0,6.594779342413044e-06,3.2111136825108133e-06,1.830636446053819e-07,9.988956669529023e-06,0.0,Canada,CAN,quebec,,,Linux-5.15.0-144-generic-x86_64-with-glibc2.35,3.14.2,3.1.0,4,AMD EPYC 9474F 48-Core Processor,1,1 x NVIDIA RTX 5000 Ada Generation,,,4,machine,N
Backward pass #159,2026-02-21T19:54:39,energy-efficiency,09cce248-eba0-43d2-be60-1c9eec337903,0.11675754562020302,7.254565429834148e-08,6.258402807633717e-07,360.0,149.8291032295105,10.0,1.2759567797184044e-05,5.3111153590634785e-06,3.5428838131741907e-07,1.842497153756433e-05,0.0,Canada,CAN,quebec,,,Linux-5.15.0-144-generic-x86_64-with-glibc2.35,3.14.2,3.1.0,4,AMD EPYC 9474F 48-Core Processor,1,1 x NVIDIA RTX 5000 Ada Generation,,,4,machine,N
Optimisation step #159,2026-02-21T19:54:39,energy-efficiency,09cce248-eba0-43d2-be60-1c9eec337903,0.07536512333899736,4.3708920674231727e-08,5.858454308172151e-07,360.0,327.206230526773,10.0,5.731446482241075e-06,5.2105597241336454e-06,1.5908078704443595e-07,1.1101086993418885e-05,0.0,Canada,CAN,quebec,,,Linux-5.15.0-144-generic-x86_64-with-glibc2.35,3.14.2,3.1.0,4,AMD EPYC 9474F 48-Core Processor,1,1 x NVIDIA RTX 5000 Ada Generation,,,4,machine,N
Forward pass #160,2026-02-21T19:54:39,energy-efficiency,09cce248-eba0-43d2-be60-1c9eec337903,0.06553050689399242,4.34457848268375e-08,6.660284760375383e-07,360.0,232.67212060919823,10.0,6.590749323368006e-06,4.26055896696198e-06,1.8294809075693674e-07,1.1034256381086543e-05,0.0,Canada,CAN,quebec,,,Linux-5.15.0-144-generic-x86_64-with-glibc2.35,3.14.2,3.1.0,4,AMD EPYC 9474F 48-Core Processor,1,1 x NVIDIA RTX 5000 Ada Generation,,,4,machine,N
Backward pass #160,2026-02-21T19:54:39,energy-efficiency,09cce248-eba0-43d2-be60-1c9eec337903,0.12616065610200167,7.101809181973257e-08,5.665316453610331e-07,360.0,145.3424562304289,10.0,1.2599656358361182e-05,5.087504067802229e-06,3.498444514763078e-07,1.8037004877639352e-05,0.0,Canada,CAN,quebec,,,Linux-5.15.0-144-generic-x86_64-with-glibc2.35,3.14.2,3.1.0,4,AMD EPYC 9474F 48-Core Processor,1,1 x NVIDIA RTX 5000 Ada Generation,,,4,machine,N
Optimisation step #160,2026-02-21T19:54:39,energy-efficiency,09cce248-eba0-43d2-be60-1c9eec337903,0.05876760836690664,4.499287204945738e-08,7.727312562373872e-07,360.0,206.05423250991888,10.0,7.140893116592932e-06,4.088058826567931e-06,1.9822994557519525e-07,1.1427181888736329e-05,0.0,Canada,CAN,quebec,,,Linux-5.15.0-144-generic-x86_64-with-glibc2.35,3.14.2,3.1.0,4,AMD EPYC 9474F 48-Core Processor,1,1 x NVIDIA RTX 5000 Ada Generation,,,4,machine,N
Forward pass #161,2026-02-21T19:54:39,energy-efficiency,09cce248-eba0-43d2-be60-1c9eec337903,0.06799881532788277,4.6640045491581504e-08,6.885593662618328e-07,360.0,227.22994261065753,10.0,7.139827031642579e-06,4.507503607698027e-06,1.9819641537550101e-07,1.1845527054715754e-05,0.0,Canada,CAN,quebec,,,Linux-5.15.0-144-generic-x86_64-with-glibc2.35,3.14.2,3.1.0,4,AMD EPYC 9474F 48-Core Processor,1,1 x NVIDIA RTX 5000 Ada Generation,,,4,machine,N
Backward pass #161,2026-02-21T19:54:40,energy-efficiency,09cce248-eba0-43d2-be60-1c9eec337903,0.11713788099586964,6.830610464456831e-08,5.87477781516168e-07,360.0,166.32403340432154,10.0,1.164435101673033e-05,5.38055985543906e-06,3.233099977175357e-07,1.734822086988698e-05,0.0,Canada,CAN,quebec,,,Linux-5.15.0-144-generic-x86_64-with-glibc2.35,3.14.2,3.1.0,4,AMD EPYC 9474F 48-Core Processor,1,1 x NVIDIA RTX 5000 Ada Generation,,,4,machine,N
Optimisation step #161,2026-02-21T19:54:40,energy-efficiency,09cce248-eba0-43d2-be60-1c9eec337903,0.058845048770308495,2.3357359008805404e-08,4.0195576109805477e-07,360.0,0.0,10.0,5.772029235959382e-06,0.0,1.6021686606109114e-07,5.932246102020866e-06,0.0,Canada,CAN,quebec,,,Linux-5.15.0-144-generic-x86_64-with-glibc2.35,3.14.2,3.1.0,4,AMD EPYC 9474F 48-Core Processor,1,1 x NVIDIA RTX 5000 Ada Generation,,,4,machine,N
Forward pass #162,2026-02-21T19:54:40,energy-efficiency,09cce248-eba0-43d2-be60-1c9eec337903,0.06916861515492201,2.746609765715897e-08,3.9914616828866655e-07,360.0,0.0,10.0,6.787367444485715e-06,0.0,1.884062593388925e-07,6.975773703824309e-06,0.0,Canada,CAN,quebec,,,Linux-5.15.0-144-generic-x86_64-with-glibc2.35,3.14.2,3.1.0,4,AMD EPYC 9474F 48-Core Processor,1,1 x NVIDIA RTX 5000 Ada Generation,,,4,machine,N
Backward pass #162,2026-02-21T19:54:40,energy-efficiency,09cce248-eba0-43d2-be60-1c9eec337903,0.11838037054985762,7.076572084210446e-08,6.012403187878935e-07,360.0,183.74687107337232,10.0,1.1684050597250868e-05,5.9644492189647735e-06,3.244084849332758e-07,1.797290830114935e-05,0.0,Canada,CAN,quebec,,,Linux-5.15.0-144-generic-x86_64-with-glibc2.35,3.14.2,3.1.0,4,AMD EPYC 9474F 48-Core Processor,1,1 x NVIDIA RTX 5000 Ada Generation,,,4,machine,N
Optimisation step #162,2026-02-21T19:54:40,energy-efficiency,09cce248-eba0-43d2-be60-1c9eec337903,0.058690767735242844,4.5848653578211624e-08,7.876662965371017e-07,360.0,360.01085489716263,10.0,5.74181675910921e-06,5.743337926134018e-06,1.593765466370475e-07,1.1644531231880424e-05,0.0,Canada,CAN,quebec,,,Linux-5.15.0-144-generic-x86_64-with-glibc2.35,3.14.2,3.1.0,4,AMD EPYC 9474F 48-Core Processor,1,1 x NVIDIA RTX 5000 Ada Generation,,,4,machine,N
Forward pass #163,2026-02-21T19:54:40,energy-efficiency,09cce248-eba0-43d2-be60-1c9eec337903,0.06579631101340055,4.389413088369529e-08,6.72217496291843e-07,360.0,247.26953888489422,10.0,6.5012727864088155e-06,4.466392461210944e-06,1.8046099123441791e-07,1.1148126238854326e-05,0.0,Canada,CAN,quebec,,,Linux-5.15.0-144-generic-x86_64-with-glibc2.35,3.14.2,3.1.0,4,AMD EPYC 9474F 48-Core Processor,1,1 x NVIDIA RTX 5000 Ada Generation,,,4,machine,N
Backward pass #163,2026-02-21T19:54:40,energy-efficiency,09cce248-eba0-43d2-be60-1c9eec337903,0.11861173436045647,6.688130141459296e-08,5.681881882938912e-07,360.0,153.32611412723423,10.0,1.1684701591730545e-05,4.977226204516683e-06,3.244249615818261e-07,1.6986352757829108e-05,0.0,Canada,CAN,quebec,,,Linux-5.15.0-144-generic-x86_64-with-glibc2.35,3.14.2,3.1.0,4,AMD EPYC 9474F 48-Core Processor,1,1 x NVIDIA RTX 5000 Ada Generation,,,4,machine,N
Optimisation step #163,2026-02-21T19:54:40,energy-efficiency,09cce248-eba0-43d2-be60-1c9eec337903,0.06033184379339218,3.711071937685645e-08,6.221784564106541e-07,360.0,219.32946267519387,10.0,5.757148936390462e-06,3.508336142488133e-06,1.5980655120478068e-07,9.425291630083335e-06,0.0,Canada,CAN,quebec,,,Linux-5.15.0-144-generic-x86_64-with-glibc2.35,3.14.2,3.1.0,4,AMD EPYC 9474F 48-Core Processor,1,1 x NVIDIA RTX 5000 Ada Generation,,,4,machine,N
Forward pass #164,2026-02-21T19:54:40,energy-efficiency,09cce248-eba0-43d2-be60-1c9eec337903,0.06939070764929056,2.7835319811928385e-08,4.043759577729891e-07,360.0,0.0,10.0,6.8786078132685585e-06,0.0,1.9094004916647592e-07,7.069547862435278e-06,0.0,Canada,CAN,quebec,,,Linux-5.15.0-144-generic-x86_64-with-glibc2.35,3.14.2,3.1.0,4,AMD EPYC 9474F 48-Core Processor,1,1 x NVIDIA RTX 5000 Ada Generation,,,4,machine,N
Backward pass #164,2026-02-21T19:54:40,energy-efficiency,09cce248-eba0-43d2-be60-1c9eec337903,0.12064564693719149,9.398930511157703e-08,7.831266262049436e-07,360.0,366.5684665368959,10.0,1.1666415352374476e-05,1.188084283754165e-05,3.2392042533805536e-07,2.3871178615254493e-05,0.0,Canada,CAN,quebec,,,Linux-5.15.0-144-generic-x86_64-with-glibc2.35,3.14.2,3.1.0,4,AMD EPYC 9474F 48-Core Processor,1,1 x NVIDIA RTX 5000 Ada Generation,,,4,machine,N
Optimisation step #164,2026-02-21T19:54:40,energy-efficiency,09cce248-eba0-43d2-be60-1c9eec337903,0.06745359674096107,2.3515939672810314e-08,3.520774202603997e-07,360.0,0.0,10.0,5.811218824237907e-06,0.0,1.6130321503927264e-07,5.97252203927718e-06,0.0,Canada,CAN,quebec,,,Linux-5.15.0-144-generic-x86_64-with-glibc2.35,3.14.2,3.1.0,4,AMD EPYC 9474F 48-Core Processor,1,1 x NVIDIA RTX 5000 Ada Generation,,,4,machine,N
Forward pass #165,2026-02-21T19:54:40,energy-efficiency,09cce248-eba0-43d2-be60-1c9eec337903,0.06971816346049309,3.7299324050385046e-08,5.39264386385331e-07,360.0,121.35096502400809,10.0,6.94052996113876e-06,2.3400018704933245e-06,1.926611617414451e-07,9.473192993373312e-06,0.0,Canada,CAN,quebec,,,Linux-5.15.0-144-generic-x86_64-with-glibc2.35,3.14.2,3.1.0,4,AMD EPYC 9474F 48-Core Processor,1,1 x NVIDIA RTX 5000 Ada Generation,,,4,machine,N
Backward pass #165,2026-02-21T19:54:41,energy-efficiency,09cce248-eba0-43d2-be60-1c9eec337903,0.12067531701177359,7.183820947391652e-08,5.9844464958586e-07,360.0,177.80254531229724,10.0,1.1989889480173987e-05,5.92250473729905e-06,3.3290217785786097e-07,1.824529639533109e-05,0.0,Canada,CAN,quebec,,,Linux-5.15.0-144-generic-x86_64-with-glibc2.35,3.14.2,3.1.0,4,AMD EPYC 9474F 48-Core Processor,1,1 x NVIDIA RTX 5000 Ada Generation,,,4,machine,N
Optimisation step #165,2026-02-21T19:54:41,energy-efficiency,09cce248-eba0-43d2-be60-1c9eec337903,0.06770793162286282,4.44047979781963e-08,6.630006242207838e-07,360.0,333.6814507792623,10.0,5.769072100520085e-06,5.348615392364309e-06,1.60136751623614e-07,1.1277824244508225e-05,0.0,Canada,CAN,quebec,,,Linux-5.15.0-144-generic-x86_64-with-glibc2.35,3.14.2,3.1.0,4,AMD EPYC 9474F 48-Core Processor,1,1 x NVIDIA RTX 5000 Ada Generation,,,4,machine,N
Forward pass #166,2026-02-21T19:54:41,energy-efficiency,09cce248-eba0-43d2-be60-1c9eec337903,0.06977071426808834,3.889718732584153e-08,5.616277945090595e-07,360.0,145.36360360911758,10.0,6.900520250201214e-06,2.7869466698859924e-06,1.9154756122993115e-07,9.879014481317151e-06,0.0,Canada,CAN,quebec,,,Linux-5.15.0-144-generic-x86_64-with-glibc2.35,3.14.2,3.1.0,4,AMD EPYC 9474F 48-Core Processor,1,1 x NVIDIA RTX 5000 Ada Generation,,,4,machine,N
Backward pass #166,2026-02-21T19:54:41,energy-efficiency,09cce248-eba0-43d2-be60-1c9eec337903,0.12075376883149147,7.02728205588597e-08,5.85226158215997e-07,360.0,165.63949490124136,10.0,1.1994950566441079e-05,5.519726641978195e-06,3.33045459248953e-07,1.7847722667668417e-05,0.0,Canada,CAN,quebec,,,Linux-5.15.0-144-generic-x86_64-with-glibc2.35,3.14.2,3.1.0,4,AMD EPYC 9474F 48-Core Processor,1,1 x NVIDIA RTX 5000 Ada Generation,,,4,machine,N
Optimisation step #166,2026-02-21T19:54:41,energy-efficiency,09cce248-eba0-43d2-be60-1c9eec337903,0.06796435452997684,4.358541329873181e-08,6.483083000462001e-07,360.0,320.28553024563104,10.0,5.772546213120115e-06,5.136948555417575e-06,1.6022411744213245e-07,1.1069718885980094e-05,0.0,Canada,CAN,quebec,,,Linux-5.15.0-144-generic-x86_64-with-glibc2.35,3.14.2,3.1.0,4,AMD EPYC 9474F 48-Core Processor,1,1 x NVIDIA RTX 5000 Ada Generation,,,4,machine,N
Forward pass #167,2026-02-21T19:54:41,energy-efficiency,09cce248-eba0-43d2-be60-1c9eec337903,0.06919082626700401,3.975197198721221e-08,5.791452445898667e-07,360.0,157.9132447749048,10.0,6.884460896253858e-06,3.0205579690800732e-06,1.9109177713592495e-07,1.0096110642470249e-05,0.0,Canada,CAN,quebec,,,Linux-5.15.0-144-generic-x86_64-with-glibc2.35,3.14.2,3.1.0,4,AMD EPYC 9474F 48-Core Processor,1,1 x NVIDIA RTX 5000 Ada Generation,,,4,machine,N
Backward pass #167,2026-02-21T19:54:41,energy-efficiency,09cce248-eba0-43d2-be60-1c9eec337903,0.1189576406031847,6.962236446628694e-08,5.896187168111629e-07,360.0,172.85959509131519,10.0,1.1725839320570267e-05,5.631115616466786e-06,3.25566450030444e-07,1.7682521387067836e-05,0.0,Canada,CAN,quebec,,,Linux-5.15.0-144-generic-x86_64-with-glibc2.35,3.14.2,3.1.0,4,AMD EPYC 9474F 48-Core Processor,1,1 x NVIDIA RTX 5000 Ada Generation,,,4,machine,N
Optimisation step #167,2026-02-21T19:54:41,energy-efficiency,09cce248-eba0-43d2-be60-1c9eec337903,0.06959972251206636,4.149856753034759e-08,6.022466919011329e-07,360.0,282.05779025825,10.0,5.818475876003849e-06,4.559725866215558e-06,1.6150505333724667e-07,1.0539706795556492e-05,0.0,Canada,CAN,quebec,,,Linux-5.15.0-144-generic-x86_64-with-glibc2.35,3.14.2,3.1.0,4,AMD EPYC 9474F 48-Core Processor,1,1 x NVIDIA RTX 5000 Ada Generation,,,4,machine,N
Forward pass #168,2026-02-21T19:54:41,energy-efficiency,09cce248-eba0-43d2-be60-1c9eec337903,0.07021356094628572,4.5414441090848304e-08,6.518508091502754e-07,360.0,233.4508500221222,10.0,6.880479026585666e-06,4.462781348024691e-06,1.9099060963424861e-07,1.1534250984244349e-05,0.0,Canada,CAN,quebec,,,Linux-5.15.0-144-generic-x86_64-with-glibc2.35,3.14.2,3.1.0,4,AMD EPYC 9474F 48-Core Processor,1,1 x NVIDIA RTX 5000 Ada Generation,,,4,machine,N
Backward pass #168,2026-02-21T19:54:41,energy-efficiency,09cce248-eba0-43d2-be60-1c9eec337903,0.12067711818963289,6.876828304424934e-08,5.730431587552035e-07,360.0,152.11048862822975,10.0,1.2042349390685957e-05,5.088892962135105e-06,3.343614801350507e-07,1.746560383295622e-05,0.0,Canada,CAN,quebec,,,Linux-5.15.0-144-generic-x86_64-with-glibc2.35,3.14.2,3.1.0,4,AMD EPYC 9474F 48-Core Processor,1,1 x NVIDIA RTX 5000 Ada Generation,,,4,machine,N
Optimisation step #168,2026-02-21T19:54:42,energy-efficiency,09cce248-eba0-43d2-be60-1c9eec337903,0.06845330353826284,2.3348290209339003e-08,3.4473467103657694e-07,360.0,0.0,10.0,5.769792106002404e-06,0.0,1.601507240492475e-07,5.929942830051882e-06,0.0,Canada,CAN,quebec,,,Linux-5.15.0-144-generic-x86_64-with-glibc2.35,3.14.2,3.1.0,4,AMD EPYC 9474F 48-Core Processor,1,1 x NVIDIA RTX 5000 Ada Generation,,,4,machine,N
Forward pass #169,2026-02-21T19:54:42,energy-efficiency,09cce248-eba0-43d2-be60-1c9eec337903,0.0697044339030981,2.7857348174698058e-08,4.0271498913883344e-07,360.0,0.0,10.0,6.884051021188546e-06,0.0,1.910915520663011e-07,7.0751425732549014e-06,0.0,Canada,CAN,quebec,,,Linux-5.15.0-144-generic-x86_64-with-glibc2.35,3.14.2,3.1.0,4,AMD EPYC 9474F 48-Core Processor,1,1 x NVIDIA RTX 5000 Ada Generation,,,4,machine,N
Backward pass #169,2026-02-21T19:54:42,energy-efficiency,09cce248-eba0-43d2-be60-1c9eec337903,0.1205622861161828,9.053067391363008e-08,7.550951040214212e-07,360.0,321.4776668629301,10.0,1.1969853192567506e-05,1.0690564106852207e-05,3.3234644732956084e-07,2.299276374674933e-05,0.0,Canada,CAN,quebec,,,Linux-5.15.0-144-generic-x86_64-with-glibc2.35,3.14.2,3.1.0,4,AMD EPYC 9474F 48-Core Processor,1,1 x NVIDIA RTX 5000 Ada Generation,,,4,machine,N
Optimisation step #169,2026-02-21T19:54:42,energy-efficiency,09cce248-eba0-43d2-be60-1c9eec337903,0.058133868500590324,2.3259636392795397e-08,4.0284990794764846e-07,360.0,0.0,10.0,5.747882835567195e-06,0.0,1.595439104777293e-07,5.907426746045059e-06,0.0,Canada,CAN,quebec,,,Linux-5.15.0-144-generic-x86_64-with-glibc2.35,3.14.2,3.1.0,4,AMD EPYC 9474F 48-Core Processor,1,1 x NVIDIA RTX 5000 Ada Generation,,,4,machine,N
Forward pass #170,2026-02-21T19:54:42,energy-efficiency,09cce248-eba0-43d2-be60-1c9eec337903,0.07220412325114012,4.0314348411263525e-08,5.623770215601355e-07,360.0,174.52724435942457,10.0,6.768822949379527e-06,3.2822248492436756e-06,1.8789386118037567e-07,1.0238941659803172e-05,0.0,Canada,CAN,quebec,,,Linux-5.15.0-144-generic-x86_64-with-glibc2.35,3.14.2,3.1.0,4,AMD EPYC 9474F 48-Core Processor,1,1 x NVIDIA RTX 5000 Ada Generation,,,4,machine,N
Backward pass #170,2026-02-21T19:54:42,energy-efficiency,09cce248-eba0-43d2-be60-1c9eec337903,0.11796729359775782,6.978349578844252e-08,5.958865166596823e-07,360.0,176.75837464705978,10.0,1.1669169459492187e-05,5.7302823606164566e-06,3.2399331426454436e-07,1.772344513437281e-05,0.0,Canada,CAN,quebec,,,Linux-5.15.0-144-generic-x86_64-with-glibc2.35,3.14.2,3.1.0,4,AMD EPYC 9474F 48-Core Processor,1,1 x NVIDIA RTX 5000 Ada Generation,,,4,machine,N
Optimisation step #170,2026-02-21T19:54:42,energy-efficiency,09cce248-eba0-43d2-be60-1c9eec337903,0.05864995811134577,4.454791630835464e-08,7.640522630565431e-07,360.0,329.56556699220477,10.0,5.82174807786922e-06,5.330837598904736e-06,1.615874184709488e-07,1.131417309524485e-05,0.0,Canada,CAN,quebec,,,Linux-5.15.0-144-generic-x86_64-with-glibc2.35,3.14.2,3.1.0,4,AMD EPYC 9474F 48-Core Processor,1,1 x NVIDIA RTX 5000 Ada Generation,,,4,machine,N
Forward pass #171,2026-02-21T19:54:42,energy-efficiency,09cce248-eba0-43d2-be60-1c9eec337903,0.06804056651890278,4.8945685408857817e-08,7.226711219810715e-07,360.0,292.2865321289069,10.0,6.756604742258997e-06,5.486948833066663e-06,1.875543837538999e-07,1.2431107959079424e-05,0.0,Canada,CAN,quebec,,,Linux-5.15.0-144-generic-x86_64-with-glibc2.35,3.14.2,3.1.0,4,AMD EPYC 9474F 48-Core Processor,1,1 x NVIDIA RTX 5000 Ada Generation,,,4,machine,N
Backward pass #171,2026-02-21T19:54:42,energy-efficiency,09cce248-eba0-43d2-be60-1c9eec337903,0.1200071070343256,7.088873423497248e-08,5.937677313676128e-07,360.0,166.34534567743125,10.0,1.208417806774359e-05,5.584448910411766e-06,3.3552396990772077e-07,1.800415094806336e-05,0.0,Canada,CAN,quebec,,,Linux-5.15.0-144-generic-x86_64-with-glibc2.35,3.14.2,3.1.0,4,AMD EPYC 9474F 48-Core Processor,1,1 x NVIDIA RTX 5000 Ada Generation,,,4,machine,N
Optimisation step #171,2026-02-21T19:54:42,energy-efficiency,09cce248-eba0-43d2-be60-1c9eec337903,0.05895466171205044,2.368834567664449e-08,4.0535441518943065e-07,360.0,0.0,10.0,5.853928625583656e-06,0.0,1.623806776478951e-07,6.016309303231646e-06,0.0,Canada,CAN,quebec,,,Linux-5.15.0-144-generic-x86_64-with-glibc2.35,3.14.2,3.1.0,4,AMD EPYC 9474F 48-Core Processor,1,1 x NVIDIA RTX 5000 Ada Generation,,,4,machine,N
Forward pass #172,2026-02-21T19:54:42,energy-efficiency,09cce248-eba0-43d2-be60-1c9eec337903,0.0733791021630168,4.170703909348679e-08,5.733438482521683e-07,360.0,194.27316331254582,10.0,6.757573038339466e-06,3.6475029219218413e-06,1.8757794362803072e-07,1.059265390388961e-05,0.0,Canada,CAN,quebec,,,Linux-5.15.0-144-generic-x86_64-with-glibc2.35,3.14.2,3.1.0,4,AMD EPYC 9474F 48-Core Processor,1,1 x NVIDIA RTX 5000 Ada Generation,,,4,machine,N
Backward pass #172,2026-02-21T19:54:43,energy-efficiency,09cce248-eba0-43d2-be60-1c9eec337903,0.11836117133498192,7.070799472785457e-08,6.019709128118764e-07,360.0,184.44710407877187,10.0,1.1659783218056184e-05,5.974726995816582e-06,3.2373694702982514e-07,1.7958247160902198e-05,0.0,Canada,CAN,quebec,,,Linux-5.15.0-144-generic-x86_64-with-glibc2.35,3.14.2,3.1.0,4,AMD EPYC 9474F 48-Core Processor,1,1 x NVIDIA RTX 5000 Ada Generation,,,4,machine,N
Optimisation step #172,2026-02-21T19:54:43,energy-efficiency,09cce248-eba0-43d2-be60-1c9eec337903,0.05911593418568373,4.695894562333004e-08,8.043910720840869e-07,360.0,365.2909952815799,10.0,5.838618241250926e-06,5.925838078013612e-06,1.6206422717207267e-07,1.1926520546436462e-05,0.0,Canada,CAN,quebec,,,Linux-5.15.0-144-generic-x86_64-with-glibc2.35,3.14.2,3.1.0,4,AMD EPYC 9474F 48-Core Processor,1,1 x NVIDIA RTX 5000 Ada Generation,,,4,machine,N
Forward pass #173,2026-02-21T19:54:43,energy-efficiency,09cce248-eba0-43d2-be60-1c9eec337903,0.07328812126070261,4.5932072931203604e-08,6.324766429819788e-07,360.0,251.8235548158444,10.0,6.753253936767414e-06,4.7250037802371025e-06,1.8746016236642605e-07,1.1665717879370645e-05,0.0,Canada,CAN,quebec,,,Linux-5.15.0-144-generic-x86_64-with-glibc2.35,3.14.2,3.1.0,4,AMD EPYC 9474F 48-Core Processor,1,1 x NVIDIA RTX 5000 Ada Generation,,,4,machine,N
Backward pass #173,2026-02-21T19:54:43,energy-efficiency,09cce248-eba0-43d2-be60-1c9eec337903,0.11854110471904278,6.911199383649214e-08,5.875761144013932e-07,360.0,171.32155264892023,10.0,1.167295547202258e-05,5.555837777393435e-06,3.2410542739347845e-07,1.7552898676809724e-05,0.0,Canada,CAN,quebec,,,Linux-5.15.0-144-generic-x86_64-with-glibc2.35,3.14.2,3.1.0,4,AMD EPYC 9474F 48-Core Processor,1,1 x NVIDIA RTX 5000 Ada Generation,,,4,machine,N
Optimisation step #173,2026-02-21T19:54:43,energy-efficiency,09cce248-eba0-43d2-be60-1c9eec337903,0.05893043242394924,4.234599377817412e-08,7.248285507506529e-07,360.0,290.62383219199364,10.0,5.860318616032756e-06,4.731948230585203e-06,1.6266723784307793e-07,1.0754934084460793e-05,0.0,Canada,CAN,quebec,,,Linux-5.15.0-144-generic-x86_64-with-glibc2.35,3.14.2,3.1.0,4,AMD EPYC 9474F 48-Core Processor,1,1 x NVIDIA RTX 5000 Ada Generation,,,4,machine,N
Forward pass #174,2026-02-21T19:54:43,energy-efficiency,09cce248-eba0-43d2-be60-1c9eec337903,0.07318302895873785,2.7370792405065423e-08,3.7593202916481843e-07,360.0,0.0,10.0,6.763809081166555e-06,0.0,1.877592229801694e-07,6.95156830414663e-06,0.0,Canada,CAN,quebec,,,Linux-5.15.0-144-generic-x86_64-with-glibc2.35,3.14.2,3.1.0,4,AMD EPYC 9474F 48-Core Processor,1,1 x NVIDIA RTX 5000 Ada Generation,,,4,machine,N
Backward pass #174,2026-02-21T19:54:43,energy-efficiency,09cce248-eba0-43d2-be60-1c9eec337903,0.11838416941463947,9.360218748293058e-08,7.952790363119309e-07,360.0,363.0059948373106,10.0,1.1674804426729801e-05,1.1773898304312524e-05,3.2415667600515607e-07,2.3772859407047292e-05,0.0,Canada,CAN,quebec,,,Linux-5.15.0-144-generic-x86_64-with-glibc2.35,3.14.2,3.1.0,4,AMD EPYC 9474F 48-Core Processor,1,1 x NVIDIA RTX 5000 Ada Generation,,,4,machine,N
Optimisation step #174,2026-02-21T19:54:43,energy-efficiency,09cce248-eba0-43d2-be60-1c9eec337903,0.059501430951058865,2.3880420545800517e-08,4.0404947429073545e-07,360.0,0.0,10.0,5.901297181845101e-06,0.0,1.637948366502921e-07,6.0650920184956644e-06,0.0,Canada,CAN,quebec,,,Linux-5.15.0-144-generic-x86_64-with-glibc2.35,3.14.2,3.1.0,4,AMD EPYC 9474F 48-Core Processor,1,1 x NVIDIA RTX 5000 Ada Generation,,,4,machine,N
Forward pass #175,2026-02-21T19:54:43,energy-efficiency,09cce248-eba0-43d2-be60-1c9eec337903,0.06802785582840443,4.070557855732142e-08,6.01690680662316e-07,360.0,181.91001976134393,10.0,6.743085663766038e-06,3.408058287135418e-06,1.8716140443252028e-07,1.0338305355334261e-05,0.0,Canada,CAN,quebec,,,Linux-5.15.0-144-generic-x86_64-with-glibc2.35,3.14.2,3.1.0,4,AMD EPYC 9474F 48-Core Processor,1,1 x NVIDIA RTX 5000 Ada Generation,,,4,machine,N
Backward pass #175,2026-02-21T19:54:43,energy-efficiency,09cce248-eba0-43d2-be60-1c9eec337903,0.12038431223481894,6.68881744097266e-08,5.594030456613749e-07,360.0,137.64288154516143,10.0,1.2046933267265483e-05,4.606670348294983e-06,3.3449472911241374e-07,1.6988098344672582e-05,0.0,Canada,CAN,quebec,,,Linux-5.15.0-144-generic-x86_64-with-glibc2.35,3.14.2,3.1.0,4,AMD EPYC 9474F 48-Core Processor,1,1 x NVIDIA RTX 5000 Ada Generation,,,4,machine,N
Optimisation step #175,2026-02-21T19:54:43,energy-efficiency,09cce248-eba0-43d2-be60-1c9eec337903,0.05933927744626999,4.4263279931291586e-08,7.540597028817171e-07,360.0,320.65513220607374,10.0,5.859240610152881e-06,5.220004180017668e-06,1.6263703970859826e-07,1.1241881829879459e-05,0.0,Canada,CAN,quebec,,,Linux-5.15.0-144-generic-x86_64-with-glibc2.35,3.14.2,3.1.0,4,AMD EPYC 9474F 48-Core Processor,1,1 x NVIDIA RTX 5000 Ada Generation,,,4,machine,N
Forward pass #176,2026-02-21T19:54:43,energy-efficiency,09cce248-eba0-43d2-be60-1c9eec337903,0.06812885776162148,4.8860276246676294e-08,7.21138779198018e-07,360.0,290.73375556690627,10.0,6.760635133832432e-06,5.4611154780559445e-06,1.8766533272961464e-07,1.2409415944617842e-05,0.0,Canada,CAN,quebec,,,Linux-5.15.0-144-generic-x86_64-with-glibc2.35,3.14.2,3.1.0,4,AMD EPYC 9474F 48-Core Processor,1,1 x NVIDIA RTX 5000 Ada Generation,,,4,machine,N
Backward pass #176,2026-02-21T19:54:44,energy-efficiency,09cce248-eba0-43d2-be60-1c9eec337903,0.12011269945651293,7.065331762787924e-08,5.911533991513942e-07,360.0,166.4248046090474,10.0,1.2042217329144567e-05,5.567782231707952e-06,3.343608411442915e-07,1.794436040199708e-05,0.0,Canada,CAN,quebec,,,Linux-5.15.0-144-generic-x86_64-with-glibc2.35,3.14.2,3.1.0,4,AMD EPYC 9474F 48-Core Processor,1,1 x NVIDIA RTX 5000 Ada Generation,,,4,machine,N
Optimisation step #176,2026-02-21T19:54:44,energy-efficiency,09cce248-eba0-43d2-be60-1c9eec337903,0.059372647665441036,2.3782714431052807e-08,4.051389709966318e-07,360.0,0.0,10.0,5.877140723168847e-06,0.0,1.6313613030232105e-07,6.040276853471263e-06,0.0,Canada,CAN,quebec,,,Linux-5.15.0-144-generic-x86_64-with-glibc2.35,3.14.2,3.1.0,4,AMD EPYC 9474F 48-Core Processor,1,1 x NVIDIA RTX 5000 Ada Generation,,,4,machine,N
Forward pass #177,2026-02-21T19:54:44,energy-efficiency,09cce248-eba0-43d2-be60-1c9eec337903,0.068130599334836,4.1735552424316245e-08,6.159022546886576e-07,360.0,195.11105925667792,10.0,6.75218589603864e-06,3.660280704309571e-06,1.874290510184176e-07,1.0599895651366466e-05,0.0,Canada,CAN,quebec,,,Linux-5.15.0-144-generic-x86_64-with-glibc2.35,3.14.2,3.1.0,4,AMD EPYC 9474F 48-Core Processor,1,1 x NVIDIA RTX 5000 Ada Generation,,,4,machine,N
Backward pass #177,2026-02-21T19:54:44,energy-efficiency,09cce248-eba0-43d2-be60-1c9eec337903,0.11984703317284584,6.783179595555041e-08,5.701214463366289e-07,360.0,146.7183580090397,10.0,1.2002278678119316e-05,4.8922261370876186e-06,3.332522697746754e-07,1.722775708498138e-05,0.0,Canada,CAN,quebec,,,Linux-5.15.0-144-generic-x86_64-with-glibc2.35,3.14.2,3.1.0,4,AMD EPYC 9474F 48-Core Processor,1,1 x NVIDIA RTX 5000 Ada Generation,,,4,machine,N
Optimisation step #177,2026-02-21T19:54:44,energy-efficiency,09cce248-eba0-43d2-be60-1c9eec337903,0.05935068801045418,4.674953527659408e-08,7.965137868469647e-07,360.0,372.7489609964026,10.0,5.7541598565873445e-06,5.959449211445644e-06,1.5972594006193844e-07,1.1873335008094968e-05,0.0,Canada,CAN,quebec,,,Linux-5.15.0-144-generic-x86_64-with-glibc2.35,3.14.2,3.1.0,4,AMD EPYC 9474F 48-Core Processor,1,1 x NVIDIA RTX 5000 Ada Generation,,,4,machine,N
Forward pass #178,2026-02-21T19:54:44,energy-efficiency,09cce248-eba0-43d2-be60-1c9eec337903,0.06830818112939596,4.618275489226323e-08,6.815351929955985e-07,360.0,255.2116958387765,10.0,6.753309909254476e-06,4.7886149410203416e-06,1.8746063320173798e-07,1.1729385483476122e-05,0.0,Canada,CAN,quebec,,,Linux-5.15.0-144-generic-x86_64-with-glibc2.35,3.14.2,3.1.0,4,AMD EPYC 9474F 48-Core Processor,1,1 x NVIDIA RTX 5000 Ada Generation,,,4,machine,N
Backward pass #178,2026-02-21T19:54:44,energy-efficiency,09cce248-eba0-43d2-be60-1c9eec337903,0.1202733013778925,6.643036832021398e-08,5.559713367034725e-07,360.0,135.76489729329063,10.0,1.2008926924317667e-05,4.529448069945374e-06,3.334508562046634e-07,1.6871825850467773e-05,0.0,Canada,CAN,quebec,,,Linux-5.15.0-144-generic-x86_64-with-glibc2.35,3.14.2,3.1.0,4,AMD EPYC 9474F 48-Core Processor,1,1 x NVIDIA RTX 5000 Ada Generation,,,4,machine,N
Optimisation step #178,2026-02-21T19:54:44,energy-efficiency,09cce248-eba0-43d2-be60-1c9eec337903,0.05998247675597668,4.1944059265639085e-08,7.064459166341446e-07,360.0,294.0689286225346,10.0,5.774507299065659e-06,4.718059329889002e-06,1.6028509061369897e-07,1.0652851719568021e-05,0.0,Canada,CAN,quebec,,,Linux-5.15.0-144-generic-x86_64-with-glibc2.35,3.14.2,3.1.0,4,AMD EPYC 9474F 48-Core Processor,1,1 x NVIDIA RTX 5000 Ada Generation,,,4,machine,N
Forward pass #179,2026-02-21T19:54:44,energy-efficiency,09cce248-eba0-43d2-be60-1c9eec337903,0.06831817049533129,2.732899088287775e-08,4.034130379727661e-07,360.0,0.0,10.0,6.7534838803116545e-06,0.0,1.8746777334146798e-07,6.9409516536530005e-06,0.0,Canada,CAN,quebec,,,Linux-5.15.0-144-generic-x86_64-with-glibc2.35,3.14.2,3.1.0,4,AMD EPYC 9474F 48-Core Processor,1,1 x NVIDIA RTX 5000 Ada Generation,,,4,machine,N
Backward pass #179,2026-02-21T19:54:44,energy-efficiency,09cce248-eba0-43d2-be60-1c9eec337903,0.12060775607824326,9.053612854613042e-08,7.56006705132331e-07,360.0,319.1431988155224,10.0,1.2011201865971127e-05,1.0649452963917838e-05,3.3349427135867646e-07,2.299414910124798e-05,0.0,Canada,CAN,quebec,,,Linux-5.15.0-144-generic-x86_64-with-glibc2.35,3.14.2,3.1.0,4,AMD EPYC 9474F 48-Core Processor,1,1 x NVIDIA RTX 5000 Ada Generation,,,4,machine,N
Optimisation step #179,2026-02-21T19:54:44,energy-efficiency,09cce248-eba0-43d2-be60-1c9eec337903,0.058746179565787315,2.3261414271600537e-08,4.000356873860888e-07,360.0,0.0,10.0,5.7483227923508726e-06,0.0,1.5955549509575977e-07,5.907878287446551e-06,0.0,Canada,CAN,quebec,,,Linux-5.15.0-144-generic-x86_64-with-glibc2.35,3.14.2,3.1.0,4,AMD EPYC 9474F 48-Core Processor,1,1 x NVIDIA RTX 5000 Ada Generation,,,4,machine,N
Forward pass #180,2026-02-21T19:54:44,energy-efficiency,09cce248-eba0-43d2-be60-1c9eec337903,0.06829790119081736,4.081357750657918e-08,6.026335881888562e-07,360.0,182.85008956061927,10.0,6.7494828253980566e-06,3.4288916310742934e-06,1.873602133451173e-07,1.0365734669817196e-05,0.0,Canada,CAN,quebec,,,Linux-5.15.0-144-generic-x86_64-with-glibc2.35,3.14.2,3.1.0,4,AMD EPYC 9474F 48-Core Processor,1,1 x NVIDIA RTX 5000 Ada Generation,,,4,machine,N
Backward pass #180,2026-02-21T19:54:45,energy-efficiency,09cce248-eba0-43d2-be60-1c9eec337903,0.12093368172645569,6.710834476762059e-08,5.591975413139174e-07,360.0,139.95212685785674,10.0,1.2031883187591658e-05,4.678059301710391e-06,3.3407419557787764e-07,1.7044016684879953e-05,0.0,Canada,CAN,quebec,,,Linux-5.15.0-144-generic-x86_64-with-glibc2.35,3.14.2,3.1.0,4,AMD EPYC 9474F 48-Core Processor,1,1 x NVIDIA RTX 5000 Ada Generation,,,4,machine,N
Optimisation step #180,2026-02-21T19:54:45,energy-efficiency,09cce248-eba0-43d2-be60-1c9eec337903,0.05876060947775841,4.400081501160352e-08,7.557579041032102e-07,360.0,319.7673470299373,10.0,5.831953138113119e-06,5.181393031961079e-06,1.618754480861898e-07,1.1175221618160008e-05,0.0,Canada,CAN,quebec,,,Linux-5.15.0-144-generic-x86_64-with-glibc2.35,3.14.2,3.1.0,4,AMD EPYC 9474F 48-Core Processor,1,1 x NVIDIA RTX 5000 Ada Generation,,,4,machine,N
Forward pass #181,2026-02-21T19:54:45,energy-efficiency,09cce248-eba0-43d2-be60-1c9eec337903,0.0681079188361764,4.8925805598057755e-08,7.218943353479769e-07,360.0,291.2564509503001,10.0,6.764390971511491e-06,5.4738932675491014e-06,1.8777469328292904e-07,1.2426058932343657e-05,0.0,Canada,CAN,quebec,,,Linux-5.15.0-144-generic-x86_64-with-glibc2.35,3.14.2,3.1.0,4,AMD EPYC 9474F 48-Core Processor,1,1 x NVIDIA RTX 5000 Ada Generation,,,4,machine,N
Backward pass #181,2026-02-21T19:54:45,energy-efficiency,09cce248-eba0-43d2-be60-1c9eec337903,0.11994372587651014,7.064391919584797e-08,5.933306048769901e-07,360.0,165.00415821678146,10.0,1.2072599772363843e-05,5.534171091170492e-06,3.3520254720415e-07,1.7941973410738783e-05,0.0,Canada,CAN,quebec,,,Linux-5.15.0-144-generic-x86_64-with-glibc2.35,3.14.2,3.1.0,4,AMD EPYC 9474F 48-Core Processor,1,1 x NVIDIA RTX 5000 Ada Generation,,,4,machine,N
Optimisation step #181,2026-02-21T19:54:45,energy-efficiency,09cce248-eba0-43d2-be60-1c9eec337903,0.058885340578854084,2.348882364430882e-08,4.0341405464450014e-07,360.0,0.0,10.0,5.804520659148486e-06,0.0,1.611145161506183e-07,5.965635175298779e-06,0.0,Canada,CAN,quebec,,,Linux-5.15.0-144-generic-x86_64-with-glibc2.35,3.14.2,3.1.0,4,AMD EPYC 9474F 48-Core Processor,1,1 x NVIDIA RTX 5000 Ada Generation,,,4,machine,N
Forward pass #182,2026-02-21T19:54:45,energy-efficiency,09cce248-eba0-43d2-be60-1c9eec337903,0.06824702117592096,4.196048994242147e-08,6.188460968464689e-07,360.0,197.5945598762729,10.0,6.758848857134694e-06,3.710558527103558e-06,1.8761735926900208e-07,1.0657024743507444e-05,0.0,Canada,CAN,quebec,,,Linux-5.15.0-144-generic-x86_64-with-glibc2.35,3.14.2,3.1.0,4,AMD EPYC 9474F 48-Core Processor,1,1 x NVIDIA RTX 5000 Ada Generation,,,4,machine,N
Backward pass #182,2026-02-21T19:54:45,energy-efficiency,09cce248-eba0-43d2-be60-1c9eec337903,0.12022991105914116,6.7800212351976e-08,5.692117370769921e-07,360.0,147.0930202100171,10.0,1.198798948898877e-05,4.898892807858601e-06,3.328532601396233e-07,1.721973555698659e-05,0.0,Canada,CAN,quebec,,,Linux-5.15.0-144-generic-x86_64-with-glibc2.35,3.14.2,3.1.0,4,AMD EPYC 9474F 48-Core Processor,1,1 x NVIDIA RTX 5000 Ada Generation,,,4,machine,N
Optimisation step #182,2026-02-21T19:54:45,energy-efficiency,09cce248-eba0-43d2-be60-1c9eec337903,0.05885777994990349,4.662544029078436e-08,7.987654111825705e-07,360.0,372.7810149022864,10.0,5.7386337779458466e-06,5.943893643944875e-06,1.5929023890445316e-07,1.1841817660795256e-05,0.0,Canada,CAN,quebec,,,Linux-5.15.0-144-generic-x86_64-with-glibc2.35,3.14.2,3.1.0,4,AMD EPYC 9474F 48-Core Processor,1,1 x NVIDIA RTX 5000 Ada Generation,,,4,machine,N
Forward pass #183,2026-02-21T19:54:45,energy-efficiency,09cce248-eba0-43d2-be60-1c9eec337903,0.06809625774621964,4.6206235357248364e-08,6.813370245750406e-07,360.0,254.91793588426992,10.0,6.759925000369114e-06,4.787781609394415e-06,1.8764238597618983e-07,1.173534899573999e-05,0.0,Canada,CAN,quebec,,,Linux-5.15.0-144-generic-x86_64-with-glibc2.35,3.14.2,3.1.0,4,AMD EPYC 9474F 48-Core Processor,1,1 x NVIDIA RTX 5000 Ada Generation,,,4,machine,N
Backward pass #183,2026-02-21T19:54:45,energy-efficiency,09cce248-eba0-43d2-be60-1c9eec337903,0.12032532226294279,6.64438721978125e-08,5.556803499943179e-07,360.0,135.47635664635828,10.0,1.2018226087093416e-05,4.5233369476704866e-06,3.3369249819467737e-07,1.6875255532958905e-05,0.0,Canada,CAN,quebec,,,Linux-5.15.0-144-generic-x86_64-with-glibc2.35,3.14.2,3.1.0,4,AMD EPYC 9474F 48-Core Processor,1,1 x NVIDIA RTX 5000 Ada Generation,,,4,machine,N
Optimisation step #183,2026-02-21T19:54:45,energy-efficiency,09cce248-eba0-43d2-be60-1c9eec337903,0.059189665131270885,4.192637335608527e-08,7.14210954469907e-07,360.0,294.60503571973084,10.0,5.767434090375896e-06,4.7208371114493275e-06,1.6008869279177042e-07,1.0648359894616967e-05,0.0,Canada,CAN,quebec,,,Linux-5.15.0-144-generic-x86_64-with-glibc2.35,3.14.2,3.1.0,4,AMD EPYC 9474F 48-Core Processor,1,1 x NVIDIA RTX 5000 Ada Generation,,,4,machine,N
Forward pass #184,2026-02-21T19:54:45,energy-efficiency,09cce248-eba0-43d2-be60-1c9eec337903,0.0681997574865818,2.738411189965784e-08,4.042924062811317e-07,360.0,0.0,10.0,6.767109129578175e-06,0.0,1.8784202790507356e-07,6.954951157483492e-06,0.0,Canada,CAN,quebec,,,Linux-5.15.0-144-generic-x86_64-with-glibc2.35,3.14.2,3.1.0,4,AMD EPYC 9474F 48-Core Processor,1,1 x NVIDIA RTX 5000 Ada Generation,,,4,machine,N
Backward pass #184,2026-02-21T19:54:46,energy-efficiency,09cce248-eba0-43d2-be60-1c9eec337903,0.12104573380202055,9.108986063936919e-08,7.607344033458322e-07,360.0,323.4338062753583,10.0,1.2009926885366527e-05,1.0791397524911872e-05,3.334602418666023e-07,2.313478465214465e-05,0.0,Canada,CAN,quebec,,,Linux-5.15.0-144-generic-x86_64-with-glibc2.35,3.14.2,3.1.0,4,AMD EPYC 9474F 48-Core Processor,1,1 x NVIDIA RTX 5000 Ada Generation,,,4,machine,N
Optimisation step #184,2026-02-21T19:54:46,energy-efficiency,09cce248-eba0-43d2-be60-1c9eec337903,0.059052154421806335,2.3398751961727012e-08,3.9998266943710585e-07,360.0,0.0,10.0,5.782258417457754e-06,0.0,1.605005676133726e-07,5.942758985071073e-06,0.0,Canada,CAN,quebec,,,Linux-5.15.0-144-generic-x86_64-with-glibc2.35,3.14.2,3.1.0,4,AMD EPYC 9474F 48-Core Processor,1,1 x NVIDIA RTX 5000 Ada Generation,,,4,machine,N
Forward pass #185,2026-02-21T19:54:46,energy-efficiency,09cce248-eba0-43d2-be60-1c9eec337903,0.06829595100134611,4.0603530132204876e-08,5.998823605322681e-07,360.0,180.24689736511823,10.0,6.7464997060597e-06,3.37861381183302e-06,1.8727382282830675e-07,1.0312387340721298e-05,0.0,Canada,CAN,quebec,,,Linux-5.15.0-144-generic-x86_64-with-glibc2.35,3.14.2,3.1.0,4,AMD EPYC 9474F 48-Core Processor,1,1 x NVIDIA RTX 5000 Ada Generation,,,4,machine,N
Backward pass #185,2026-02-21T19:54:46,energy-efficiency,09cce248-eba0-43d2-be60-1c9eec337903,0.12049156427383423,6.701681636847243e-08,5.600083558031092e-07,360.0,140.60603957756985,10.0,1.2000083643943192e-05,4.687503750488986e-06,3.331831268345363e-07,1.7020770521266985e-05,0.0,Canada,CAN,quebec,,,Linux-5.15.0-144-generic-x86_64-with-glibc2.35,3.14.2,3.1.0,4,AMD EPYC 9474F 48-Core Processor,1,1 x NVIDIA RTX 5000 Ada Generation,,,4,machine,N
Optimisation step #185,2026-02-21T19:54:46,energy-efficiency,09cce248-eba0-43d2-be60-1c9eec337903,0.05906845349818468,4.420109893662097e-08,7.537785930557885e-07,360.0,327.10353843245696,10.0,5.796846654266413e-06,5.268337549324542e-06,1.6090504618155167e-07,1.12260892497721e-05,0.0,Canada,CAN,quebec,,,Linux-5.15.0-144-generic-x86_64-with-glibc2.35,3.14.2,3.1.0,4,AMD EPYC 9474F 48-Core Processor,1,1 x NVIDIA RTX 5000 Ada Generation,,,4,machine,N
Forward pass #186,2026-02-21T19:54:46,energy-efficiency,09cce248-eba0-43d2-be60-1c9eec337903,0.0679731061682105,4.908558834088069e-08,7.256468053958343e-07,360.0,294.8785658325307,10.0,6.749557889997558e-06,5.529726646358313e-06,1.8735563434246717e-07,1.2466640170698609e-05,0.0,Canada,CAN,quebec,,,Linux-5.15.0-144-generic-x86_64-with-glibc2.35,3.14.2,3.1.0,4,AMD EPYC 9474F 48-Core Processor,1,1 x NVIDIA RTX 5000 Ada Generation,,,4,machine,N
Backward pass #186,2026-02-21T19:54:46,energy-efficiency,09cce248-eba0-43d2-be60-1c9eec337903,0.1208176501095295,7.120469336180867e-08,5.937778659316167e-07,360.0,167.69113016502797,10.0,1.2107664253562661e-05,5.640560065245381e-06,3.3617317159143783e-07,1.808439749039978e-05,0.0,Canada,CAN,quebec,,,Linux-5.15.0-144-generic-x86_64-with-glibc2.35,3.14.2,3.1.0,4,AMD EPYC 9474F 48-Core Processor,1,1 x NVIDIA RTX 5000 Ada Generation,,,4,machine,N
Optimisation step #186,2026-02-21T19:54:46,energy-efficiency,09cce248-eba0-43d2-be60-1c9eec337903,0.059198024682700634,2.3677243707518166e-08,4.041542135923085e-07,360.0,0.0,10.0,5.851083528250582e-06,0.0,1.6240612345022067e-07,6.013489651701155e-06,0.0,Canada,CAN,quebec,,,Linux-5.15.0-144-generic-x86_64-with-glibc2.35,3.14.2,3.1.0,4,AMD EPYC 9474F 48-Core Processor,1,1 x NVIDIA RTX 5000 Ada Generation,,,4,machine,N
Forward pass #187,2026-02-21T19:54:46,energy-efficiency,09cce248-eba0-43d2-be60-1c9eec337903,0.06834087241441011,4.175118484549571e-08,6.155644649420157e-07,360.0,194.6387711919675,10.0,6.760369986295693e-06,3.6558362594973914e-06,1.8765969046701078e-07,1.0603865936259851e-05,0.0,Canada,CAN,quebec,,,Linux-5.15.0-144-generic-x86_64-with-glibc2.35,3.14.2,3.1.0,4,AMD EPYC 9474F 48-Core Processor,1,1 x NVIDIA RTX 5000 Ada Generation,,,4,machine,N
Backward pass #187,2026-02-21T19:54:46,energy-efficiency,09cce248-eba0-43d2-be60-1c9eec337903,0.12066911812871695,6.787176307638032e-08,5.666492873801465e-07,360.0,146.79738969008338,10.0,1.2007561791688333e-05,4.896948361476916e-06,3.333976854466786e-07,1.7237907838612253e-05,0.0,Canada,CAN,quebec,,,Linux-5.15.0-144-generic-x86_64-with-glibc2.35,3.14.2,3.1.0,4,AMD EPYC 9474F 48-Core Processor,1,1 x NVIDIA RTX 5000 Ada Generation,,,4,machine,N
Optimisation step #187,2026-02-21T19:54:46,energy-efficiency,09cce248-eba0-43d2-be60-1c9eec337903,0.05939922947436571,4.6710074159751926e-08,7.948449825930085e-07,360.0,360.7735495042925,10.0,5.843605380505441e-06,5.857504685735648e-06,1.622027019038759e-07,1.1863312768144695e-05,0.0,Canada,CAN,quebec,,,Linux-5.15.0-144-generic-x86_64-with-glibc2.35,3.14.2,3.1.0,4,AMD EPYC 9474F 48-Core Processor,1,1 x NVIDIA RTX 5000 Ada Generation,,,4,machine,N
Forward pass #188,2026-02-21T19:54:47,energy-efficiency,09cce248-eba0-43d2-be60-1c9eec337903,0.07293114438652992,4.5940245721163046e-08,6.326911947598667e-07,360.0,251.0583820923244,10.0,6.762842088938077e-06,4.717225994710361e-06,1.8772550134196243e-07,1.1667793584990184e-05,0.0,Canada,CAN,quebec,,,Linux-5.15.0-144-generic-x86_64-with-glibc2.35,3.14.2,3.1.0,4,AMD EPYC 9474F 48-Core Processor,1,1 x NVIDIA RTX 5000 Ada Generation,,,4,machine,N
Backward pass #188,2026-02-21T19:54:47,energy-efficiency,09cce248-eba0-43d2-be60-1c9eec337903,0.11883734818547964,6.935343197575895e-08,5.879276693198477e-07,360.0,172.6629016378722,10.0,1.1684783641248767e-05,5.605004485431664e-06,3.2443043051493957e-07,1.7614218557195777e-05,0.0,Canada,CAN,quebec,,,Linux-5.15.0-144-generic-x86_64-with-glibc2.35,3.14.2,3.1.0,4,AMD EPYC 9474F 48-Core Processor,1,1 x NVIDIA RTX 5000 Ada Generation,,,4,machine,N
Optimisation step #188,2026-02-21T19:54:47,energy-efficiency,09cce248-eba0-43d2-be60-1c9eec337903,0.05876503884792328,4.214980832247924e-08,7.255031318221469e-07,360.0,292.5221394456594,10.0,5.816432926803415e-06,4.727226006195906e-06,1.6144843927273604e-07,1.0705107372272274e-05,0.0,Canada,CAN,quebec,,,Linux-5.15.0-144-generic-x86_64-with-glibc2.35,3.14.2,3.1.0,4,AMD EPYC 9474F 48-Core Processor,1,1 x NVIDIA RTX 5000 Ada Generation,,,4,machine,N
Forward pass #189,2026-02-21T19:54:47,energy-efficiency,09cce248-eba0-43d2-be60-1c9eec337903,0.0729997456073761,2.7321315370721825e-08,3.7607101610505176e-07,360.0,0.0,10.0,6.7515907809139256e-06,0.0,1.8741146454379618e-07,6.939002245457369e-06,0.0,Canada,CAN,quebec,,,Linux-5.15.0-144-generic-x86_64-with-glibc2.35,3.14.2,3.1.0,4,AMD EPYC 9474F 48-Core Processor,1,1 x NVIDIA RTX 5000 Ada Generation,,,4,machine,N
Backward pass #189,2026-02-21T19:54:47,energy-efficiency,09cce248-eba0-43d2-be60-1c9eec337903,0.11999727692455053,9.373595581889084e-08,7.92401179486711e-07,360.0,363.3338477024403,10.0,1.1686244700104265e-05,1.179612054613699e-05,3.2446832240869096e-07,2.3806833568650217e-05,0.0,Canada,CAN,quebec,,,Linux-5.15.0-144-generic-x86_64-with-glibc2.35,3.14.2,3.1.0,4,AMD EPYC 9474F 48-Core Processor,1,1 x NVIDIA RTX 5000 Ada Generation,,,4,machine,N
Optimisation step #189,2026-02-21T19:54:47,energy-efficiency,09cce248-eba0-43d2-be60-1c9eec337903,0.05913293454796076,2.3459742060586298e-08,4.012974505828997e-07,360.0,0.0,10.0,5.797328613698846e-06,0.0,1.6092049061423104e-07,5.95824910431305e-06,0.0,Canada,CAN,quebec,,,Linux-5.15.0-144-generic-x86_64-with-glibc2.35,3.14.2,3.1.0,4,AMD EPYC 9474F 48-Core Processor,1,1 x NVIDIA RTX 5000 Ada Generation,,,4,machine,N
Forward pass #190,2026-02-21T19:54:47,energy-efficiency,09cce248-eba0-43d2-be60-1c9eec337903,0.07272547204047441,4.061272343472671e-08,5.609027675870271e-07,360.0,176.48717631137123,10.0,6.794450525194479e-06,3.3316693333063085e-06,1.8860237517703414e-07,1.0314722233678228e-05,0.0,Canada,CAN,quebec,,,Linux-5.15.0-144-generic-x86_64-with-glibc2.35,3.14.2,3.1.0,4,AMD EPYC 9474F 48-Core Processor,1,1 x NVIDIA RTX 5000 Ada Generation,,,4,machine,N
Backward pass #190,2026-02-21T19:54:47,energy-efficiency,09cce248-eba0-43d2-be60-1c9eec337903,0.11841557081788778,6.983147150058723e-08,5.942169584932673e-07,360.0,176.14866795462842,10.0,1.1690209712833001e-05,5.720837908285148e-06,3.2458226972571346e-07,1.773562989084397e-05,0.0,Canada,CAN,quebec,,,Linux-5.15.0-144-generic-x86_64-with-glibc2.35,3.14.2,3.1.0,4,AMD EPYC 9474F 48-Core Processor,1,1 x NVIDIA RTX 5000 Ada Generation,,,4,machine,N
Optimisation step #190,2026-02-21T19:54:47,energy-efficiency,09cce248-eba0-43d2-be60-1c9eec337903,0.059167285449802876,4.4649968558848154e-08,7.623043370533522e-07,360.0,328.7297020891724,10.0,5.8420953340824686e-06,5.335837602871152e-06,1.621591444644552e-07,1.134009208141832e-05,0.0,Canada,CAN,quebec,,,Linux-5.15.0-144-generic-x86_64-with-glibc2.35,3.14.2,3.1.0,4,AMD EPYC 9474F 48-Core Processor,1,1 x NVIDIA RTX 5000 Ada Generation,,,4,machine,N
Forward pass #191,2026-02-21T19:54:47,energy-efficiency,09cce248-eba0-43d2-be60-1c9eec337903,0.07373019028455019,4.8832555058636595e-08,6.652027288137203e-07,360.0,290.2422968103465,10.0,6.761892046779419e-06,5.4527821404803944e-06,1.8770119640976364e-07,1.240237538366936e-05,0.0,Canada,CAN,quebec,,,Linux-5.15.0-144-generic-x86_64-with-glibc2.35,3.14.2,3.1.0,4,AMD EPYC 9474F 48-Core Processor,1,1 x NVIDIA RTX 5000 Ada Generation,,,4,machine,N
Backward pass #191,2026-02-21T19:54:47,energy-efficiency,09cce248-eba0-43d2-be60-1c9eec337903,0.11758251767605543,6.9056554887237e-08,5.906166310875893e-07,360.0,170.9322470459776,10.0,1.1671963427216034e-05,5.54278220832316e-06,3.2407278971124877e-07,1.7538818425250416e-05,0.0,Canada,CAN,quebec,,,Linux-5.15.0-144-generic-x86_64-with-glibc2.35,3.14.2,3.1.0,4,AMD EPYC 9474F 48-Core Processor,1,1 x NVIDIA RTX 5000 Ada Generation,,,4,machine,N
Optimisation step #191,2026-02-21T19:54:48,energy-efficiency,09cce248-eba0-43d2-be60-1c9eec337903,0.058542304672300816,2.354241083801561e-08,4.049958937143872e-07,360.0,0.0,10.0,5.817758012563283e-06,0.0,1.6148710985563943e-07,5.979245122418597e-06,0.0,Canada,CAN,quebec,,,Linux-5.15.0-144-generic-x86_64-with-glibc2.35,3.14.2,3.1.0,4,AMD EPYC 9474F 48-Core Processor,1,1 x NVIDIA RTX 5000 Ada Generation,,,4,machine,N
Forward pass #192,2026-02-21T19:54:48,energy-efficiency,09cce248-eba0-43d2-be60-1c9eec337903,0.06815257854759693,4.239358177239507e-08,6.245808198731547e-07,360.0,202.94699743957378,10.0,6.764787063002695e-06,3.8144474991952393e-06,1.877858070656747e-07,1.0767020369263636e-05,0.0,Canada,CAN,quebec,,,Linux-5.15.0-144-generic-x86_64-with-glibc2.35,3.14.2,3.1.0,4,AMD EPYC 9474F 48-Core Processor,1,1 x NVIDIA RTX 5000 Ada Generation,,,4,machine,N
Backward pass #192,2026-02-21T19:54:48,energy-efficiency,09cce248-eba0-43d2-be60-1c9eec337903,0.1200878694653511,6.80430588773662e-08,5.696020960844685e-07,360.0,148.2213045518436,10.0,1.2004759721457973e-05,4.943337284402105e-06,3.333161300462248e-07,1.728141313590663e-05,0.0,Canada,CAN,quebec,,,Linux-5.15.0-144-generic-x86_64-with-glibc2.35,3.14.2,3.1.0,4,AMD EPYC 9474F 48-Core Processor,1,1 x NVIDIA RTX 5000 Ada Generation,,,4,machine,N
Optimisation step #192,2026-02-21T19:54:48,energy-efficiency,09cce248-eba0-43d2-be60-1c9eec337903,0.05936059821397066,4.6682631594841705e-08,7.923070879740633e-07,360.0,374.2144380790497,10.0,5.734660569578498e-06,5.962504772583088e-06,1.5917762907015397e-07,1.1856342971231469e-05,0.0,Canada,CAN,quebec,,,Linux-5.15.0-144-generic-x86_64-with-glibc2.35,3.14.2,3.1.0,4,AMD EPYC 9474F 48-Core Processor,1,1 x NVIDIA RTX 5000 Ada Generation,,,4,machine,N
Forward pass #193,2026-02-21T19:54:48,energy-efficiency,09cce248-eba0-43d2-be60-1c9eec337903,0.06803814694285393,4.6256545313549686e-08,6.829687365934506e-07,360.0,256.3280747607418,10.0,6.7520828917625245e-06,4.808614960438717e-06,1.8742874575159232e-07,1.17481265979524e-05,0.0,Canada,CAN,quebec,,,Linux-5.15.0-144-generic-x86_64-with-glibc2.35,3.14.2,3.1.0,4,AMD EPYC 9474F 48-Core Processor,1,1 x NVIDIA RTX 5000 Ada Generation,,,4,machine,N
Backward pass #193,2026-02-21T19:54:48,energy-efficiency,09cce248-eba0-43d2-be60-1c9eec337903,0.12042091228067875,6.679851762298125e-08,5.585495639174259e-07,360.0,135.53450262420307,10.0,1.2080998811871135e-05,4.5488925266568e-06,3.35436190168067e-07,1.6965327528695867e-05,0.0,Canada,CAN,quebec,,,Linux-5.15.0-144-generic-x86_64-with-glibc2.35,3.14.2,3.1.0,4,AMD EPYC 9474F 48-Core Processor,1,1 x NVIDIA RTX 5000 Ada Generation,,,4,machine,N
Optimisation step #193,2026-02-21T19:54:48,energy-efficiency,09cce248-eba0-43d2-be60-1c9eec337903,0.05900235194712877,4.181512704629341e-08,7.132931686714962e-07,360.0,296.1071715688402,10.0,5.7391277514399e-06,4.721670443075254e-06,1.593076287665187e-07,1.0620105823281809e-05,0.0,Canada,CAN,quebec,,,Linux-5.15.0-144-generic-x86_64-with-glibc2.35,3.14.2,3.1.0,4,AMD EPYC 9474F 48-Core Processor,1,1 x NVIDIA RTX 5000 Ada Generation,,,4,machine,N
Forward pass #194,2026-02-21T19:54:48,energy-efficiency,09cce248-eba0-43d2-be60-1c9eec337903,0.06866330746561289,2.754525009665131e-08,4.031313131781431e-07,360.0,0.0,10.0,6.8069537170227165e-06,0.0,1.889229338202219e-07,6.995876650843155e-06,0.0,Canada,CAN,quebec,,,Linux-5.15.0-144-generic-x86_64-with-glibc2.35,3.14.2,3.1.0,4,AMD EPYC 9474F 48-Core Processor,1,1 x NVIDIA RTX 5000 Ada Generation,,,4,machine,N
Backward pass #194,2026-02-21T19:54:48,energy-efficiency,09cce248-eba0-43d2-be60-1c9eec337903,0.12131136655807495,9.09520989434517e-08,7.554816579841431e-07,360.0,322.35180779789283,10.0,1.2010478973388528e-05,1.0755841937992727e-05,3.334753551623897e-07,2.3099796266543536e-05,0.0,Canada,CAN,quebec,,,Linux-5.15.0-144-generic-x86_64-with-glibc2.35,3.14.2,3.1.0,4,AMD EPYC 9474F 48-Core Processor,1,1 x NVIDIA RTX 5000 Ada Generation,,,4,machine,N
Optimisation step #194,2026-02-21T19:54:48,energy-efficiency,09cce248-eba0-43d2-be60-1c9eec337903,0.059294747188687325,2.3704502349716934e-08,4.0282142728549245e-07,360.0,0.0,10.0,5.857815500348411e-06,0.0,1.625972360165583e-07,6.020412736364861e-06,0.0,Canada,CAN,quebec,,,Linux-5.15.0-144-generic-x86_64-with-glibc2.35,3.14.2,3.1.0,4,AMD EPYC 9474F 48-Core Processor,1,1 x NVIDIA RTX 5000 Ada Generation,,,4,machine,N
Forward pass #195,2026-02-21T19:54:48,energy-efficiency,09cce248-eba0-43d2-be60-1c9eec337903,0.07331838086247444,4.033103862039107e-08,5.546262882466686e-07,360.0,176.05397779209613,10.0,6.75267782062304e-06,3.3030582002879783e-06,1.8744457823535385e-07,1.0243180599145939e-05,0.0,Canada,CAN,quebec,,,Linux-5.15.0-144-generic-x86_64-with-glibc2.35,3.14.2,3.1.0,4,AMD EPYC 9474F 48-Core Processor,1,1 x NVIDIA RTX 5000 Ada Generation,,,4,machine,N
Backward pass #195,2026-02-21T19:54:48,energy-efficiency,09cce248-eba0-43d2-be60-1c9eec337903,0.11821421794593334,6.983259252101866e-08,5.951348736130078e-07,360.0,174.06790306621866,10.0,1.173508744686802e-05,5.675004537408768e-06,3.2582262065260735e-07,1.7735914604929612e-05,0.0,Canada,CAN,quebec,,,Linux-5.15.0-144-generic-x86_64-with-glibc2.35,3.14.2,3.1.0,4,AMD EPYC 9474F 48-Core Processor,1,1 x NVIDIA RTX 5000 Ada Generation,,,4,machine,N
Optimisation step #195,2026-02-21T19:54:49,energy-efficiency,09cce248-eba0-43d2-be60-1c9eec337903,0.05892767198383808,4.4439085927561384e-08,7.590303982406952e-07,360.0,332.3451303333799,10.0,5.7845814153550945e-06,5.34139316243909e-06,1.605580379772625e-07,1.128653261577104e-05,0.0,Canada,CAN,quebec,,,Linux-5.15.0-144-generic-x86_64-with-glibc2.35,3.14.2,3.1.0,4,AMD EPYC 9474F 48-Core Processor,1,1 x NVIDIA RTX 5000 Ada Generation,,,4,machine,N
Forward pass #196,2026-02-21T19:54:49,energy-efficiency,09cce248-eba0-43d2-be60-1c9eec337903,0.06810527853667736,4.905511375385784e-08,7.24069344982443e-07,360.0,293.44698261636904,10.0,6.759863067418159e-06,5.511393297297218e-06,1.8764394335449384e-07,1.2458900308070196e-05,0.0,Canada,CAN,quebec,,,Linux-5.15.0-144-generic-x86_64-with-glibc2.35,3.14.2,3.1.0,4,AMD EPYC 9474F 48-Core Processor,1,1 x NVIDIA RTX 5000 Ada Generation,,,4,machine,N
Backward pass #196,2026-02-21T19:54:49,energy-efficiency,09cce248-eba0-43d2-be60-1c9eec337903,0.12054299470037222,7.102063236522465e-08,5.92646014667574e-07,360.0,166.42894996910127,10.0,1.2104651331901368e-05,5.5969489203278044e-06,3.3604986706954436e-07,1.8037650119298934e-05,0.0,Canada,CAN,quebec,,,Linux-5.15.0-144-generic-x86_64-with-glibc2.35,3.14.2,3.1.0,4,AMD EPYC 9474F 48-Core Processor,1,1 x NVIDIA RTX 5000 Ada Generation,,,4,machine,N
Optimisation step #196,2026-02-21T19:54:49,energy-efficiency,09cce248-eba0-43d2-be60-1c9eec337903,0.05887220986187458,2.3599320877044325e-08,4.038202388590109e-07,360.0,0.0,10.0,5.831850133836136e-06,0.0,1.6184886400069805e-07,5.9936989978371866e-06,0.0,Canada,CAN,quebec,,,Linux-5.15.0-144-generic-x86_64-with-glibc2.35,3.14.2,3.1.0,4,AMD EPYC 9474F 48-Core Processor,1,1 x NVIDIA RTX 5000 Ada Generation,,,4,machine,N
Forward pass #197,2026-02-21T19:54:49,energy-efficiency,09cce248-eba0-43d2-be60-1c9eec337903,0.07351373322308064,4.190034555069959e-08,5.746655667013218e-07,360.0,195.42606243768827,10.0,6.775083299726155e-06,3.6786140533706657e-06,1.88052061841714e-07,1.0641749414938562e-05,0.0,Canada,CAN,quebec,,,Linux-5.15.0-144-generic-x86_64-with-glibc2.35,3.14.2,3.1.0,4,AMD EPYC 9474F 48-Core Processor,1,1 x NVIDIA RTX 5000 Ada Generation,,,4,machine,N
Backward pass #197,2026-02-21T19:54:49,energy-efficiency,09cce248-eba0-43d2-be60-1c9eec337903,0.1183738810941577,7.077934389228182e-08,6.022251320142684e-07,360.0,183.6285107549517,10.0,1.168877081945529e-05,5.963060328184611e-06,3.245371031678282e-07,1.7976368250807728e-05,0.0,Canada,CAN,quebec,,,Linux-5.15.0-144-generic-x86_64-with-glibc2.35,3.14.2,3.1.0,4,AMD EPYC 9474F 48-Core Processor,1,1 x NVIDIA RTX 5000 Ada Generation,,,4,machine,N
Optimisation step #197,2026-02-21T19:54:49,energy-efficiency,09cce248-eba0-43d2-be60-1c9eec337903,0.05890453141182661,4.709656006311513e-08,8.029188578243374e-07,360.0,363.8827408313352,10.0,5.866955686360982e-06,5.9316714136059545e-06,1.6284443231091676e-07,1.196147153227807e-05,0.0,Canada,CAN,quebec,,,Linux-5.15.0-144-generic-x86_64-with-glibc2.35,3.14.2,3.1.0,4,AMD EPYC 9474F 48-Core Processor,1,1 x NVIDIA RTX 5000 Ada Generation,,,4,machine,N
Forward pass #198,2026-02-21T19:54:49,energy-efficiency,09cce248-eba0-43d2-be60-1c9eec337903,0.07275993283838034,4.5981428574202825e-08,6.352719016245535e-07,360.0,250.45367798330233,10.0,6.7754513584077775e-06,4.7147259927271534e-06,1.8807575624023515e-07,1.1678253107375546e-05,0.0,Canada,CAN,quebec,,,Linux-5.15.0-144-generic-x86_64-with-glibc2.35,3.14.2,3.1.0,4,AMD EPYC 9474F 48-Core Processor,1,1 x NVIDIA RTX 5000 Ada Generation,,,4,machine,N
Backward pass #198,2026-02-21T19:54:49,energy-efficiency,09cce248-eba0-43d2-be60-1c9eec337903,0.11851811315864325,6.96169853554915e-08,5.916090955992943e-07,360.0,171.90423351203316,10.0,1.1745588760822719e-05,5.609448933796557e-06,3.261175187718507e-07,1.7681155213391045e-05,0.0,Canada,CAN,quebec,,,Linux-5.15.0-144-generic-x86_64-with-glibc2.35,3.14.2,3.1.0,4,AMD EPYC 9474F 48-Core Processor,1,1 x NVIDIA RTX 5000 Ada Generation,,,4,machine,N
Optimisation step #198,2026-02-21T19:54:49,energy-efficiency,09cce248-eba0-43d2-be60-1c9eec337903,0.05885319970548153,4.222675612253969e-08,7.239978644536381e-07,360.0,293.2214682260866,10.0,5.820850934833144e-06,4.742226014542439e-06,1.6157344087129925e-07,1.0724650390247017e-05,0.0,Canada,CAN,quebec,,,Linux-5.15.0-144-generic-x86_64-with-glibc2.35,3.14.2,3.1.0,4,AMD EPYC 9474F 48-Core Processor,1,1 x NVIDIA RTX 5000 Ada Generation,,,4,machine,N
Forward pass #199,2026-02-21T19:54:49,energy-efficiency,09cce248-eba0-43d2-be60-1c9eec337903,0.07346496358513832,2.7390020401423898e-08,3.7573206537557914e-07,360.0,0.0,10.0,6.7685660906134995e-06,0.0,1.8788569399879078e-07,6.956451784612128e-06,0.0,Canada,CAN,quebec,,,Linux-5.15.0-144-generic-x86_64-with-glibc2.35,3.14.2,3.1.0,4,AMD EPYC 9474F 48-Core Processor,1,1 x NVIDIA RTX 5000 Ada Generation,,,4,machine,N
Backward pass #199,2026-02-21T19:54:50,energy-efficiency,09cce248-eba0-43d2-be60-1c9eec337903,0.11884479783475399,9.371602684281552e-08,7.929872773901326e-07,360.0,360.3286800441246,10.0,1.1731858458369562e-05,1.174417606009115e-05,3.2573753657439667e-07,2.3801772055034864e-05,0.0,Canada,CAN,quebec,,,Linux-5.15.0-144-generic-x86_64-with-glibc2.35,3.14.2,3.1.0,4,AMD EPYC 9474F 48-Core Processor,1,1 x NVIDIA RTX 5000 Ada Generation,,,4,machine,N
Optimisation step #199,2026-02-21T19:54:50,energy-efficiency,09cce248-eba0-43d2-be60-1c9eec337903,0.05919424444437027,2.365722137899983e-08,4.0393924393055183e-07,360.0,0.0,10.0,5.846126284450234e-06,0.0,1.6227814420642747e-07,6.008404428656418e-06,0.0,Canada,CAN,quebec,,,Linux-5.15.0-144-generic-x86_64-with-glibc2.35,3.14.2,3.1.0,4,AMD EPYC 9474F 48-Core Processor,1,1 x NVIDIA RTX 5000 Ada Generation,,,4,machine,N
Forward pass #200,2026-02-21T19:54:50,energy-efficiency,09cce248-eba0-43d2-be60-1c9eec337903,0.07299611624330282,4.0732573785815955e-08,5.626600524025629e-07,360.0,179.75034095770465,10.0,6.774061080068276e-06,3.383058263750627e-06,1.8804219499644458e-07,1.0345161538815456e-05,0.0,Canada,CAN,quebec,,,Linux-5.15.0-144-generic-x86_64-with-glibc2.35,3.14.2,3.1.0,4,AMD EPYC 9474F 48-Core Processor,1,1 x NVIDIA RTX 5000 Ada Generation,,,4,machine,N
Backward pass #200,2026-02-21T19:54:50,energy-efficiency,09cce248-eba0-43d2-be60-1c9eec337903,0.1182883894070983,6.999773296301293e-08,5.961282940787194e-07,360.0,175.02998489351168,10.0,1.1742104496806523e-05,5.709726792701986e-06,3.2602528937989393e-07,1.777785657888862e-05,0.0,Canada,CAN,quebec,,,Linux-5.15.0-144-generic-x86_64-with-glibc2.35,3.14.2,3.1.0,4,AMD EPYC 9474F 48-Core Processor,1,1 x NVIDIA RTX 5000 Ada Generation,,,4,machine,N
Optimisation step #200,2026-02-21T19:54:50,energy-efficiency,09cce248-eba0-43d2-be60-1c9eec337903,0.05845314450562,4.446951183916168e-08,7.653441781711036e-07,360.0,328.0663782751172,10.0,5.823988094925611e-06,5.308615353527557e-06,1.6165666747838315e-07,1.1294260115931633e-05,0.0,Canada,CAN,quebec,,,Linux-5.15.0-144-generic-x86_64-with-glibc2.35,3.14.2,3.1.0,4,AMD EPYC 9474F 48-Core Processor,1,1 x NVIDIA RTX 5000 Ada Generation,,,4,machine,N
Forward pass #201,2026-02-21T19:54:50,energy-efficiency,09cce248-eba0-43d2-be60-1c9eec337903,0.06822274997830391,4.899101877830819e-08,7.218304597421714e-07,360.0,291.74963261455423,10.0,6.768344063311574e-06,5.48639327746514e-06,1.878842789058944e-07,1.2442621619682473e-05,0.0,Canada,CAN,quebec,,,Linux-5.15.0-144-generic-x86_64-with-glibc2.35,3.14.2,3.1.0,4,AMD EPYC 9474F 48-Core Processor,1,1 x NVIDIA RTX 5000 Ada Generation,,,4,machine,N
Backward pass #201,2026-02-21T19:54:50,energy-efficiency,09cce248-eba0-43d2-be60-1c9eec337903,0.1199013851583004,7.086116464923188e-08,5.952865775995271e-07,360.0,164.70245065858103,10.0,1.2116563413292099e-05,5.544171106208751e-06,3.3641437120320787e-07,1.7997148890704084e-05,0.0,Canada,CAN,quebec,,,Linux-5.15.0-144-generic-x86_64-with-glibc2.35,3.14.2,3.1.0,4,AMD EPYC 9474F 48-Core Processor,1,1 x NVIDIA RTX 5000 Ada Generation,,,4,machine,N
Optimisation step #201,2026-02-21T19:54:50,energy-efficiency,09cce248-eba0-43d2-be60-1c9eec337903,0.05846732389181852,2.3519068098615806e-08,4.0470147876058935e-07,360.0,0.0,10.0,5.811992846429734e-06,0.0,1.6132374294102522e-07,5.973316589370434e-06,0.0,Canada,CAN,quebec,,,Linux-5.15.0-144-generic-x86_64-with-glibc2.35,3.14.2,3.1.0,4,AMD EPYC 9474F 48-Core Processor,1,1 x NVIDIA RTX 5000 Ada Generation,,,4,machine,N
Forward pass #202,2026-02-21T19:54:50,energy-efficiency,09cce248-eba0-43d2-be60-1c9eec337903,0.06824321020394564,4.206791047294068e-08,6.195584516024705e-07,360.0,198.65558339567704,10.0,6.763499975204375e-06,3.7330585378470005e-06,1.8774863953392707e-07,1.0684307152585004e-05,0.0,Canada,CAN,quebec,,,Linux-5.15.0-144-generic-x86_64-with-glibc2.35,3.14.2,3.1.0,4,AMD EPYC 9474F 48-Core Processor,1,1 x NVIDIA RTX 5000 Ada Generation,,,4,machine,N
Backward pass #202,2026-02-21T19:54:50,energy-efficiency,09cce248-eba0-43d2-be60-1c9eec337903,0.1209122221916914,6.817703760580058e-08,5.680057628975458e-07,360.0,147.98848786062828,10.0,1.2033816240727621e-05,4.9475039602953075e-06,3.3412053146295766e-07,1.7315440732485615e-05,0.0,Canada,CAN,quebec,,,Linux-5.15.0-144-generic-x86_64-with-glibc2.35,3.14.2,3.1.0,4,AMD EPYC 9474F 48-Core Processor,1,1 x NVIDIA RTX 5000 Ada Generation,,,4,machine,N
Optimisation step #202,2026-02-21T19:54:50,energy-efficiency,09cce248-eba0-43d2-be60-1c9eec337903,0.05926149617880583,4.689550424849249e-08,7.934444335623353e-07,360.0,359.0078718489612,10.0,5.8810519985852405e-06,5.86611580644103e-06,1.6324005296661833e-07,1.1910407857992564e-05,0.0,Canada,CAN,quebec,,,Linux-5.15.0-144-generic-x86_64-with-glibc2.35,3.14.2,3.1.0,4,AMD EPYC 9474F 48-Core Processor,1,1 x NVIDIA RTX 5000 Ada Generation,,,4,machine,N
Forward pass #203,2026-02-21T19:54:50,energy-efficiency,09cce248-eba0-43d2-be60-1c9eec337903,0.0732477093115449,4.6031223165579204e-08,6.334459165570265e-07,360.0,250.41903438076335,10.0,6.7831584252414645e-06,4.719448217116451e-06,1.8829317608226657e-07,1.1690899818440209e-05,0.0,Canada,CAN,quebec,,,Linux-5.15.0-144-generic-x86_64-with-glibc2.35,3.14.2,3.1.0,4,AMD EPYC 9474F 48-Core Processor,1,1 x NVIDIA RTX 5000 Ada Generation,,,4,machine,N
Backward pass #203,2026-02-21T19:54:51,energy-efficiency,09cce248-eba0-43d2-be60-1c9eec337903,0.1181236170232296,6.944639367735168e-08,5.911132897907936e-07,360.0,170.90109019097184,10.0,1.1738583445548671e-05,5.57333779127589e-06,3.2590751070530406e-07,1.7637828747529838e-05,0.0,Canada,CAN,quebec,,,Linux-5.15.0-144-generic-x86_64-with-glibc2.35,3.14.2,3.1.0,4,AMD EPYC 9474F 48-Core Processor,1,1 x NVIDIA RTX 5000 Ada Generation,,,4,machine,N
Optimisation step #203,2026-02-21T19:54:51,energy-efficiency,09cce248-eba0-43d2-be60-1c9eec337903,0.059108663350343704,4.237768300864762e-08,7.236940659211814e-07,360.0,292.3245184582808,10.0,5.849340464919757e-06,4.751392690849343e-06,1.6224928355465756e-07,1.0762982439323568e-05,0.0,Canada,CAN,quebec,,,Linux-5.15.0-144-generic-x86_64-with-glibc2.35,3.14.2,3.1.0,4,AMD EPYC 9474F 48-Core Processor,1,1 x NVIDIA RTX 5000 Ada Generation,,,4,machine,N
Forward pass #204,2026-02-21T19:54:51,energy-efficiency,09cce248-eba0-43d2-be60-1c9eec337903,0.07347036339342594,2.7467102777689367e-08,3.767542264133583e-07,360.0,0.0,10.0,6.787621416151461e-06,0.0,1.8840756577749238e-07,6.976028981929387e-06,0.0,Canada,CAN,quebec,,,Linux-5.15.0-144-generic-x86_64-with-glibc2.35,3.14.2,3.1.0,4,AMD EPYC 9474F 48-Core Processor,1,1 x NVIDIA RTX 5000 Ada Generation,,,4,machine,N
Backward pass #204,2026-02-21T19:54:51,energy-efficiency,09cce248-eba0-43d2-be60-1c9eec337903,0.11836365051567554,9.372088137659962e-08,7.978172429840965e-07,360.0,360.00859607192524,10.0,1.1737653426826047e-05,1.1739453839254566e-05,3.258977318182669e-07,2.3803004997898988e-05,0.0,Canada,CAN,quebec,,,Linux-5.15.0-144-generic-x86_64-with-glibc2.35,3.14.2,3.1.0,4,AMD EPYC 9474F 48-Core Processor,1,1 x NVIDIA RTX 5000 Ada Generation,,,4,machine,N
Optimisation step #204,2026-02-21T19:54:51,energy-efficiency,09cce248-eba0-43d2-be60-1c9eec337903,0.05897906329482794,2.356689395737778e-08,4.0257950040323393e-07,360.0,0.0,10.0,5.8238101191820935e-06,0.0,1.6165316725770778e-07,5.9854632864396115e-06,0.0,Canada,CAN,quebec,,,Linux-5.15.0-144-generic-x86_64-with-glibc2.35,3.14.2,3.1.0,4,AMD EPYC 9474F 48-Core Processor,1,1 x NVIDIA RTX 5000 Ada Generation,,,4,machine,N
Forward pass #205,2026-02-21T19:54:51,energy-efficiency,09cce248-eba0-43d2-be60-1c9eec337903,0.06813489831984043,4.090813642771413e-08,6.032601818589701e-07,360.0,183.61137914713646,10.0,6.755829881876542e-06,3.446391641404034e-06,1.8752899486572383e-07,1.03897505181463e-05,0.0,Canada,CAN,quebec,,,Linux-5.15.0-144-generic-x86_64-with-glibc2.35,3.14.2,3.1.0,4,AMD EPYC 9474F 48-Core Processor,1,1 x NVIDIA RTX 5000 Ada Generation,,,4,machine,N
Backward pass #205,2026-02-21T19:54:51,energy-efficiency,09cce248-eba0-43d2-be60-1c9eec337903,0.12048870418220758,6.694903327012435e-08,5.596275941200674e-07,360.0,137.4942932378711,10.0,1.2061444763094252e-05,4.6072259074492194e-06,3.348844617398234e-07,1.70035551322837e-05,0.0,Canada,CAN,quebec,,,Linux-5.15.0-144-generic-x86_64-with-glibc2.35,3.14.2,3.1.0,4,AMD EPYC 9474F 48-Core Processor,1,1 x NVIDIA RTX 5000 Ada Generation,,,4,machine,N
Optimisation step #205,2026-02-21T19:54:51,energy-efficiency,09cce248-eba0-43d2-be60-1c9eec337903,0.058989512734115124,4.428563724945039e-08,7.541765439156784e-07,360.0,321.1128049505828,10.0,5.8582766912880155e-06,5.2266708507886506e-06,1.6261254592487445e-07,1.1247560088001839e-05,0.0,Canada,CAN,quebec,,,Linux-5.15.0-144-generic-x86_64-with-glibc2.35,3.14.2,3.1.0,4,AMD EPYC 9474F 48-Core Processor,1,1 x NVIDIA RTX 5000 Ada Generation,,,4,machine,N
Forward pass #206,2026-02-21T19:54:51,energy-efficiency,09cce248-eba0-43d2-be60-1c9eec337903,0.07354121468961239,4.895701085879441e-08,6.712265282840727e-07,360.0,290.8977530733205,10.0,6.772378180175918e-06,5.473615491524697e-06,1.879906980320912e-07,1.243398436973249e-05,0.0,Canada,CAN,quebec,,,Linux-5.15.0-144-generic-x86_64-with-glibc2.35,3.14.2,3.1.0,4,AMD EPYC 9474F 48-Core Processor,1,1 x NVIDIA RTX 5000 Ada Generation,,,4,machine,N
Backward pass #206,2026-02-21T19:54:51,energy-efficiency,09cce248-eba0-43d2-be60-1c9eec337903,0.11810618732124567,6.923865548867051e-08,5.907030391279466e-07,360.0,171.26298198590965,10.0,1.1695611849426961e-05,5.564726670570508e-06,3.2472937988738517e-07,1.7585067899885017e-05,0.0,Canada,CAN,quebec,,,Linux-5.15.0-144-generic-x86_64-with-glibc2.35,3.14.2,3.1.0,4,AMD EPYC 9474F 48-Core Processor,1,1 x NVIDIA RTX 5000 Ada Generation,,,4,machine,N
Optimisation step #206,2026-02-21T19:54:51,energy-efficiency,09cce248-eba0-43d2-be60-1c9eec337903,0.05868389643728733,2.3644542693695503e-08,4.0571345974723076e-07,360.0,0.0,10.0,5.842998344451206e-06,0.0,1.6218598207666589e-07,6.005184326527899e-06,0.0,Canada,CAN,quebec,,,Linux-5.15.0-144-generic-x86_64-with-glibc2.35,3.14.2,3.1.0,4,AMD EPYC 9474F 48-Core Processor,1,1 x NVIDIA RTX 5000 Ada Generation,,,4,machine,N
Forward pass #207,2026-02-21T19:54:51,energy-efficiency,09cce248-eba0-43d2-be60-1c9eec337903,0.07355448510497808,4.2340680509299496e-08,5.804152494735364e-07,360.0,201.0358449068102,10.0,6.779013294726591e-06,3.7863919182257177e-06,1.8817942020379745e-07,1.0753584633155754e-05,0.0,Canada,CAN,quebec,,,Linux-5.15.0-144-generic-x86_64-with-glibc2.35,3.14.2,3.1.0,4,AMD EPYC 9474F 48-Core Processor,1,1 x NVIDIA RTX 5000 Ada Generation,,,4,machine,N
Backward pass #207,2026-02-21T19:54:52,energy-efficiency,09cce248-eba0-43d2-be60-1c9eec337903,0.11833398137241602,7.096191365382987e-08,6.044159659953659e-07,360.0,183.37044556698385,10.0,1.1724425293505557e-05,5.972782556540324e-06,3.255290315590058e-07,1.8022736881605564e-05,0.0,Canada,CAN,quebec,,,Linux-5.15.0-144-generic-x86_64-with-glibc2.35,3.14.2,3.1.0,4,AMD EPYC 9474F 48-Core Processor,1,1 x NVIDIA RTX 5000 Ada Generation,,,4,machine,N
Optimisation step #207,2026-02-21T19:54:52,energy-efficiency,09cce248-eba0-43d2-be60-1c9eec337903,0.05916304513812065,4.6876313380549324e-08,8.017065393604936e-07,360.0,362.08767204583097,10.0,5.853877495974429e-06,5.8891713798914225e-06,1.6248493144908438e-07,1.1905533807313878e-05,0.0,Canada,CAN,quebec,,,Linux-5.15.0-144-generic-x86_64-with-glibc2.35,3.14.2,3.1.0,4,AMD EPYC 9474F 48-Core Processor,1,1 x NVIDIA RTX 5000 Ada Generation,,,4,machine,N
Forward pass #208,2026-02-21T19:54:52,energy-efficiency,09cce248-eba0-43d2-be60-1c9eec337903,0.07316597923636436,4.6093389142874046e-08,6.351544025732885e-07,360.0,252.62746848274753,10.0,6.768250279128897e-06,4.750559355670703e-06,1.8787894967114667e-07,1.1706688584469174e-05,0.0,Canada,CAN,quebec,,,Linux-5.15.0-144-generic-x86_64-with-glibc2.35,3.14.2,3.1.0,4,AMD EPYC 9474F 48-Core Processor,1,1 x NVIDIA RTX 5000 Ada Generation,,,4,machine,N
Backward pass #208,2026-02-21T19:54:52,energy-efficiency,09cce248-eba0-43d2-be60-1c9eec337903,0.11805923469364643,6.938472519951532e-08,5.91056624491678e-07,360.0,171.95937817822798,10.0,1.1705223005265171e-05,5.591948916361389e-06,3.249944135960692e-07,1.762216633522176e-05,0.0,Canada,CAN,quebec,,,Linux-5.15.0-144-generic-x86_64-with-glibc2.35,3.14.2,3.1.0,4,AMD EPYC 9474F 48-Core Processor,1,1 x NVIDIA RTX 5000 Ada Generation,,,4,machine,N
Optimisation step #208,2026-02-21T19:54:52,energy-efficiency,09cce248-eba0-43d2-be60-1c9eec337903,0.0588912395760417,4.252011726122161e-08,7.270711079574816e-07,360.0,294.1575454036055,10.0,5.853082519024708e-06,4.783614937053926e-06,1.624600935934352e-07,1.0799157549671798e-05,0.0,Canada,CAN,quebec,,,Linux-5.15.0-144-generic-x86_64-with-glibc2.35,3.14.2,3.1.0,4,AMD EPYC 9474F 48-Core Processor,1,1 x NVIDIA RTX 5000 Ada Generation,,,4,machine,N
Forward pass #209,2026-02-21T19:54:52,energy-efficiency,09cce248-eba0-43d2-be60-1c9eec337903,0.06823919899761677,2.7388592787415443e-08,4.033022027741041e-07,360.0,0.0,10.0,6.768213119357977e-06,0.0,1.8787608326722798e-07,6.956089202625124e-06,0.0,Canada,CAN,quebec,,,Linux-5.15.0-144-generic-x86_64-with-glibc2.35,3.14.2,3.1.0,4,AMD EPYC 9474F 48-Core Processor,1,1 x NVIDIA RTX 5000 Ada Generation,,,4,machine,N
Backward pass #209,2026-02-21T19:54:52,energy-efficiency,09cce248-eba0-43d2-be60-1c9eec337903,0.12133280653506517,9.086579503071507e-08,7.543693916440389e-07,360.0,319.34934242435895,10.0,1.2051317468285937e-05,1.069195299763237e-05,3.346065395615238e-07,2.3077877005478475e-05,0.0,Canada,CAN,quebec,,,Linux-5.15.0-144-generic-x86_64-with-glibc2.35,3.14.2,3.1.0,4,AMD EPYC 9474F 48-Core Processor,1,1 x NVIDIA RTX 5000 Ada Generation,,,4,machine,N
Optimisation step #209,2026-02-21T19:54:52,energy-efficiency,09cce248-eba0-43d2-be60-1c9eec337903,0.058864801190793514,2.3492194934091124e-08,4.02056638509577e-07,360.0,0.0,10.0,5.805349722504648e-06,0.0,1.6114168489972098e-07,5.966491407403962e-06,0.0,Canada,CAN,quebec,,,Linux-5.15.0-144-generic-x86_64-with-glibc2.35,3.14.2,3.1.0,4,AMD EPYC 9474F 48-Core Processor,1,1 x NVIDIA RTX 5000 Ada Generation,,,4,machine,N
Forward pass #210,2026-02-21T19:54:52,energy-efficiency,09cce248-eba0-43d2-be60-1c9eec337903,0.0734320031479001,4.0575699654837915e-08,5.569019439041481e-07,360.0,177.37938062672862,10.0,6.777195259928363e-06,3.3400026744345723e-06,1.8812108836655287e-07,1.0305319022730491e-05,0.0,Canada,CAN,quebec,,,Linux-5.15.0-144-generic-x86_64-with-glibc2.35,3.14.2,3.1.0,4,AMD EPYC 9474F 48-Core Processor,1,1 x NVIDIA RTX 5000 Ada Generation,,,4,machine,N
Backward pass #210,2026-02-21T19:54:52,energy-efficiency,09cce248-eba0-43d2-be60-1c9eec337903,0.11800719331949949,6.980794426886326e-08,5.960930465514686e-07,360.0,174.8611275092952,10.0,1.1713856086135142e-05,5.69056010846225e-06,3.2523830628230816e-07,1.7729654500878156e-05,0.0,Canada,CAN,quebec,,,Linux-5.15.0-144-generic-x86_64-with-glibc2.35,3.14.2,3.1.0,4,AMD EPYC 9474F 48-Core Processor,1,1 x NVIDIA RTX 5000 Ada Generation,,,4,machine,N
Optimisation step #210,2026-02-21T19:54:52,energy-efficiency,09cce248-eba0-43d2-be60-1c9eec337903,0.05917918495833874,4.494213422790008e-08,7.623744311577715e-07,360.0,328.23580419297446,10.0,5.884332023560826e-06,5.366670958295572e-06,1.632926364739638e-07,1.1414295618329684e-05,0.0,Canada,CAN,quebec,,,Linux-5.15.0-144-generic-x86_64-with-glibc2.35,3.14.2,3.1.0,4,AMD EPYC 9474F 48-Core Processor,1,1 x NVIDIA RTX 5000 Ada Generation,,,4,machine,N
Forward pass #211,2026-02-21T19:54:53,energy-efficiency,09cce248-eba0-43d2-be60-1c9eec337903,0.0739155812188983,4.898207833251239e-08,6.679529393478483e-07,360.0,289.3981884363145,10.0,6.791277509183083e-06,5.460559926007136e-06,1.8851351148138954e-07,1.2440350946671744e-05,0.0,Canada,CAN,quebec,,,Linux-5.15.0-144-generic-x86_64-with-glibc2.35,3.14.2,3.1.0,4,AMD EPYC 9474F 48-Core Processor,1,1 x NVIDIA RTX 5000 Ada Generation,,,4,machine,N
Backward pass #211,2026-02-21T19:54:53,energy-efficiency,09cce248-eba0-43d2-be60-1c9eec337903,0.11830640863627195,6.907717613113606e-08,5.88191231424938e-07,360.0,168.63906940093554,10.0,1.172490119934113e-05,5.4936155038376455e-06,3.255390562117175e-07,1.7544055759389707e-05,0.0,Canada,CAN,quebec,,,Linux-5.15.0-144-generic-x86_64-with-glibc2.35,3.14.2,3.1.0,4,AMD EPYC 9474F 48-Core Processor,1,1 x NVIDIA RTX 5000 Ada Generation,,,4,machine,N
Optimisation step #211,2026-02-21T19:54:53,energy-efficiency,09cce248-eba0-43d2-be60-1c9eec337903,0.058616066351532936,2.3503392865202957e-08,4.032512198609766e-07,360.0,0.0,10.0,5.808122828602699e-06,0.0,1.6121260252677065e-07,5.969335431128819e-06,0.0,Canada,CAN,quebec,,,Linux-5.15.0-144-generic-x86_64-with-glibc2.35,3.14.2,3.1.0,4,AMD EPYC 9474F 48-Core Processor,1,1 x NVIDIA RTX 5000 Ada Generation,,,4,machine,N
Forward pass #212,2026-02-21T19:54:53,energy-efficiency,09cce248-eba0-43d2-be60-1c9eec337903,0.06826466042548418,4.221914654797186e-08,6.215570319178533e-07,360.0,200.0344963708126,10.0,6.7714122124013995e-06,3.7633363447753254e-06,1.879691715455788e-07,1.0722717728723144e-05,0.0,Canada,CAN,quebec,,,Linux-5.15.0-144-generic-x86_64-with-glibc2.35,3.14.2,3.1.0,4,AMD EPYC 9474F 48-Core Processor,1,1 x NVIDIA RTX 5000 Ada Generation,,,4,machine,N
Backward pass #212,2026-02-21T19:54:53,energy-efficiency,09cce248-eba0-43d2-be60-1c9eec337903,0.12054863572120667,6.811946634178745e-08,5.692278216767035e-07,360.0,146.82752774799306,10.0,1.2050670478492599e-05,4.915559486562415e-06,3.345889556739172e-07,1.7300818920729447e-05,0.0,Canada,CAN,quebec,,,Linux-5.15.0-144-generic-x86_64-with-glibc2.35,3.14.2,3.1.0,4,AMD EPYC 9474F 48-Core Processor,1,1 x NVIDIA RTX 5000 Ada Generation,,,4,machine,N
Optimisation step #212,2026-02-21T19:54:53,energy-efficiency,09cce248-eba0-43d2-be60-1c9eec337903,0.05895035061985254,4.6673103725222264e-08,8.001501525113072e-07,360.0,364.8407732151782,10.0,5.806638766080521e-06,5.886115822306692e-06,1.6116851733790206e-07,1.1853923105724709e-05,0.0,Canada,CAN,quebec,,,Linux-5.15.0-144-generic-x86_64-with-glibc2.35,3.14.2,3.1.0,4,AMD EPYC 9474F 48-Core Processor,1,1 x NVIDIA RTX 5000 Ada Generation,,,4,machine,N
Forward pass #213,2026-02-21T19:54:53,energy-efficiency,09cce248-eba0-43d2-be60-1c9eec337903,0.0682529415935278,4.61513462206436e-08,6.802085945241388e-07,360.0,254.06120537556515,10.0,6.761197093874301e-06,4.77250381791805e-06,1.8770747248911062e-07,1.1721408384280513e-05,0.0,Canada,CAN,quebec,,,Linux-5.15.0-144-generic-x86_64-with-glibc2.35,3.14.2,3.1.0,4,AMD EPYC 9474F 48-Core Processor,1,1 x NVIDIA RTX 5000 Ada Generation,,,4,machine,N
Backward pass #213,2026-02-21T19:54:53,energy-efficiency,09cce248-eba0-43d2-be60-1c9eec337903,0.12106039375066757,6.633427950257943e-08,5.509904287279751e-07,360.0,135.27082194952877,10.0,1.2003310676664096e-05,4.510836941307161e-06,3.3327382471825574e-07,1.6847421442690164e-05,0.0,Canada,CAN,quebec,,,Linux-5.15.0-144-generic-x86_64-with-glibc2.35,3.14.2,3.1.0,4,AMD EPYC 9474F 48-Core Processor,1,1 x NVIDIA RTX 5000 Ada Generation,,,4,machine,N
Optimisation step #213,2026-02-21T19:54:53,energy-efficiency,09cce248-eba0-43d2-be60-1c9eec337903,0.05883848015218973,4.129287362158985e-08,7.097856695738804e-07,360.0,286.6585061583123,10.0,5.748999770730477e-06,4.5788925504552935e-06,1.5957282804366225e-07,1.0487465149229894e-05,0.0,Canada,CAN,quebec,,,Linux-5.15.0-144-generic-x86_64-with-glibc2.35,3.14.2,3.1.0,4,AMD EPYC 9474F 48-Core Processor,1,1 x NVIDIA RTX 5000 Ada Generation,,,4,machine,N
Forward pass #214,2026-02-21T19:54:53,energy-efficiency,09cce248-eba0-43d2-be60-1c9eec337903,0.06814431771636009,2.734154236584609e-08,4.0341757573272303e-07,360.0,0.0,10.0,6.756586953997681e-06,0.0,1.875524952386768e-07,6.944139449236927e-06,0.0,Canada,CAN,quebec,,,Linux-5.15.0-144-generic-x86_64-with-glibc2.35,3.14.2,3.1.0,4,AMD EPYC 9474F 48-Core Processor,1,1 x NVIDIA RTX 5000 Ada Generation,,,4,machine,N
Backward pass #214,2026-02-21T19:54:53,energy-efficiency,09cce248-eba0-43d2-be60-1c9eec337903,0.12956382893025875,9.076013328451006e-08,7.04919621844918e-07,360.0,315.80658405691224,10.0,1.2099533341825355e-05,1.0615564050908688e-05,3.359438954956076e-07,2.3051041288229407e-05,0.0,Canada,CAN,quebec,,,Linux-5.15.0-144-generic-x86_64-with-glibc2.35,3.14.2,3.1.0,4,AMD EPYC 9474F 48-Core Processor,1,1 x NVIDIA RTX 5000 Ada Generation,,,4,machine,N
Optimisation step #214,2026-02-21T19:54:53,energy-efficiency,09cce248-eba0-43d2-be60-1c9eec337903,0.05977936461567879,2.3561167132486467e-08,3.971241323660878e-07,360.0,0.0,10.0,5.822395998984417e-06,0.0,1.6161280218512236e-07,5.984008801168672e-06,0.0,Canada,CAN,quebec,,,Linux-5.15.0-144-generic-x86_64-with-glibc2.35,3.14.2,3.1.0,4,AMD EPYC 9474F 48-Core Processor,1,1 x NVIDIA RTX 5000 Ada Generation,,,4,machine,N
Forward pass #215,2026-02-21T19:54:54,energy-efficiency,09cce248-eba0-43d2-be60-1c9eec337903,0.06764787156134844,3.757245001203473e-08,5.57999776901271e-07,360.0,111.60167868597627,10.0,7.132885884493338e-06,2.211668434171088e-06,1.9800655233362732e-07,9.542560870998487e-06,0.0,Canada,CAN,quebec,,,Linux-5.15.0-144-generic-x86_64-with-glibc2.35,3.14.2,3.1.0,4,AMD EPYC 9474F 48-Core Processor,1,1 x NVIDIA RTX 5000 Ada Generation,,,4,machine,N
Backward pass #215,2026-02-21T19:54:54,energy-efficiency,09cce248-eba0-43d2-be60-1c9eec337903,0.11769472062587738,7.28772418156221e-08,6.229195197664666e-07,360.0,200.8928176044444,10.0,1.1671240534633434e-05,6.51389409966896e-06,3.240527067747414e-07,1.8509187341076566e-05,0.0,Canada,CAN,quebec,,,Linux-5.15.0-144-generic-x86_64-with-glibc2.35,3.14.2,3.1.0,4,AMD EPYC 9474F 48-Core Processor,1,1 x NVIDIA RTX 5000 Ada Generation,,,4,machine,N
Optimisation step #215,2026-02-21T19:54:54,energy-efficiency,09cce248-eba0-43d2-be60-1c9eec337903,0.07358843553811312,4.1531987558702545e-08,5.679273681143087e-07,360.0,286.8015863823889,10.0,5.781060457229342e-06,4.606670351847697e-06,1.6046392524408514e-07,1.0548194734321531e-05,0.0,Canada,CAN,quebec,,,Linux-5.15.0-144-generic-x86_64-with-glibc2.35,3.14.2,3.1.0,4,AMD EPYC 9474F 48-Core Processor,1,1 x NVIDIA RTX 5000 Ada Generation,,,4,machine,N
Forward pass #216,2026-02-21T19:54:54,energy-efficiency,09cce248-eba0-43d2-be60-1c9eec337903,0.06577927153557539,4.341124284743973e-08,6.634943192977178e-07,360.0,238.89652907595624,10.0,6.518158223479953e-06,4.326392350151309e-06,1.8093291825305407e-07,1.1025483491884994e-05,0.0,Canada,CAN,quebec,,,Linux-5.15.0-144-generic-x86_64-with-glibc2.35,3.14.2,3.1.0,4,AMD EPYC 9474F 48-Core Processor,1,1 x NVIDIA RTX 5000 Ada Generation,,,4,machine,N
Backward pass #216,2026-02-21T19:54:54,energy-efficiency,09cce248-eba0-43d2-be60-1c9eec337903,0.11735489405691624,7.222642490782371e-08,6.188139979015722e-07,360.0,141.65642661322656,10.0,1.290636016055939e-05,5.079170730226679e-06,3.583635307020678e-07,1.8343894421488788e-05,0.0,Canada,CAN,quebec,,,Linux-5.15.0-144-generic-x86_64-with-glibc2.35,3.14.2,3.1.0,4,AMD EPYC 9474F 48-Core Processor,1,1 x NVIDIA RTX 5000 Ada Generation,,,4,machine,N
Optimisation step #216,2026-02-21T19:54:54,energy-efficiency,09cce248-eba0-43d2-be60-1c9eec337903,0.07564922794699669,4.150873959983992e-08,5.547547598594e-07,360.0,290.32819371145615,10.0,5.7469327934085365e-06,4.635837044020263e-06,1.5952043597484305e-07,1.0542290273404809e-05,0.0,Canada,CAN,quebec,,,Linux-5.15.0-144-generic-x86_64-with-glibc2.35,3.14.2,3.1.0,4,AMD EPYC 9474F 48-Core Processor,1,1 x NVIDIA RTX 5000 Ada Generation,,,4,machine,N
Forward pass #217,2026-02-21T19:54:54,energy-efficiency,09cce248-eba0-43d2-be60-1c9eec337903,0.0659867636859417,4.799646529274771e-08,7.332338439158566e-07,360.0,299.1677723297451,10.0,6.557444762438601e-06,5.450559914521591e-06,1.8202263034051936e-07,1.2190027307299248e-05,0.0,Canada,CAN,quebec,,,Linux-5.15.0-144-generic-x86_64-with-glibc2.35,3.14.2,3.1.0,4,AMD EPYC 9474F 48-Core Processor,1,1 x NVIDIA RTX 5000 Ada Generation,,,4,machine,N
Backward pass #217,2026-02-21T19:54:54,energy-efficiency,09cce248-eba0-43d2-be60-1c9eec337903,0.11772058997303247,7.29721402877728e-08,6.231480127758677e-07,360.0,144.967044439416,10.0,1.2955774925649081e-05,5.217781950506151e-06,3.597325516036746e-07,1.8533289427758934e-05,0.0,Canada,CAN,quebec,,,Linux-5.15.0-144-generic-x86_64-with-glibc2.35,3.14.2,3.1.0,4,AMD EPYC 9474F 48-Core Processor,1,1 x NVIDIA RTX 5000 Ada Generation,,,4,machine,N
Optimisation step #217,2026-02-21T19:54:54,energy-efficiency,09cce248-eba0-43d2-be60-1c9eec337903,0.07492265664041042,2.3237708422908343e-08,3.1301700851605004e-07,360.0,0.0,10.0,5.742463655769581e-06,0.0,1.5939387699794873e-07,5.901857532767882e-06,0.0,Canada,CAN,quebec,,,Linux-5.15.0-144-generic-x86_64-with-glibc2.35,3.14.2,3.1.0,4,AMD EPYC 9474F 48-Core Processor,1,1 x NVIDIA RTX 5000 Ada Generation,,,4,machine,N
Forward pass #218,2026-02-21T19:54:54,energy-efficiency,09cce248-eba0-43d2-be60-1c9eec337903,0.06573862954974174,2.6469424940470554e-08,4.0472994426268996e-07,360.0,0.0,10.0,6.5410774201151226e-06,0.0,1.8156373407691995e-07,6.72264115419291e-06,0.0,Canada,CAN,quebec,,,Linux-5.15.0-144-generic-x86_64-with-glibc2.35,3.14.2,3.1.0,4,AMD EPYC 9474F 48-Core Processor,1,1 x NVIDIA RTX 5000 Ada Generation,,,4,machine,N
Backward pass #218,2026-02-21T19:54:55,energy-efficiency,09cce248-eba0-43d2-be60-1c9eec337903,0.11754712834954262,9.47079695481215e-08,8.095491924927088e-07,360.0,301.93602515566346,10.0,1.288644289597872e-05,1.0809453090843135e-05,3.578073008813742e-07,2.405370328770369e-05,0.0,Canada,CAN,quebec,,,Linux-5.15.0-144-generic-x86_64-with-glibc2.35,3.14.2,3.1.0,4,AMD EPYC 9474F 48-Core Processor,1,1 x NVIDIA RTX 5000 Ada Generation,,,4,machine,N
Optimisation step #218,2026-02-21T19:54:55,energy-efficiency,09cce248-eba0-43d2-be60-1c9eec337903,0.07417764514684677,2.3312182214117e-08,3.1749084675002196e-07,360.0,0.0,10.0,5.760867986827865e-06,0.0,1.599042210727829e-07,5.920772207901326e-06,0.0,Canada,CAN,quebec,,,Linux-5.15.0-144-generic-x86_64-with-glibc2.35,3.14.2,3.1.0,4,AMD EPYC 9474F 48-Core Processor,1,1 x NVIDIA RTX 5000 Ada Generation,,,4,machine,N
Forward pass #219,2026-02-21T19:54:55,energy-efficiency,09cce248-eba0-43d2-be60-1c9eec337903,0.06586778350174427,3.778580378540383e-08,5.768597187691156e-07,360.0,154.55720523567234,10.0,6.5858772955833256e-06,2.828057816373075e-06,1.8281283943602446e-07,9.596747951392398e-06,0.0,Canada,CAN,quebec,,,Linux-5.15.0-144-generic-x86_64-with-glibc2.35,3.14.2,3.1.0,4,AMD EPYC 9474F 48-Core Processor,1,1 x NVIDIA RTX 5000 Ada Generation,,,4,machine,N
Backward pass #219,2026-02-21T19:54:55,energy-efficiency,09cce248-eba0-43d2-be60-1c9eec337903,0.11761846859008074,7.339781928392104e-08,6.274723564559276e-07,360.0,147.84009747691374,10.0,1.2959071993827453e-05,5.3225042577764725e-06,3.5982610813032256e-07,1.864140235973387e-05,0.0,Canada,CAN,quebec,,,Linux-5.15.0-144-generic-x86_64-with-glibc2.35,3.14.2,3.1.0,4,AMD EPYC 9474F 48-Core Processor,1,1 x NVIDIA RTX 5000 Ada Generation,,,4,machine,N
Optimisation step #219,2026-02-21T19:54:55,energy-efficiency,09cce248-eba0-43d2-be60-1c9eec337903,0.07408815436065197,4.502213630407152e-08,6.125707866091746e-07,360.0,340.19332145693346,10.0,5.795491486788179e-06,5.4783377159139945e-06,1.607851513351136e-07,1.1434614354037531e-05,0.0,Canada,CAN,quebec,,,Linux-5.15.0-144-generic-x86_64-with-glibc2.35,3.14.2,3.1.0,4,AMD EPYC 9474F 48-Core Processor,1,1 x NVIDIA RTX 5000 Ada Generation,,,4,machine,N
Forward pass #220,2026-02-21T19:54:55,energy-efficiency,09cce248-eba0-43d2-be60-1c9eec337903,0.0791833745315671,3.968012062589859e-08,5.048648146110437e-07,360.0,174.81210175058163,10.0,6.658852379768862e-06,3.2341692559612056e-06,1.848403700730871e-07,1.0077862005802504e-05,0.0,Canada,CAN,quebec,,,Linux-5.15.0-144-generic-x86_64-with-glibc2.35,3.14.2,3.1.0,4,AMD EPYC 9474F 48-Core Processor,1,1 x NVIDIA RTX 5000 Ada Generation,,,4,machine,N
Backward pass #220,2026-02-21T19:54:55,energy-efficiency,09cce248-eba0-43d2-be60-1c9eec337903,0.1170062692835927,7.119840393883319e-08,6.121236103511316e-07,360.0,185.63381769253175,10.0,1.1715571116656387e-05,6.041949276891501e-06,3.2527972426680163e-07,1.808280011781488e-05,0.0,Canada,CAN,quebec,,,Linux-5.15.0-144-generic-x86_64-with-glibc2.35,3.14.2,3.1.0,4,AMD EPYC 9474F 48-Core Processor,1,1 x NVIDIA RTX 5000 Ada Generation,,,4,machine,N
Optimisation step #220,2026-02-21T19:54:55,energy-efficiency,09cce248-eba0-43d2-be60-1c9eec337903,0.07187826838344336,4.3717094961318514e-08,6.146511177197406e-07,360.0,322.6857505994984,10.0,5.769946239888614e-06,5.173059694385529e-06,1.6015714500100336e-07,1.1103163079275932e-05,0.0,Canada,CAN,quebec,,,Linux-5.15.0-144-generic-x86_64-with-glibc2.35,3.14.2,3.1.0,4,AMD EPYC 9474F 48-Core Processor,1,1 x NVIDIA RTX 5000 Ada Generation,,,4,machine,N
Forward pass #221,2026-02-21T19:54:55,energy-efficiency,09cce248-eba0-43d2-be60-1c9eec337903,0.06573172938078642,4.385764654341696e-08,6.699772737928582e-07,360.0,236.25594517867938,10.0,6.613877601921621e-06,4.341392362050556e-06,1.8359006951666691e-07,1.1138860033487949e-05,0.0,Canada,CAN,quebec,,,Linux-5.15.0-144-generic-x86_64-with-glibc2.35,3.14.2,3.1.0,4,AMD EPYC 9474F 48-Core Processor,1,1 x NVIDIA RTX 5000 Ada Generation,,,4,machine,N
Backward pass #221,2026-02-21T19:54:55,energy-efficiency,09cce248-eba0-43d2-be60-1c9eec337903,0.11739163473248482,7.186531828343065e-08,6.161865227879522e-07,360.0,142.2204378548798,10.0,1.282767895609098e-05,5.068337390667921e-06,3.561650790894985e-07,1.8252181425848155e-05,0.0,Canada,CAN,quebec,,,Linux-5.15.0-144-generic-x86_64-with-glibc2.35,3.14.2,3.1.0,4,AMD EPYC 9474F 48-Core Processor,1,1 x NVIDIA RTX 5000 Ada Generation,,,4,machine,N
Optimisation step #221,2026-02-21T19:54:55,energy-efficiency,09cce248-eba0-43d2-be60-1c9eec337903,0.0754801956936717,4.1782951336063556e-08,5.593465103664463e-07,360.0,288.604043638635,10.0,5.800102651119625e-06,4.650837052366796e-06,1.6099420997004615e-07,1.0611933913455898e-05,0.0,Canada,CAN,quebec,,,Linux-5.15.0-144-generic-x86_64-with-glibc2.35,3.14.2,3.1.0,4,AMD EPYC 9474F 48-Core Processor,1,1 x NVIDIA RTX 5000 Ada Generation,,,4,machine,N
Forward pass #222,2026-02-21T19:54:56,energy-efficiency,09cce248-eba0-43d2-be60-1c9eec337903,0.0657209400087595,4.813577285804117e-08,7.361097396091613e-07,360.0,296.5462292893725,10.0,6.602407339960023e-06,5.4397265714101195e-06,1.832743977299965e-07,1.2225408309099461e-05,0.0,Canada,CAN,quebec,,,Linux-5.15.0-144-generic-x86_64-with-glibc2.35,3.14.2,3.1.0,4,AMD EPYC 9474F 48-Core Processor,1,1 x NVIDIA RTX 5000 Ada Generation,,,4,machine,N
Backward pass #222,2026-02-21T19:54:56,energy-efficiency,09cce248-eba0-43d2-be60-1c9eec337903,0.11759511847048998,7.322458089954243e-08,6.260366926696593e-07,360.0,143.24029636392237,10.0,1.3044374249875264e-05,5.190837487845101e-06,3.621919520406145e-07,1.859740368976258e-05,0.0,Canada,CAN,quebec,,,Linux-5.15.0-144-generic-x86_64-with-glibc2.35,3.14.2,3.1.0,4,AMD EPYC 9474F 48-Core Processor,1,1 x NVIDIA RTX 5000 Ada Generation,,,4,machine,N
Optimisation step #222,2026-02-21T19:54:56,energy-efficiency,09cce248-eba0-43d2-be60-1c9eec337903,0.07374778855592012,2.3333826596543222e-08,3.1862878807154436e-07,360.0,0.0,10.0,5.766210146248424e-06,0.0,1.6005925006337728e-07,5.9262693963123975e-06,0.0,Canada,CAN,quebec,,,Linux-5.15.0-144-generic-x86_64-with-glibc2.35,3.14.2,3.1.0,4,AMD EPYC 9474F 48-Core Processor,1,1 x NVIDIA RTX 5000 Ada Generation,,,4,machine,N
Forward pass #223,2026-02-21T19:54:56,energy-efficiency,09cce248-eba0-43d2-be60-1c9eec337903,0.06597333494573832,2.6410103374073664e-08,4.0353806301932875e-07,360.0,0.0,10.0,6.526437215506609e-06,0.0,1.8113758932386276e-07,6.707574804830363e-06,0.0,Canada,CAN,quebec,,,Linux-5.15.0-144-generic-x86_64-with-glibc2.35,3.14.2,3.1.0,4,AMD EPYC 9474F 48-Core Processor,1,1 x NVIDIA RTX 5000 Ada Generation,,,4,machine,N
Backward pass #223,2026-02-21T19:54:56,energy-efficiency,09cce248-eba0-43d2-be60-1c9eec337903,0.11783267185091972,9.453801493914158e-08,8.080081105189878e-07,360.0,301.347996463179,10.0,1.2874715682118995e-05,1.0778341952288883e-05,3.5748098873428485e-07,2.4010538623142272e-05,0.0,Canada,CAN,quebec,,,Linux-5.15.0-144-generic-x86_64-with-glibc2.35,3.14.2,3.1.0,4,AMD EPYC 9474F 48-Core Processor,1,1 x NVIDIA RTX 5000 Ada Generation,,,4,machine,N
Optimisation step #223,2026-02-21T19:54:56,energy-efficiency,09cce248-eba0-43d2-be60-1c9eec337903,0.07382851932197809,2.3339796183543778e-08,3.1923437661677723e-07,360.0,0.0,10.0,5.767691228539089e-06,0.0,1.60094309184294e-07,5.927785537722732e-06,0.0,Canada,CAN,quebec,,,Linux-5.15.0-144-generic-x86_64-with-glibc2.35,3.14.2,3.1.0,4,AMD EPYC 9474F 48-Core Processor,1,1 x NVIDIA RTX 5000 Ada Generation,,,4,machine,N
Forward pass #224,2026-02-21T19:54:56,energy-efficiency,09cce248-eba0-43d2-be60-1c9eec337903,0.06653269194066525,3.7835281284460194e-08,5.767994816630745e-07,360.0,152.08703179687555,10.0,6.6256678663192264e-06,2.799724462931863e-06,1.8392179885670917e-07,9.609314128107907e-06,0.0,Canada,CAN,quebec,,,Linux-5.15.0-144-generic-x86_64-with-glibc2.35,3.14.2,3.1.0,4,AMD EPYC 9474F 48-Core Processor,1,1 x NVIDIA RTX 5000 Ada Generation,,,4,machine,N
Backward pass #224,2026-02-21T19:54:56,energy-efficiency,09cce248-eba0-43d2-be60-1c9eec337903,0.11776439193636179,7.127097252733456e-08,6.093179812274496e-07,360.0,136.17796055782682,10.0,1.287350561469773e-05,4.870281674840271e-06,3.5744362459000844e-07,1.810123091412763e-05,0.0,Canada,CAN,quebec,,,Linux-5.15.0-144-generic-x86_64-with-glibc2.35,3.14.2,3.1.0,4,AMD EPYC 9474F 48-Core Processor,1,1 x NVIDIA RTX 5000 Ada Generation,,,4,machine,N
Optimisation step #224,2026-02-21T19:54:56,energy-efficiency,09cce248-eba0-43d2-be60-1c9eec337903,0.07398232165724039,4.489154385412485e-08,6.130020544171442e-07,360.0,340.5617398992631,10.0,5.775843281298487e-06,5.46528214684372e-06,1.6032136821499685e-07,1.1401446796358017e-05,0.0,Canada,CAN,quebec,,,Linux-5.15.0-144-generic-x86_64-with-glibc2.35,3.14.2,3.1.0,4,AMD EPYC 9474F 48-Core Processor,1,1 x NVIDIA RTX 5000 Ada Generation,,,4,machine,N
Forward pass #225,2026-02-21T19:54:56,energy-efficiency,09cce248-eba0-43d2-be60-1c9eec337903,0.06579911056905985,3.947533414204647e-08,6.034007008724482e-07,360.0,181.0645829053019,10.0,6.54932353645523e-06,3.2947248591597145e-06,1.8180242946578672e-07,1.002585082508084e-05,0.0,Canada,CAN,quebec,,,Linux-5.15.0-144-generic-x86_64-with-glibc2.35,3.14.2,3.1.0,4,AMD EPYC 9474F 48-Core Processor,1,1 x NVIDIA RTX 5000 Ada Generation,,,4,machine,N
Backward pass #225,2026-02-21T19:54:56,energy-efficiency,09cce248-eba0-43d2-be60-1c9eec337903,0.11790874321013689,7.34438138656266e-08,6.27563290126962e-07,360.0,148.5633123702622,10.0,1.2949091847985761e-05,5.344448723576534e-06,3.5954338187973544e-07,1.865308395344184e-05,0.0,Canada,CAN,quebec,,,Linux-5.15.0-144-generic-x86_64-with-glibc2.35,3.14.2,3.1.0,4,AMD EPYC 9474F 48-Core Processor,1,1 x NVIDIA RTX 5000 Ada Generation,,,4,machine,N
Optimisation step #225,2026-02-21T19:54:57,energy-efficiency,09cce248-eba0-43d2-be60-1c9eec337903,0.07376446854323149,4.343398716887383e-08,5.947014281233403e-07,360.0,321.0430824787439,10.0,5.746202729642151e-06,5.125559653151868e-06,1.5949765737685194e-07,1.1031260040171575e-05,0.0,Canada,CAN,quebec,,,Linux-5.15.0-144-generic-x86_64-with-glibc2.35,3.14.2,3.1.0,4,AMD EPYC 9474F 48-Core Processor,1,1 x NVIDIA RTX 5000 Ada Generation,,,4,machine,N
Forward pass #226,2026-02-21T19:54:57,energy-efficiency,09cce248-eba0-43d2-be60-1c9eec337903,0.06605770532041788,4.361304566229558e-08,6.65279473439561e-07,360.0,232.6676608280788,10.0,6.616137642413179e-06,4.276947866088676e-06,1.8365137899914149e-07,1.107673688750116e-05,0.0,Canada,CAN,quebec,,,Linux-5.15.0-144-generic-x86_64-with-glibc2.35,3.14.2,3.1.0,4,AMD EPYC 9474F 48-Core Processor,1,1 x NVIDIA RTX 5000 Ada Generation,,,4,machine,N
Backward pass #226,2026-02-21T19:54:57,energy-efficiency,09cce248-eba0-43d2-be60-1c9eec337903,0.11770203895866871,7.175456130334592e-08,6.126208217503256e-07,360.0,135.96705010368265,10.0,1.2966246157884546e-05,4.8977816966555565e-06,3.600237787597805e-07,1.8224051633300778e-05,0.0,Canada,CAN,quebec,,,Linux-5.15.0-144-generic-x86_64-with-glibc2.35,3.14.2,3.1.0,4,AMD EPYC 9474F 48-Core Processor,1,1 x NVIDIA RTX 5000 Ada Generation,,,4,machine,N
Optimisation step #226,2026-02-21T19:54:57,energy-efficiency,09cce248-eba0-43d2-be60-1c9eec337903,0.07339243218302727,4.1431673902300313e-08,5.701905184279916e-07,360.0,284.34723341098527,10.0,5.788708478212355e-06,4.5733369908873556e-06,1.6067184300885026e-07,1.0522717312109672e-05,0.0,Canada,CAN,quebec,,,Linux-5.15.0-144-generic-x86_64-with-glibc2.35,3.14.2,3.1.0,4,AMD EPYC 9474F 48-Core Processor,1,1 x NVIDIA RTX 5000 Ada Generation,,,4,machine,N
Forward pass #227,2026-02-21T19:54:57,energy-efficiency,09cce248-eba0-43d2-be60-1c9eec337903,0.06592334248125553,4.81675930109787e-08,7.360958803698211e-07,360.0,296.04838239925704,10.0,6.6116295754908155e-06,5.438337687735384e-06,1.8352265211029261e-07,1.2233489915336113e-05,0.0,Canada,CAN,quebec,,,Linux-5.15.0-144-generic-x86_64-with-glibc2.35,3.14.2,3.1.0,4,AMD EPYC 9474F 48-Core Processor,1,1 x NVIDIA RTX 5000 Ada Generation,,,4,machine,N
Backward pass #227,2026-02-21T19:54:57,energy-efficiency,09cce248-eba0-43d2-be60-1c9eec337903,0.11766421888023615,7.324860985516619e-08,6.257054617715434e-07,360.0,142.57933241178972,10.0,1.3065453711897518e-05,5.175281916791619e-06,3.6277087767504234e-07,1.860350650636361e-05,0.0,Canada,CAN,quebec,,,Linux-5.15.0-144-generic-x86_64-with-glibc2.35,3.14.2,3.1.0,4,AMD EPYC 9474F 48-Core Processor,1,1 x NVIDIA RTX 5000 Ada Generation,,,4,machine,N
Optimisation step #227,2026-02-21T19:54:57,energy-efficiency,09cce248-eba0-43d2-be60-1c9eec337903,0.07318321894854307,2.326237717130273e-08,3.21120563909001e-07,360.0,0.0,10.0,5.748557765037146e-06,0.0,1.5956507737024104e-07,5.908122842407035e-06,0.0,Canada,CAN,quebec,,,Linux-5.15.0-144-generic-x86_64-with-glibc2.35,3.14.2,3.1.0,4,AMD EPYC 9474F 48-Core Processor,1,1 x NVIDIA RTX 5000 Ada Generation,,,4,machine,N
Forward pass #228,2026-02-21T19:54:57,energy-efficiency,09cce248-eba0-43d2-be60-1c9eec337903,0.06602962501347065,2.6394017198069417e-08,4.0312971149469116e-07,360.0,0.0,10.0,6.522436160593878e-06,0.0,1.8105311577932973e-07,6.7034892763731535e-06,0.0,Canada,CAN,quebec,,,Linux-5.15.0-144-generic-x86_64-with-glibc2.35,3.14.2,3.1.0,4,AMD EPYC 9474F 48-Core Processor,1,1 x NVIDIA RTX 5000 Ada Generation,,,4,machine,N
Backward pass #228,2026-02-21T19:54:57,energy-efficiency,09cce248-eba0-43d2-be60-1c9eec337903,0.11813459731638432,9.485875468361808e-08,8.088848515845296e-07,360.0,300.9822264507077,10.0,1.2925329431891057e-05,1.0807786420485854e-05,3.5888348292144995e-07,2.409199933529893e-05,0.0,Canada,CAN,quebec,,,Linux-5.15.0-144-generic-x86_64-with-glibc2.35,3.14.2,3.1.0,4,AMD EPYC 9474F 48-Core Processor,1,1 x NVIDIA RTX 5000 Ada Generation,,,4,machine,N
Optimisation step #228,2026-02-21T19:54:57,energy-efficiency,09cce248-eba0-43d2-be60-1c9eec337903,0.07381170894950628,2.3299208237670605e-08,3.1898957752905437e-07,360.0,0.0,10.0,5.757663026451781e-06,0.0,1.5981408198260764e-07,5.9174771084337385e-06,0.0,Canada,CAN,quebec,,,Linux-5.15.0-144-generic-x86_64-with-glibc2.35,3.14.2,3.1.0,4,AMD EPYC 9474F 48-Core Processor,1,1 x NVIDIA RTX 5000 Ada Generation,,,4,machine,N
Forward pass #229,2026-02-21T19:54:57,energy-efficiency,09cce248-eba0-43d2-be60-1c9eec337903,0.06587760150432587,3.774206594840934e-08,5.770100115672335e-07,360.0,152.10780041232456,10.0,6.60912860184909e-06,2.79305779216088e-06,1.834531262930874e-07,9.585639520302489e-06,0.0,Canada,CAN,quebec,,,Linux-5.15.0-144-generic-x86_64-with-glibc2.35,3.14.2,3.1.0,4,AMD EPYC 9474F 48-Core Processor,1,1 x NVIDIA RTX 5000 Ada Generation,,,4,machine,N
Backward pass #229,2026-02-21T19:54:58,energy-efficiency,09cce248-eba0-43d2-be60-1c9eec337903,0.11775387171655893,7.327414054333903e-08,6.267890597806499e-07,360.0,149.296129260055,10.0,1.2900940142572016e-05,5.3508376147703984e-06,3.5821297205985416e-07,1.860999072940059e-05,0.0,Canada,CAN,quebec,,,Linux-5.15.0-144-generic-x86_64-with-glibc2.35,3.14.2,3.1.0,4,AMD EPYC 9474F 48-Core Processor,1,1 x NVIDIA RTX 5000 Ada Generation,,,4,machine,N
Optimisation step #229,2026-02-21T19:54:58,energy-efficiency,09cce248-eba0-43d2-be60-1c9eec337903,0.07357817515730858,4.486676414303879e-08,6.133401603601599e-07,360.0,343.80516145599717,10.0,5.746472813188824e-06,5.489171055472752e-06,1.595094360204235e-07,1.1395153304682298e-05,0.0,Canada,CAN,quebec,,,Linux-5.15.0-144-generic-x86_64-with-glibc2.35,3.14.2,3.1.0,4,AMD EPYC 9474F 48-Core Processor,1,1 x NVIDIA RTX 5000 Ada Generation,,,4,machine,N
Forward pass #230,2026-02-21T19:54:58,energy-efficiency,09cce248-eba0-43d2-be60-1c9eec337903,0.065927654504776,3.953322961994124e-08,6.044691745756803e-07,360.0,183.85979933248223,10.0,6.525796279310998e-06,3.333613779687994e-06,1.811449209021326e-07,1.0040554979901667e-05,0.0,Canada,CAN,quebec,,,Linux-5.15.0-144-generic-x86_64-with-glibc2.35,3.14.2,3.1.0,4,AMD EPYC 9474F 48-Core Processor,1,1 x NVIDIA RTX 5000 Ada Generation,,,4,machine,N
Backward pass #230,2026-02-21T19:54:58,energy-efficiency,09cce248-eba0-43d2-be60-1c9eec337903,0.11754242703318596,7.364872510803996e-08,6.313688064350782e-07,360.0,153.2282081600341,10.0,1.2869452591985145e-05,5.4783377159139945e-06,3.573365121459042e-07,1.8705126820044854e-05,0.0,Canada,CAN,quebec,,,Linux-5.15.0-144-generic-x86_64-with-glibc2.35,3.14.2,3.1.0,4,AMD EPYC 9474F 48-Core Processor,1,1 x NVIDIA RTX 5000 Ada Generation,,,4,machine,N
Optimisation step #230,2026-02-21T19:54:58,energy-efficiency,09cce248-eba0-43d2-be60-1c9eec337903,0.07557966746389866,4.3681943983866394e-08,5.842456190152223e-07,360.0,324.67068446806013,10.0,5.748826824128993e-06,5.185837480325972e-06,1.595712137511952e-07,1.109423551820532e-05,0.0,Canada,CAN,quebec,,,Linux-5.15.0-144-generic-x86_64-with-glibc2.35,3.14.2,3.1.0,4,AMD EPYC 9474F 48-Core Processor,1,1 x NVIDIA RTX 5000 Ada Generation,,,4,machine,N
Forward pass #231,2026-02-21T19:54:58,energy-efficiency,09cce248-eba0-43d2-be60-1c9eec337903,0.06585930194705725,4.351414524968292e-08,6.641115298197472e-07,360.0,232.00142415879998,10.0,6.608455535024593e-06,4.259725628230626e-06,1.8343723430814802e-07,1.1051618397563828e-05,0.0,Canada,CAN,quebec,,,Linux-5.15.0-144-generic-x86_64-with-glibc2.35,3.14.2,3.1.0,4,AMD EPYC 9474F 48-Core Processor,1,1 x NVIDIA RTX 5000 Ada Generation,,,4,machine,N
Backward pass #231,2026-02-21T19:54:58,energy-efficiency,09cce248-eba0-43d2-be60-1c9eec337903,0.11797604523599148,7.192805559680154e-08,6.14172274002385e-07,360.0,137.50104420403142,10.0,1.2958307005464867e-05,4.950003962278515e-06,3.5980433070410605e-07,1.8268115298447976e-05,0.0,Canada,CAN,quebec,,,Linux-5.15.0-144-generic-x86_64-with-glibc2.35,3.14.2,3.1.0,4,AMD EPYC 9474F 48-Core Processor,1,1 x NVIDIA RTX 5000 Ada Generation,,,4,machine,N
Optimisation step #231,2026-02-21T19:54:58,energy-efficiency,09cce248-eba0-43d2-be60-1c9eec337903,0.07378519792109728,4.1281443630494536e-08,5.650934709200848e-07,360.0,288.2863024519024,10.0,5.73319857940114e-06,4.5922258991026865e-06,1.5913770896278665e-07,1.0484562187466559e-05,0.0,Canada,CAN,quebec,,,Linux-5.15.0-144-generic-x86_64-with-glibc2.35,3.14.2,3.1.0,4,AMD EPYC 9474F 48-Core Processor,1,1 x NVIDIA RTX 5000 Ada Generation,,,4,machine,N
Forward pass #232,2026-02-21T19:54:58,energy-efficiency,09cce248-eba0-43d2-be60-1c9eec337903,0.06605785619467497,4.8237456141213254e-08,7.33739807451978e-07,360.0,296.9626907333675,10.0,6.6121316514905146e-06,5.455559918488007e-06,1.8354201585882583e-07,1.2251233585837754e-05,0.0,Canada,CAN,quebec,,,Linux-5.15.0-144-generic-x86_64-with-glibc2.35,3.14.2,3.1.0,4,AMD EPYC 9474F 48-Core Processor,1,1 x NVIDIA RTX 5000 Ada Generation,,,4,machine,N
Backward pass #232,2026-02-21T19:54:58,energy-efficiency,09cce248-eba0-43d2-be60-1c9eec337903,0.11791781336069107,7.306791381271388e-08,6.231341431104645e-07,360.0,142.84564419228286,10.0,1.3026470039039992e-05,5.169448581199276e-06,3.61695138013197e-07,1.8557613758253197e-05,0.0,Canada,CAN,quebec,,,Linux-5.15.0-144-generic-x86_64-with-glibc2.35,3.14.2,3.1.0,4,AMD EPYC 9474F 48-Core Processor,1,1 x NVIDIA RTX 5000 Ada Generation,,,4,machine,N
Optimisation step #232,2026-02-21T19:54:59,energy-efficiency,09cce248-eba0-43d2-be60-1c9eec337903,0.07328850030899048,2.3471595112261776e-08,3.23449549873947e-07,360.0,0.0,10.0,5.800262745469728e-06,0.0,1.6099676852009766e-07,5.961259513990666e-06,0.0,Canada,CAN,quebec,,,Linux-5.15.0-144-generic-x86_64-with-glibc2.35,3.14.2,3.1.0,4,AMD EPYC 9474F 48-Core Processor,1,1 x NVIDIA RTX 5000 Ada Generation,,,4,machine,N
Forward pass #233,2026-02-21T19:54:59,energy-efficiency,09cce248-eba0-43d2-be60-1c9eec337903,0.06605718471109867,2.643460734411406e-08,4.032400124789966e-07,360.0,0.0,10.0,6.532469391823219e-06,0.0,1.8132887263266244e-07,6.713798264454743e-06,0.0,Canada,CAN,quebec,,,Linux-5.15.0-144-generic-x86_64-with-glibc2.35,3.14.2,3.1.0,4,AMD EPYC 9474F 48-Core Processor,1,1 x NVIDIA RTX 5000 Ada Generation,,,4,machine,N
Backward pass #233,2026-02-21T19:54:59,energy-efficiency,09cce248-eba0-43d2-be60-1c9eec337903,0.1174306245520711,9.446943338497571e-08,8.084387243000622e-07,360.0,306.948528431092,10.0,1.2758849747478845e-05,1.0880008705527189e-05,3.5426199125748194e-07,2.399312044426387e-05,0.0,Canada,CAN,quebec,,,Linux-5.15.0-144-generic-x86_64-with-glibc2.35,3.14.2,3.1.0,4,AMD EPYC 9474F 48-Core Processor,1,1 x NVIDIA RTX 5000 Ada Generation,,,4,machine,N
Optimisation step #233,2026-02-21T19:54:59,energy-efficiency,09cce248-eba0-43d2-be60-1c9eec337903,0.07464828342199326,2.3314422097763128e-08,3.1565758819190134e-07,360.0,0.0,10.0,5.761419143528006e-06,0.0,1.5992194465878234e-07,5.921341088186219e-06,0.0,Canada,CAN,quebec,,,Linux-5.15.0-144-generic-x86_64-with-glibc2.35,3.14.2,3.1.0,4,AMD EPYC 9474F 48-Core Processor,1,1 x NVIDIA RTX 5000 Ada Generation,,,4,machine,N
Forward pass #234,2026-02-21T19:54:59,energy-efficiency,09cce248-eba0-43d2-be60-1c9eec337903,0.06607222557067871,3.813879560314582e-08,5.819358035232508e-07,360.0,156.6920596394866,10.0,6.620397698134557e-06,2.8822245283777193e-06,1.8377774136347992e-07,9.686399967874862e-06,0.0,Canada,CAN,quebec,,,Linux-5.15.0-144-generic-x86_64-with-glibc2.35,3.14.2,3.1.0,4,AMD EPYC 9474F 48-Core Processor,1,1 x NVIDIA RTX 5000 Ada Generation,,,4,machine,N
Backward pass #234,2026-02-21T19:54:59,energy-efficiency,09cce248-eba0-43d2-be60-1c9eec337903,0.11728601437062025,7.325745144564407e-08,6.281949444980346e-07,360.0,153.68727331500924,10.0,1.2789793312549362e-05,5.4608376984788265e-06,3.5512106130933924e-07,1.8605752072338097e-05,0.0,Canada,CAN,quebec,,,Linux-5.15.0-144-generic-x86_64-with-glibc2.35,3.14.2,3.1.0,4,AMD EPYC 9474F 48-Core Processor,1,1 x NVIDIA RTX 5000 Ada Generation,,,4,machine,N
Optimisation step #234,2026-02-21T19:54:59,energy-efficiency,09cce248-eba0-43d2-be60-1c9eec337903,0.07580642122775316,4.541998120922389e-08,6.035768782569514e-07,360.0,353.52203485449076,10.0,5.739136692136174e-06,5.637226731636247e-06,1.5929462646857703e-07,1.1535658050241052e-05,0.0,Canada,CAN,quebec,,,Linux-5.15.0-144-generic-x86_64-with-glibc2.35,3.14.2,3.1.0,4,AMD EPYC 9474F 48-Core Processor,1,1 x NVIDIA RTX 5000 Ada Generation,,,4,machine,N
Forward pass #235,2026-02-21T19:54:59,energy-efficiency,09cce248-eba0-43d2-be60-1c9eec337903,0.06610437575727701,3.953561805103504e-08,6.030902811433249e-07,360.0,183.3146579782713,10.0,6.532603222877097e-06,3.3272248849414154e-06,1.813334800923941e-07,1.0041161587910283e-05,0.0,Canada,CAN,quebec,,,Linux-5.15.0-144-generic-x86_64-with-glibc2.35,3.14.2,3.1.0,4,AMD EPYC 9474F 48-Core Processor,1,1 x NVIDIA RTX 5000 Ada Generation,,,4,machine,N
Backward pass #235,2026-02-21T19:54:59,energy-efficiency,09cce248-eba0-43d2-be60-1c9eec337903,0.11708888038992882,7.32616440974037e-08,6.29152553692131e-07,360.0,153.70999338572506,10.0,1.2790020368993321e-05,5.461671037210181e-06,3.5512550578762616e-07,1.8606816911990315e-05,0.0,Canada,CAN,quebec,,,Linux-5.15.0-144-generic-x86_64-with-glibc2.35,3.14.2,3.1.0,4,AMD EPYC 9474F 48-Core Processor,1,1 x NVIDIA RTX 5000 Ada Generation,,,4,machine,N
Optimisation step #235,2026-02-21T19:54:59,energy-efficiency,09cce248-eba0-43d2-be60-1c9eec337903,0.07608273439109325,4.415143985785471e-08,5.857109653509452e-07,360.0,325.94104136043063,10.0,5.799977574497822e-06,5.252504198693941e-06,1.6099518268473923e-07,1.1213476955877072e-05,0.0,Canada,CAN,quebec,,,Linux-5.15.0-144-generic-x86_64-with-glibc2.35,3.14.2,3.1.0,4,AMD EPYC 9474F 48-Core Processor,1,1 x NVIDIA RTX 5000 Ada Generation,,,4,machine,N
Forward pass #236,2026-02-21T19:54:59,energy-efficiency,09cce248-eba0-43d2-be60-1c9eec337903,0.06597460526973009,4.363381371045189e-08,6.664081915734763e-07,360.0,234.16380328728332,10.0,6.602887529879968e-06,4.2958367707512934e-06,1.8328720600239707e-07,1.1082011506633252e-05,0.0,Canada,CAN,quebec,,,Linux-5.15.0-144-generic-x86_64-with-glibc2.35,3.14.2,3.1.0,4,AMD EPYC 9474F 48-Core Processor,1,1 x NVIDIA RTX 5000 Ada Generation,,,4,machine,N
Backward pass #236,2026-02-21T19:55:00,energy-efficiency,09cce248-eba0-43d2-be60-1c9eec337903,0.11810924671590328,7.186861160176679e-08,6.128546249780717e-07,360.0,139.17636128401955,10.0,1.2904969137162228e-05,4.9897262144327215e-06,3.5832250335564417e-07,1.8253017854951217e-05,0.0,Canada,CAN,quebec,,,Linux-5.15.0-144-generic-x86_64-with-glibc2.35,3.14.2,3.1.0,4,AMD EPYC 9474F 48-Core Processor,1,1 x NVIDIA RTX 5000 Ada Generation,,,4,machine,N
Optimisation step #236,2026-02-21T19:55:00,energy-efficiency,09cce248-eba0-43d2-be60-1c9eec337903,0.07410894334316254,4.134858757564962e-08,5.642848483018116e-07,360.0,289.7816387579294,10.0,5.7295184582471445e-06,4.613059250146989e-06,1.5903753745888241e-07,1.050161524585383e-05,0.0,Canada,CAN,quebec,,,Linux-5.15.0-144-generic-x86_64-with-glibc2.35,3.14.2,3.1.0,4,AMD EPYC 9474F 48-Core Processor,1,1 x NVIDIA RTX 5000 Ada Generation,,,4,machine,N
Forward pass #237,2026-02-21T19:55:00,energy-efficiency,09cce248-eba0-43d2-be60-1c9eec337903,0.06614868622273207,4.81489750823891e-08,7.33933345585935e-07,360.0,296.9647855700835,10.0,6.599994376302147e-06,5.4455599105551755e-06,1.832070915649335e-07,1.222876137842166e-05,0.0,Canada,CAN,quebec,,,Linux-5.15.0-144-generic-x86_64-with-glibc2.35,3.14.2,3.1.0,4,AMD EPYC 9474F 48-Core Processor,1,1 x NVIDIA RTX 5000 Ada Generation,,,4,machine,N
Backward pass #237,2026-02-21T19:55:00,energy-efficiency,09cce248-eba0-43d2-be60-1c9eec337903,0.11797635350376368,7.328123394916458e-08,6.258880136845994e-07,360.0,147.79015302559966,10.0,1.2939724698663065e-05,5.312782025868046e-06,3.5928557109502477e-07,1.8611792295624915e-05,0.0,Canada,CAN,quebec,,,Linux-5.15.0-144-generic-x86_64-with-glibc2.35,3.14.2,3.1.0,4,AMD EPYC 9474F 48-Core Processor,1,1 x NVIDIA RTX 5000 Ada Generation,,,4,machine,N
Optimisation step #237,2026-02-21T19:55:00,energy-efficiency,09cce248-eba0-43d2-be60-1c9eec337903,0.07512399088591337,2.324370477863692e-08,3.1288696195481416e-07,360.0,0.0,10.0,5.743946786969899e-06,0.0,1.5943368586400475e-07,5.90338047283534e-06,0.0,Canada,CAN,quebec,,,Linux-5.15.0-144-generic-x86_64-with-glibc2.35,3.14.2,3.1.0,4,AMD EPYC 9474F 48-Core Processor,1,1 x NVIDIA RTX 5000 Ada Generation,,,4,machine,N
Forward pass #238,2026-02-21T19:55:00,energy-efficiency,09cce248-eba0-43d2-be60-1c9eec337903,0.07906955294311047,2.6527375343471404e-08,3.3809281730477027e-07,360.0,0.0,10.0,6.5553926862776946e-06,0.0,1.8196657248256524e-07,6.737359258759609e-06,0.0,Canada,CAN,quebec,,,Linux-5.15.0-144-generic-x86_64-with-glibc2.35,3.14.2,3.1.0,4,AMD EPYC 9474F 48-Core Processor,1,1 x NVIDIA RTX 5000 Ada Generation,,,4,machine,N
Backward pass #238,2026-02-21T19:55:00,energy-efficiency,09cce248-eba0-43d2-be60-1c9eec337903,0.11772980075329542,9.284204004942714e-08,7.950177934598197e-07,360.0,348.7379875221504,10.0,1.1809942591935706e-05,1.1441953596147414e-05,3.2790279429819333e-07,2.357979898238126e-05,0.0,Canada,CAN,quebec,,,Linux-5.15.0-144-generic-x86_64-with-glibc2.35,3.14.2,3.1.0,4,AMD EPYC 9474F 48-Core Processor,1,1 x NVIDIA RTX 5000 Ada Generation,,,4,machine,N
Optimisation step #238,2026-02-21T19:55:00,energy-efficiency,09cce248-eba0-43d2-be60-1c9eec337903,0.07032410334795713,2.334296755338776e-08,3.3504494353544155e-07,360.0,0.0,10.0,5.768476240336842e-06,0.0,1.601147543018168e-07,5.928590994639174e-06,0.0,Canada,CAN,quebec,,,Linux-5.15.0-144-generic-x86_64-with-glibc2.35,3.14.2,3.1.0,4,AMD EPYC 9474F 48-Core Processor,1,1 x NVIDIA RTX 5000 Ada Generation,,,4,machine,N
Forward pass #239,2026-02-21T19:55:00,energy-efficiency,09cce248-eba0-43d2-be60-1c9eec337903,0.06601660326123238,3.771115096249251e-08,5.757529096466964e-07,360.0,150.30164909415691,10.0,6.626616790890959e-06,2.7672244407028757e-06,1.839465746242199e-07,9.577787806218027e-06,0.0,Canada,CAN,quebec,,,Linux-5.15.0-144-generic-x86_64-with-glibc2.35,3.14.2,3.1.0,4,AMD EPYC 9474F 48-Core Processor,1,1 x NVIDIA RTX 5000 Ada Generation,,,4,machine,N
Backward pass #239,2026-02-21T19:55:00,energy-efficiency,09cce248-eba0-43d2-be60-1c9eec337903,0.11739413533359766,7.310127175651503e-08,6.272989865322589e-07,360.0,150.47003241332115,10.0,1.2841468024998512e-05,5.368059845523021e-06,3.5655805841089167e-07,1.8566085928931747e-05,0.0,Canada,CAN,quebec,,,Linux-5.15.0-144-generic-x86_64-with-glibc2.35,3.14.2,3.1.0,4,AMD EPYC 9474F 48-Core Processor,1,1 x NVIDIA RTX 5000 Ada Generation,,,4,machine,N
Optimisation step #239,2026-02-21T19:55:00,energy-efficiency,09cce248-eba0-43d2-be60-1c9eec337903,0.07504742871969938,4.542028447806107e-08,6.112126267820405e-07,360.0,350.80422068793825,10.0,5.760826915502705e-06,5.615004493364495e-06,1.599036648662535e-07,1.1535735073732803e-05,0.0,Canada,CAN,quebec,,,Linux-5.15.0-144-generic-x86_64-with-glibc2.35,3.14.2,3.1.0,4,AMD EPYC 9474F 48-Core Processor,1,1 x NVIDIA RTX 5000 Ada Generation,,,4,machine,N
Forward pass #240,2026-02-21T19:55:01,energy-efficiency,09cce248-eba0-43d2-be60-1c9eec337903,0.06601640488952398,3.967454663122294e-08,6.063618885442344e-07,360.0,186.3197655085916,10.0,6.52017304673784e-06,3.375280481776599e-06,1.8099280746860266e-07,1.0076446335983286e-05,0.0,Canada,CAN,quebec,,,Linux-5.15.0-144-generic-x86_64-with-glibc2.35,3.14.2,3.1.0,4,AMD EPYC 9474F 48-Core Processor,1,1 x NVIDIA RTX 5000 Ada Generation,,,4,machine,N
Backward pass #240,2026-02-21T19:55:01,energy-efficiency,09cce248-eba0-43d2-be60-1c9eec337903,0.11724553350359201,7.362208971602109e-08,6.314179474495011e-07,360.0,153.37138207166313,10.0,1.2861253414302859e-05,5.480004382718562e-06,3.5710422994776245e-07,1.869836202696845e-05,0.0,Canada,CAN,quebec,,,Linux-5.15.0-144-generic-x86_64-with-glibc2.35,3.14.2,3.1.0,4,AMD EPYC 9474F 48-Core Processor,1,1 x NVIDIA RTX 5000 Ada Generation,,,4,machine,N
Optimisation step #240,2026-02-21T19:55:01,energy-efficiency,09cce248-eba0-43d2-be60-1c9eec337903,0.0755844870582223,4.3880344998830116e-08,5.853105552387876e-07,360.0,328.8618285488909,10.0,5.740285664797111e-06,5.245004196297032e-06,1.5933507173840453e-07,1.1144624932832303e-05,0.0,Canada,CAN,quebec,,,Linux-5.15.0-144-generic-x86_64-with-glibc2.35,3.14.2,3.1.0,4,AMD EPYC 9474F 48-Core Processor,1,1 x NVIDIA RTX 5000 Ada Generation,,,4,machine,N
Forward pass #241,2026-02-21T19:55:01,energy-efficiency,09cce248-eba0-43d2-be60-1c9eec337903,0.06607895530760288,4.35992681665904e-08,6.654211244086912e-07,360.0,239.96058394768727,10.0,6.5348953008654426e-06,4.356947929551325e-06,1.813944817210286e-07,1.10732377121385e-05,0.0,Canada,CAN,quebec,,,Linux-5.15.0-144-generic-x86_64-with-glibc2.35,3.14.2,3.1.0,4,AMD EPYC 9474F 48-Core Processor,1,1 x NVIDIA RTX 5000 Ada Generation,,,4,machine,N
Backward pass #241,2026-02-21T19:55:01,energy-efficiency,09cce248-eba0-43d2-be60-1c9eec337903,0.11717432271689177,7.204865283857553e-08,6.179834003875596e-07,360.0,144.87837787804182,10.0,1.2794055417180393e-05,5.149448565333614e-06,3.5524031457800334e-07,1.82987442970909e-05,0.0,Canada,CAN,quebec,,,Linux-5.15.0-144-generic-x86_64-with-glibc2.35,3.14.2,3.1.0,4,AMD EPYC 9474F 48-Core Processor,1,1 x NVIDIA RTX 5000 Ada Generation,,,4,machine,N
Optimisation step #241,2026-02-21T19:55:01,energy-efficiency,09cce248-eba0-43d2-be60-1c9eec337903,0.07641522120684385,4.191185811850838e-08,5.536757466923985e-07,360.0,294.97411482062284,10.0,5.762230046093587e-06,4.722503774701181e-06,1.5993952854638895e-07,1.0644673349340453e-05,0.0,Canada,CAN,quebec,,,Linux-5.15.0-144-generic-x86_64-with-glibc2.35,3.14.2,3.1.0,4,AMD EPYC 9474F 48-Core Processor,1,1 x NVIDIA RTX 5000 Ada Generation,,,4,machine,N
Forward pass #242,2026-02-21T19:55:01,energy-efficiency,09cce248-eba0-43d2-be60-1c9eec337903,0.06572088040411472,4.806304275969622e-08,7.342784227828228e-07,360.0,300.67888851688866,10.0,6.551733706146659e-06,5.473337715500293e-06,1.81865071256955e-07,1.2206936492904774e-05,0.0,Canada,CAN,quebec,,,Linux-5.15.0-144-generic-x86_64-with-glibc2.35,3.14.2,3.1.0,4,AMD EPYC 9474F 48-Core Processor,1,1 x NVIDIA RTX 5000 Ada Generation,,,4,machine,N
Backward pass #242,2026-02-21T19:55:01,energy-efficiency,09cce248-eba0-43d2-be60-1c9eec337903,0.11772152129560709,7.331099297335506e-08,6.27183965670582e-07,360.0,148.40948560153436,10.0,1.2929511535912652e-05,5.330837595352023e-06,3.5900129005312135e-07,1.8619350421317932e-05,0.0,Canada,CAN,quebec,,,Linux-5.15.0-144-generic-x86_64-with-glibc2.35,3.14.2,3.1.0,4,AMD EPYC 9474F 48-Core Processor,1,1 x NVIDIA RTX 5000 Ada Generation,,,4,machine,N
Optimisation step #242,2026-02-21T19:55:01,energy-efficiency,09cce248-eba0-43d2-be60-1c9eec337903,0.07524339202791452,2.3316629620603597e-08,3.130873987810162e-07,360.0,0.0,10.0,5.761966109275873e-06,0.0,1.5993564027465853e-07,5.921901749550776e-06,0.0,Canada,CAN,quebec,,,Linux-5.15.0-144-generic-x86_64-with-glibc2.35,3.14.2,3.1.0,4,AMD EPYC 9474F 48-Core Processor,1,1 x NVIDIA RTX 5000 Ada Generation,,,4,machine,N
Forward pass #243,2026-02-21T19:55:01,energy-efficiency,09cce248-eba0-43d2-be60-1c9eec337903,0.06619986798614264,2.6500552171674914e-08,4.042734560795478e-07,360.0,0.0,10.0,6.548760645091502e-06,0.0,1.8178612873372807e-07,6.730546773825799e-06,0.0,Canada,CAN,quebec,,,Linux-5.15.0-144-generic-x86_64-with-glibc2.35,3.14.2,3.1.0,4,AMD EPYC 9474F 48-Core Processor,1,1 x NVIDIA RTX 5000 Ada Generation,,,4,machine,N
Backward pass #243,2026-02-21T19:55:02,energy-efficiency,09cce248-eba0-43d2-be60-1c9eec337903,0.11773752048611641,9.473888077880246e-08,8.089882346953026e-07,360.0,302.43832745126707,10.0,1.2881109677255302e-05,1.0822786435937815e-05,3.5765793484946145e-07,2.406155404804239e-05,0.0,Canada,CAN,quebec,,,Linux-5.15.0-144-generic-x86_64-with-glibc2.35,3.14.2,3.1.0,4,AMD EPYC 9474F 48-Core Processor,1,1 x NVIDIA RTX 5000 Ada Generation,,,4,machine,N
Optimisation step #243,2026-02-21T19:55:02,energy-efficiency,09cce248-eba0-43d2-be60-1c9eec337903,0.07402470242232084,2.3276182913334082e-08,3.177727429023257e-07,360.0,0.0,10.0,5.751971807330808e-06,0.0,1.5965738437242506e-07,5.911629191703016e-06,0.0,Canada,CAN,quebec,,,Linux-5.15.0-144-generic-x86_64-with-glibc2.35,3.14.2,3.1.0,4,AMD EPYC 9474F 48-Core Processor,1,1 x NVIDIA RTX 5000 Ada Generation,,,4,machine,N
Forward pass #244,2026-02-21T19:55:02,energy-efficiency,09cce248-eba0-43d2-be60-1c9eec337903,0.06610737461596727,3.7898587062560316e-08,5.787924670850207e-07,360.0,153.47849746167222,10.0,6.619154661893778e-06,2.8225022568051372e-06,1.8373545931858986e-07,9.625392378018183e-06,0.0,Canada,CAN,quebec,,,Linux-5.15.0-144-generic-x86_64-with-glibc2.35,3.14.2,3.1.0,4,AMD EPYC 9474F 48-Core Processor,1,1 x NVIDIA RTX 5000 Ada Generation,,,4,machine,N
Backward pass #244,2026-02-21T19:55:02,energy-efficiency,09cce248-eba0-43d2-be60-1c9eec337903,0.11767361965030432,7.327354535185395e-08,6.259138203072371e-07,360.0,149.28769679972729,10.0,1.2901071086525613e-05,5.350559838745994e-06,3.5820863882287854e-07,1.860983956409462e-05,0.0,Canada,CAN,quebec,,,Linux-5.15.0-144-generic-x86_64-with-glibc2.35,3.14.2,3.1.0,4,AMD EPYC 9474F 48-Core Processor,1,1 x NVIDIA RTX 5000 Ada Generation,,,4,machine,N
Optimisation step #244,2026-02-21T19:55:02,energy-efficiency,09cce248-eba0-43d2-be60-1c9eec337903,0.0745641216635704,4.498455994345578e-08,6.094405304524176e-07,360.0,345.41396747306925,10.0,5.748561862856452e-06,5.51694886041787e-06,1.5956007668542472e-07,1.1425070799960316e-05,0.0,Canada,CAN,quebec,,,Linux-5.15.0-144-generic-x86_64-with-glibc2.35,3.14.2,3.1.0,4,AMD EPYC 9474F 48-Core Processor,1,1 x NVIDIA RTX 5000 Ada Generation,,,4,machine,N
Forward pass #245,2026-02-21T19:55:02,energy-efficiency,09cce248-eba0-43d2-be60-1c9eec337903,0.06599696446210146,3.964787692936205e-08,6.051955446962536e-07,360.0,178.34393801383214,10.0,6.610613502561896e-06,3.275558174919979e-06,1.8350115149384696e-07,1.0069672828976264e-05,0.0,Canada,CAN,quebec,,,Linux-5.15.0-144-generic-x86_64-with-glibc2.35,3.14.2,3.1.0,4,AMD EPYC 9474F 48-Core Processor,1,1 x NVIDIA RTX 5000 Ada Generation,,,4,machine,N
Backward pass #245,2026-02-21T19:55:02,energy-efficiency,09cce248-eba0-43d2-be60-1c9eec337903,0.11807324644178152,7.332902490223751e-08,6.254902429928912e-07,360.0,147.3861632150194,10.0,1.2958297971635627e-05,5.305837575519945e-06,3.5979458027415043e-07,1.8623930127430535e-05,0.0,Canada,CAN,quebec,,,Linux-5.15.0-144-generic-x86_64-with-glibc2.35,3.14.2,3.1.0,4,AMD EPYC 9474F 48-Core Processor,1,1 x NVIDIA RTX 5000 Ada Generation,,,4,machine,N
Optimisation step #245,2026-02-21T19:55:02,energy-efficiency,09cce248-eba0-43d2-be60-1c9eec337903,0.07253078743815422,4.357945457369891e-08,6.057659323049533e-07,360.0,319.20874752233976,10.0,5.7808003388346366e-06,5.126948547484744e-06,1.6045661694886722e-07,1.1068205503266676e-05,0.0,Canada,CAN,quebec,,,Linux-5.15.0-144-generic-x86_64-with-glibc2.35,3.14.2,3.1.0,4,AMD EPYC 9474F 48-Core Processor,1,1 x NVIDIA RTX 5000 Ada Generation,,,4,machine,N
Forward pass #246,2026-02-21T19:55:02,energy-efficiency,09cce248-eba0-43d2-be60-1c9eec337903,0.06586121208965778,4.3776433610147336e-08,6.678439417629647e-07,360.0,242.74886752068264,10.0,6.53164843097357e-06,4.405281298858199e-06,1.8130403736400097e-07,1.1118233767194036e-05,0.0,Canada,CAN,quebec,,,Linux-5.15.0-144-generic-x86_64-with-glibc2.35,3.14.2,3.1.0,4,AMD EPYC 9474F 48-Core Processor,1,1 x NVIDIA RTX 5000 Ada Generation,,,4,machine,N
Backward pass #246,2026-02-21T19:55:02,energy-efficiency,09cce248-eba0-43d2-be60-1c9eec337903,0.11718383245170116,7.243665375667255e-08,6.21620972303115e-07,360.0,144.86853635933568,10.0,1.2863182462751616e-05,5.176948590701613e-06,3.571567875850412e-07,1.8397287841039056e-05,0.0,Canada,CAN,quebec,,,Linux-5.15.0-144-generic-x86_64-with-glibc2.35,3.14.2,3.1.0,4,AMD EPYC 9474F 48-Core Processor,1,1 x NVIDIA RTX 5000 Ada Generation,,,4,machine,N
Optimisation step #246,2026-02-21T19:55:02,energy-efficiency,09cce248-eba0-43d2-be60-1c9eec337903,0.07697715889662504,4.1962865479549453e-08,5.49002595762749e-07,360.0,295.3614786976299,10.0,5.765911098569443e-06,4.731670451008085e-06,1.6004652716219417e-07,1.065762807673891e-05,0.0,Canada,CAN,quebec,,,Linux-5.15.0-144-generic-x86_64-with-glibc2.35,3.14.2,3.1.0,4,AMD EPYC 9474F 48-Core Processor,1,1 x NVIDIA RTX 5000 Ada Generation,,,4,machine,N
Forward pass #247,2026-02-21T19:55:03,energy-efficiency,09cce248-eba0-43d2-be60-1c9eec337903,0.06579392030835152,4.7926825878795204e-08,7.332717342059533e-07,360.0,300.56150555816083,10.0,6.534292362630513e-06,5.4566710296910514e-06,1.8137706340188155e-07,1.2172340455722172e-05,0.0,Canada,CAN,quebec,,,Linux-5.15.0-144-generic-x86_64-with-glibc2.35,3.14.2,3.1.0,4,AMD EPYC 9474F 48-Core Processor,1,1 x NVIDIA RTX 5000 Ada Generation,,,4,machine,N
Backward pass #247,2026-02-21T19:55:03,energy-efficiency,09cce248-eba0-43d2-be60-1c9eec337903,0.11797447502613068,7.318089314948314e-08,6.246345566922903e-07,360.0,142.73105557189763,10.0,1.3049523439258304e-05,5.174448585165692e-06,3.623359552067226e-07,1.8586307979630637e-05,0.0,Canada,CAN,quebec,,,Linux-5.15.0-144-generic-x86_64-with-glibc2.35,3.14.2,3.1.0,4,AMD EPYC 9474F 48-Core Processor,1,1 x NVIDIA RTX 5000 Ada Generation,,,4,machine,N
Optimisation step #247,2026-02-21T19:55:03,energy-efficiency,09cce248-eba0-43d2-be60-1c9eec337903,0.0733827417716384,2.3269893049007002e-08,3.1956899311167573e-07,360.0,0.0,10.0,5.750419851392914e-06,0.0,1.5961185563355147e-07,5.91003170702549e-06,0.0,Canada,CAN,quebec,,,Linux-5.15.0-144-generic-x86_64-with-glibc2.35,3.14.2,3.1.0,4,AMD EPYC 9474F 48-Core Processor,1,1 x NVIDIA RTX 5000 Ada Generation,,,4,machine,N
Forward pass #248,2026-02-21T19:55:03,energy-efficiency,09cce248-eba0-43d2-be60-1c9eec337903,0.06584483198821545,2.6401692893577482e-08,4.0273313274346224e-07,360.0,0.0,10.0,6.5243331715467145e-06,0.0,1.8110555958830948e-07,6.705438731135702e-06,0.0,Canada,CAN,quebec,,,Linux-5.15.0-144-generic-x86_64-with-glibc2.35,3.14.2,3.1.0,4,AMD EPYC 9474F 48-Core Processor,1,1 x NVIDIA RTX 5000 Ada Generation,,,4,machine,N
Backward pass #248,2026-02-21T19:55:03,energy-efficiency,09cce248-eba0-43d2-be60-1c9eec337903,0.1177405109629035,9.50775863288461e-08,8.115181997331479e-07,360.0,303.1512335194018,10.0,1.2913454324007048e-05,1.087556426071501e-05,3.5855908774666523e-07,2.4147577672469292e-05,0.0,Canada,CAN,quebec,,,Linux-5.15.0-144-generic-x86_64-with-glibc2.35,3.14.2,3.1.0,4,AMD EPYC 9474F 48-Core Processor,1,1 x NVIDIA RTX 5000 Ada Generation,,,4,machine,N
Optimisation step #248,2026-02-21T19:55:03,energy-efficiency,09cce248-eba0-43d2-be60-1c9eec337903,0.07429457549005747,2.3213225150754983e-08,3.151794241943651e-07,360.0,0.0,10.0,5.736415646970076e-06,0.0,1.5922368297146064e-07,5.895639329941971e-06,0.0,Canada,CAN,quebec,,,Linux-5.15.0-144-generic-x86_64-with-glibc2.35,3.14.2,3.1.0,4,AMD EPYC 9474F 48-Core Processor,1,1 x NVIDIA RTX 5000 Ada Generation,,,4,machine,N
Forward pass #249,2026-02-21T19:55:03,energy-efficiency,09cce248-eba0-43d2-be60-1c9eec337903,0.06623863894492388,3.795299286380848e-08,5.782527295337476e-07,360.0,155.8864362332542,10.0,6.598278414458175e-06,2.8577800605944503e-06,1.8315175806895602e-07,9.639210233121365e-06,0.0,Canada,CAN,quebec,,,Linux-5.15.0-144-generic-x86_64-with-glibc2.35,3.14.2,3.1.0,4,AMD EPYC 9474F 48-Core Processor,1,1 x NVIDIA RTX 5000 Ada Generation,,,4,machine,N
Backward pass #249,2026-02-21T19:55:03,energy-efficiency,09cce248-eba0-43d2-be60-1c9eec337903,0.11743469536304474,7.336043402539008e-08,6.279515783618021e-07,360.0,152.97626319003788,10.0,1.2825240846722936e-05,5.450559918074305e-06,3.5610657650976475e-07,1.8631907341307846e-05,0.0,Canada,CAN,quebec,,,Linux-5.15.0-144-generic-x86_64-with-glibc2.35,3.14.2,3.1.0,4,AMD EPYC 9474F 48-Core Processor,1,1 x NVIDIA RTX 5000 Ada Generation,,,4,machine,N
Optimisation step #249,2026-02-21T19:55:03,energy-efficiency,09cce248-eba0-43d2-be60-1c9eec337903,0.07550154626369476,4.540035962543362e-08,6.056142345066632e-07,360.0,351.1103570413458,10.0,5.75590590015055e-06,5.615004489811781e-06,1.5976421741974362e-07,1.1530674607381289e-05,0.0,Canada,CAN,quebec,,,Linux-5.15.0-144-generic-x86_64-with-glibc2.35,3.14.2,3.1.0,4,AMD EPYC 9474F 48-Core Processor,1,1 x NVIDIA RTX 5000 Ada Generation,,,4,machine,N
Forward pass #250,2026-02-21T19:55:03,energy-efficiency,09cce248-eba0-43d2-be60-1c9eec337903,0.06608669646084309,3.975731014179963e-08,6.061296639898179e-07,360.0,181.00248122226603,10.0,6.596850417554291e-06,3.3175026530329887e-06,1.8311334359975926e-07,1.0097466414187364e-05,0.0,Canada,CAN,quebec,,,Linux-5.15.0-144-generic-x86_64-with-glibc2.35,3.14.2,3.1.0,4,AMD EPYC 9474F 48-Core Processor,1,1 x NVIDIA RTX 5000 Ada Generation,,,4,machine,N
Backward pass #250,2026-02-21T19:55:03,energy-efficiency,09cce248-eba0-43d2-be60-1c9eec337903,0.1177941607311368,7.31801644293729e-08,6.24407749394192e-07,360.0,149.78239795989813,10.0,1.28723155707125e-05,5.356393174338336e-06,3.574141559915486e-07,1.8586122901042765e-05,0.0,Canada,CAN,quebec,,,Linux-5.15.0-144-generic-x86_64-with-glibc2.35,3.14.2,3.1.0,4,AMD EPYC 9474F 48-Core Processor,1,1 x NVIDIA RTX 5000 Ada Generation,,,4,machine,N
Optimisation step #250,2026-02-21T19:55:04,energy-efficiency,09cce248-eba0-43d2-be60-1c9eec337903,0.0741626350209117,4.3486426343411066e-08,5.923945116229944e-07,360.0,323.9022046922306,10.0,5.729433521628642e-06,5.156115239657311e-06,1.5902965484808568e-07,1.1044578416132683e-05,0.0,Canada,CAN,quebec,,,Linux-5.15.0-144-generic-x86_64-with-glibc2.35,3.14.2,3.1.0,4,AMD EPYC 9474F 48-Core Processor,1,1 x NVIDIA RTX 5000 Ada Generation,,,4,machine,N
Forward pass #251,2026-02-21T19:55:04,energy-efficiency,09cce248-eba0-43d2-be60-1c9eec337903,0.0660868352279067,4.365194414557305e-08,6.655891556110251e-07,360.0,232.82180284055738,10.0,6.620340701192669e-06,4.282503425656614e-06,1.8377210427489212e-07,1.108661623112385e-05,0.0,Canada,CAN,quebec,,,Linux-5.15.0-144-generic-x86_64-with-glibc2.35,3.14.2,3.1.0,4,AMD EPYC 9474F 48-Core Processor,1,1 x NVIDIA RTX 5000 Ada Generation,,,4,machine,N
Backward pass #251,2026-02-21T19:55:04,energy-efficiency,09cce248-eba0-43d2-be60-1c9eec337903,0.11754104681313038,7.177207648292633e-08,6.137742937042148e-07,360.0,142.1970610478215,10.0,1.281165461987279e-05,5.061115157189988e-06,3.557303196026235e-07,1.8228500096664074e-05,0.0,Canada,CAN,quebec,,,Linux-5.15.0-144-generic-x86_64-with-glibc2.35,3.14.2,3.1.0,4,AMD EPYC 9474F 48-Core Processor,1,1 x NVIDIA RTX 5000 Ada Generation,,,4,machine,N
Optimisation step #251,2026-02-21T19:55:04,energy-efficiency,09cce248-eba0-43d2-be60-1c9eec337903,0.07579021155834198,4.1615121151953325e-08,5.546871701415654e-07,360.0,290.7069828886274,10.0,5.758358165621966e-06,4.651114831943914e-06,1.598358076686636e-07,1.0569308805235059e-05,0.0,Canada,CAN,quebec,,,Linux-5.15.0-144-generic-x86_64-with-glibc2.35,3.14.2,3.1.0,4,AMD EPYC 9474F 48-Core Processor,1,1 x NVIDIA RTX 5000 Ada Generation,,,4,machine,N
Forward pass #252,2026-02-21T19:55:04,energy-efficiency,09cce248-eba0-43d2-be60-1c9eec337903,0.06622345838695765,4.825984386418213e-08,7.356642225125288e-07,360.0,299.00826531882376,10.0,6.5949564799668015e-06,5.478893271515517e-06,1.8306981461744718e-07,1.2256919566099034e-05,0.0,Canada,CAN,quebec,,,Linux-5.15.0-144-generic-x86_64-with-glibc2.35,3.14.2,3.1.0,4,AMD EPYC 9474F 48-Core Processor,1,1 x NVIDIA RTX 5000 Ada Generation,,,4,machine,N
Backward pass #252,2026-02-21T19:55:04,energy-efficiency,09cce248-eba0-43d2-be60-1c9eec337903,0.11816456634551287,7.314983451577056e-08,6.23720857176016e-07,360.0,141.764658327095,10.0,1.3068613782525433e-05,5.146948563350406e-06,3.6285743634732726e-07,1.857841978222287e-05,0.0,Canada,CAN,quebec,,,Linux-5.15.0-144-generic-x86_64-with-glibc2.35,3.14.2,3.1.0,4,AMD EPYC 9474F 48-Core Processor,1,1 x NVIDIA RTX 5000 Ada Generation,,,4,machine,N
Optimisation step #252,2026-02-21T19:55:04,energy-efficiency,09cce248-eba0-43d2-be60-1c9eec337903,0.07284899428486824,2.3485605205118398e-08,3.2592007118909676e-07,360.0,0.0,10.0,5.803722608834286e-06,0.0,1.6109515498909988e-07,5.9648177638226e-06,0.0,Canada,CAN,quebec,,,Linux-5.15.0-144-generic-x86_64-with-glibc2.35,3.14.2,3.1.0,4,AMD EPYC 9474F 48-Core Processor,1,1 x NVIDIA RTX 5000 Ada Generation,,,4,machine,N
Forward pass #253,2026-02-21T19:55:04,energy-efficiency,09cce248-eba0-43d2-be60-1c9eec337903,0.078733348287642,2.6522779303376944e-08,3.3967210492948994e-07,360.0,0.0,10.0,6.554285809397611e-06,0.0,1.8190615810452938e-07,6.7361919675029e-06,0.0,Canada,CAN,quebec,,,Linux-5.15.0-144-generic-x86_64-with-glibc2.35,3.14.2,3.1.0,4,AMD EPYC 9474F 48-Core Processor,1,1 x NVIDIA RTX 5000 Ada Generation,,,4,machine,N
Backward pass #253,2026-02-21T19:55:04,energy-efficiency,09cce248-eba0-43d2-be60-1c9eec337903,0.11795791331678629,9.288598861955885e-08,7.933579897557803e-07,360.0,349.1706927444399,10.0,1.1808373592794158e-05,1.145473138564057e-05,3.2785595653370505e-07,2.3590960934969166e-05,0.0,Canada,CAN,quebec,,,Linux-5.15.0-144-generic-x86_64-with-glibc2.35,3.14.2,3.1.0,4,AMD EPYC 9474F 48-Core Processor,1,1 x NVIDIA RTX 5000 Ada Generation,,,4,machine,N
Optimisation step #253,2026-02-21T19:55:04,energy-efficiency,09cce248-eba0-43d2-be60-1c9eec337903,0.07131855934858322,2.3295786761636796e-08,3.307115605388848e-07,360.0,0.0,10.0,5.756813939660453e-06,0.0,1.5979419048462655e-07,5.916608130145107e-06,0.0,Canada,CAN,quebec,,,Linux-5.15.0-144-generic-x86_64-with-glibc2.35,3.14.2,3.1.0,4,AMD EPYC 9474F 48-Core Processor,1,1 x NVIDIA RTX 5000 Ada Generation,,,4,machine,N
Forward pass #254,2026-02-21T19:55:04,energy-efficiency,09cce248-eba0-43d2-be60-1c9eec337903,0.06613931618630886,3.7841284379501385e-08,5.76633245895744e-07,360.0,151.3513749636719,10.0,6.6360699944199505e-06,2.7905577901776724e-06,1.8421099521218434e-07,9.610838779809672e-06,0.0,Canada,CAN,quebec,,,Linux-5.15.0-144-generic-x86_64-with-glibc2.35,3.14.2,3.1.0,4,AMD EPYC 9474F 48-Core Processor,1,1 x NVIDIA RTX 5000 Ada Generation,,,4,machine,N
Backward pass #254,2026-02-21T19:55:05,energy-efficiency,09cce248-eba0-43d2-be60-1c9eec337903,0.11812940705567598,7.340997061756449e-08,6.259512662548728e-07,360.0,148.52958021174732,10.0,1.294396687299016e-05,5.341115382861972e-06,3.594062705006816e-07,1.864448852635127e-05,0.0,Canada,CAN,quebec,,,Linux-5.15.0-144-generic-x86_64-with-glibc2.35,3.14.2,3.1.0,4,AMD EPYC 9474F 48-Core Processor,1,1 x NVIDIA RTX 5000 Ada Generation,,,4,machine,N
Optimisation step #254,2026-02-21T19:55:05,energy-efficiency,09cce248-eba0-43d2-be60-1c9eec337903,0.07353634480386972,4.500629522287137e-08,6.167355873729574e-07,360.0,339.42479557707105,10.0,5.799877736717418e-06,5.469726598761326e-06,1.609867386933835e-07,1.143059107417202e-05,0.0,Canada,CAN,quebec,,,Linux-5.15.0-144-generic-x86_64-with-glibc2.35,3.14.2,3.1.0,4,AMD EPYC 9474F 48-Core Processor,1,1 x NVIDIA RTX 5000 Ada Generation,,,4,machine,N
Forward pass #255,2026-02-21T19:55:05,energy-efficiency,09cce248-eba0-43d2-be60-1c9eec337903,0.06588004250079393,3.964460709570555e-08,6.044924289427411e-07,360.0,184.57395090806696,10.0,6.535752397030317e-06,3.3516693491719707e-06,1.8142061825428745e-07,1.0068842364456196e-05,0.0,Canada,CAN,quebec,,,Linux-5.15.0-144-generic-x86_64-with-glibc2.35,3.14.2,3.1.0,4,AMD EPYC 9474F 48-Core Processor,1,1 x NVIDIA RTX 5000 Ada Generation,,,4,machine,N
Backward pass #255,2026-02-21T19:55:05,energy-efficiency,09cce248-eba0-43d2-be60-1c9eec337903,0.11768149957060814,7.376234861259989e-08,6.299146842963305e-07,360.0,150.40749102544564,10.0,1.2959156930446823e-05,5.41500433115516e-06,3.598233840117844e-07,1.8733984645613252e-05,0.0,Canada,CAN,quebec,,,Linux-5.15.0-144-generic-x86_64-with-glibc2.35,3.14.2,3.1.0,4,AMD EPYC 9474F 48-Core Processor,1,1 x NVIDIA RTX 5000 Ada Generation,,,4,machine,N
Optimisation step #255,2026-02-21T19:55:05,energy-efficiency,09cce248-eba0-43d2-be60-1c9eec337903,0.07425037585198879,4.3699211825428417e-08,5.926046610005038e-07,360.0,323.84147740764337,10.0,5.757957883179357e-06,5.180837476359557e-06,1.5982580371201615e-07,1.109862116325036e-05,0.0,Canada,CAN,quebec,,,Linux-5.15.0-144-generic-x86_64-with-glibc2.35,3.14.2,3.1.0,4,AMD EPYC 9474F 48-Core Processor,1,1 x NVIDIA RTX 5000 Ada Generation,,,4,machine,N
Forward pass #256,2026-02-21T19:55:05,energy-efficiency,09cce248-eba0-43d2-be60-1c9eec337903,0.06584334187209606,4.3589225463931886e-08,6.653264365534594e-07,360.0,239.98025862379043,10.0,6.533222459256284e-06,4.356114594372684e-06,1.813500369381594e-07,1.1070687090568646e-05,0.0,Canada,CAN,quebec,,,Linux-5.15.0-144-generic-x86_64-with-glibc2.35,3.14.2,3.1.0,4,AMD EPYC 9474F 48-Core Processor,1,1 x NVIDIA RTX 5000 Ada Generation,,,4,machine,N
Backward pass #256,2026-02-21T19:55:05,energy-efficiency,09cce248-eba0-43d2-be60-1c9eec337903,0.11744567565619946,7.252772403653669e-08,6.219763428194984e-07,360.0,142.66849003554051,10.0,1.2934604566544432e-05,5.126670767907626e-06,3.5914231816098715e-07,1.8420417652612042e-05,0.0,Canada,CAN,quebec,,,Linux-5.15.0-144-generic-x86_64-with-glibc2.35,3.14.2,3.1.0,4,AMD EPYC 9474F 48-Core Processor,1,1 x NVIDIA RTX 5000 Ada Generation,,,4,machine,N
Optimisation step #256,2026-02-21T19:55:05,energy-efficiency,09cce248-eba0-43d2-be60-1c9eec337903,0.07571507897228003,4.178906656307458e-08,5.567692497549125e-07,360.0,292.5687905242418,10.0,5.766204092651564e-06,4.687225978017295e-06,1.6005697349707202e-07,1.0613487044166744e-05,0.0,Canada,CAN,quebec,,,Linux-5.15.0-144-generic-x86_64-with-glibc2.35,3.14.2,3.1.0,4,AMD EPYC 9474F 48-Core Processor,1,1 x NVIDIA RTX 5000 Ada Generation,,,4,machine,N
